state,zone,year,category,cases,population_lakhs,crime_rate,yoy_change_pct,is_derived
Andaman & Nicobar Islands,Southern,2016,crime_against_children,86.0,1.6,53.75,,False
Andaman & Nicobar Islands,Southern,2017,crime_against_children,119.0,1.5,79.33,38.4,False
Andaman & Nicobar Islands,Southern,2018,crime_against_children,162.0,1.4,115.71,36.1,False
Andaman & Nicobar Islands,Southern,2019,crime_against_children,153.0,1.3,117.69,-5.6,False
Andaman & Nicobar Islands,Southern,2020,crime_against_children,141.0,1.2,117.5,-7.8,False
Andaman & Nicobar Islands,Southern,2021,crime_against_children,124.0,1.1,112.73,-12.1,False
Andaman & Nicobar Islands,Southern,2022,crime_against_children,146.0,1.1,132.73,17.7,False
Andaman & Nicobar Islands,Southern,2023,crime_against_children,161.0,1.1,146.36,10.3,False
Andaman & Nicobar Islands,Southern,2024,crime_against_children,138.0,1.1,125.45,-14.3,False
Andaman & Nicobar Islands,Southern,2016,crime_against_women,108.0,1.9,56.84,,False
Andaman & Nicobar Islands,Southern,2017,crime_against_women,132.0,1.9,69.47,22.2,False
Andaman & Nicobar Islands,Southern,2018,crime_against_women,147.0,1.9,77.37,11.4,False
Andaman & Nicobar Islands,Southern,2019,crime_against_women,135.0,1.9,71.05,-8.2,False
Andaman & Nicobar Islands,Southern,2020,crime_against_women,143.0,1.9,75.26,5.9,False
Andaman & Nicobar Islands,Southern,2021,crime_against_women,169.0,1.9,88.95,18.2,False
Andaman & Nicobar Islands,Southern,2022,crime_against_women,178.0,1.9,93.68,5.3,False
Andaman & Nicobar Islands,Southern,2023,crime_against_women,205.0,1.9,107.89,15.2,False
Andaman & Nicobar Islands,Southern,2024,crime_against_women,156.0,1.9,82.11,-23.9,False
Andaman & Nicobar Islands,Southern,2016,cyber_crime,3.0,4.0,0.75,,False
Andaman & Nicobar Islands,Southern,2017,cyber_crime,3.0,4.0,0.75,0.0,False
Andaman & Nicobar Islands,Southern,2018,cyber_crime,7.0,4.0,1.75,133.3,False
Andaman & Nicobar Islands,Southern,2019,cyber_crime,2.0,4.0,0.5,-71.4,False
Andaman & Nicobar Islands,Southern,2020,cyber_crime,5.0,4.0,1.25,150.0,False
Andaman & Nicobar Islands,Southern,2021,cyber_crime,8.0,4.0,2.0,60.0,False
Andaman & Nicobar Islands,Southern,2022,cyber_crime,28.0,4.0,7.0,250.0,False
Andaman & Nicobar Islands,Southern,2023,cyber_crime,47.0,4.0,11.75,67.9,False
Andaman & Nicobar Islands,Southern,2024,cyber_crime,28.0,4.0,7.0,-40.4,False
Andaman & Nicobar Islands,Southern,2016,ipc_bns_crime,802.0,4.0,200.5,,False
Andaman & Nicobar Islands,Southern,2017,ipc_bns_crime,638.0,4.0,159.5,-20.4,False
Andaman & Nicobar Islands,Southern,2018,ipc_bns_crime,706.0,4.0,176.5,10.7,False
Andaman & Nicobar Islands,Southern,2019,ipc_bns_crime,564.0,4.0,141.0,-20.1,False
Andaman & Nicobar Islands,Southern,2020,ipc_bns_crime,482.0,4.0,120.5,-14.5,False
Andaman & Nicobar Islands,Southern,2021,ipc_bns_crime,386.0,4.0,96.5,-19.9,False
Andaman & Nicobar Islands,Southern,2022,ipc_bns_crime,460.0,4.0,115.0,19.2,False
Andaman & Nicobar Islands,Southern,2023,ipc_bns_crime,587.0,4.0,146.75,27.6,False
Andaman & Nicobar Islands,Southern,2024,ipc_bns_crime,522.0,4.0,130.5,-11.1,False
Andaman & Nicobar Islands,Southern,2016,sll_crime,1689.0,4.0,422.25,,False
Andaman & Nicobar Islands,Southern,2017,sll_crime,2376.0,4.0,594.0,40.7,False
Andaman & Nicobar Islands,Southern,2018,sll_crime,2993.0,4.0,748.25,26.0,False
Andaman & Nicobar Islands,Southern,2019,sll_crime,3470.0,4.0,867.5,15.9,False
Andaman & Nicobar Islands,Southern,2020,sll_crime,2060.0,4.0,515.0,-40.6,False
Andaman & Nicobar Islands,Southern,2021,sll_crime,946.0,4.0,236.5,-54.1,False
Andaman & Nicobar Islands,Southern,2022,sll_crime,1129.0,4.0,282.25,19.3,False
Andaman & Nicobar Islands,Southern,2023,sll_crime,1286.0,4.0,321.5,13.9,False
Andaman & Nicobar Islands,Southern,2024,sll_crime,1175.0,4.0,293.75,-8.6,False
Andaman & Nicobar Islands,Southern,2016,total_cognizable,2491.0,4.0,622.75,,True
Andaman & Nicobar Islands,Southern,2017,total_cognizable,3014.0,4.0,753.5,21.0,True
Andaman & Nicobar Islands,Southern,2018,total_cognizable,3699.0,4.0,924.75,22.7,True
Andaman & Nicobar Islands,Southern,2019,total_cognizable,4034.0,4.0,1008.5,9.1,True
Andaman & Nicobar Islands,Southern,2020,total_cognizable,2542.0,4.0,635.5,-37.0,True
Andaman & Nicobar Islands,Southern,2021,total_cognizable,1332.0,4.0,333.0,-47.6,True
Andaman & Nicobar Islands,Southern,2022,total_cognizable,1589.0,4.0,397.25,19.3,False
Andaman & Nicobar Islands,Southern,2023,total_cognizable,1873.0,4.0,468.25,17.9,False
Andaman & Nicobar Islands,Southern,2024,total_cognizable,1697.0,4.0,424.25,-9.4,False
Andaman & Nicobar Islands,Southern,2016,violent_crime,137.0,4.0,34.25,,False
Andaman & Nicobar Islands,Southern,2017,violent_crime,114.0,4.0,28.5,-16.8,False
Andaman & Nicobar Islands,Southern,2018,violent_crime,143.0,4.0,35.75,25.4,False
Andaman & Nicobar Islands,Southern,2019,violent_crime,116.0,4.0,29.0,-18.9,False
Andaman & Nicobar Islands,Southern,2020,violent_crime,63.0,4.0,15.75,-45.7,False
Andaman & Nicobar Islands,Southern,2021,violent_crime,88.0,4.0,22.0,39.7,False
Andaman & Nicobar Islands,Southern,2022,violent_crime,99.0,4.0,24.75,12.5,False
Andaman & Nicobar Islands,Southern,2023,violent_crime,122.0,4.0,30.5,23.2,False
Andaman & Nicobar Islands,Southern,2024,violent_crime,119.0,4.0,29.75,-2.5,False
Andhra Pradesh,Southern,2016,crime_against_children,1847.0,160.43,11.51,,False
Andhra Pradesh,Southern,2017,crime_against_children,2397.0,158.57,15.12,29.8,False
Andhra Pradesh,Southern,2018,crime_against_children,2672.0,156.7,17.05,11.5,False
Andhra Pradesh,Southern,2019,crime_against_children,2524.0,154.83,16.3,-5.5,False
Andhra Pradesh,Southern,2020,crime_against_children,2648.0,152.97,17.31,4.9,False
Andhra Pradesh,Southern,2021,crime_against_children,2669.0,151.1,17.66,0.8,False
Andhra Pradesh,Southern,2022,crime_against_children,3308.0,151.1,21.89,23.9,False
Andhra Pradesh,Southern,2023,crime_against_children,2844.0,151.1,18.82,-14.0,False
Andhra Pradesh,Southern,2024,crime_against_children,2633.0,151.1,17.43,-7.4,False
Andhra Pradesh,Southern,2016,crime_against_women,16362.0,257.2,63.62,,False
Andhra Pradesh,Southern,2017,crime_against_women,17909.0,258.6,69.25,9.5,False
Andhra Pradesh,Southern,2018,crime_against_women,16438.0,260.0,63.22,-8.2,False
Andhra Pradesh,Southern,2019,crime_against_women,17746.0,261.4,67.89,8.0,False
Andhra Pradesh,Southern,2020,crime_against_women,17089.0,262.8,65.03,-3.7,False
Andhra Pradesh,Southern,2021,crime_against_women,17752.0,264.2,67.19,3.9,False
Andhra Pradesh,Southern,2022,crime_against_women,25503.0,265.17,96.18,43.7,False
Andhra Pradesh,Southern,2023,crime_against_women,22418.0,266.13,84.24,-12.1,False
Andhra Pradesh,Southern,2024,crime_against_women,19952.0,267.1,74.7,-11.0,False
Andhra Pradesh,Southern,2016,cyber_crime,616.0,514.83,1.2,,False
Andhra Pradesh,Southern,2017,cyber_crime,931.0,517.57,1.8,51.1,False
Andhra Pradesh,Southern,2018,cyber_crime,1207.0,520.3,2.32,29.6,False
Andhra Pradesh,Southern,2019,cyber_crime,1886.0,523.03,3.61,56.3,False
Andhra Pradesh,Southern,2020,cyber_crime,1899.0,525.77,3.61,0.7,False
Andhra Pradesh,Southern,2021,cyber_crime,1875.0,528.5,3.55,-1.3,False
Andhra Pradesh,Southern,2022,cyber_crime,2341.0,530.33,4.41,24.9,False
Andhra Pradesh,Southern,2023,cyber_crime,2341.0,532.17,4.4,0.0,False
Andhra Pradesh,Southern,2024,cyber_crime,2528.0,534.0,4.73,8.0,False
Andhra Pradesh,Southern,2016,ipc_bns_crime,106774.0,514.83,207.4,,False
Andhra Pradesh,Southern,2017,ipc_bns_crime,132336.0,517.57,255.69,23.9,False
Andhra Pradesh,Southern,2018,ipc_bns_crime,126635.0,520.3,243.39,-4.3,False
Andhra Pradesh,Southern,2019,ipc_bns_crime,119229.0,523.03,227.96,-5.8,False
Andhra Pradesh,Southern,2020,ipc_bns_crime,188997.0,525.77,359.47,58.5,False
Andhra Pradesh,Southern,2021,ipc_bns_crime,179611.0,528.5,339.85,-5.0,False
Andhra Pradesh,Southern,2022,ipc_bns_crime,158547.0,530.33,298.96,-11.7,False
Andhra Pradesh,Southern,2023,ipc_bns_crime,153867.0,532.17,289.13,-3.0,False
Andhra Pradesh,Southern,2024,ipc_bns_crime,116076.0,534.0,217.37,-24.6,False
Andhra Pradesh,Southern,2016,sll_crime,22615.0,514.83,43.93,,False
Andhra Pradesh,Southern,2017,sll_crime,15666.0,517.57,30.27,-30.7,False
Andhra Pradesh,Southern,2018,sll_crime,18068.0,520.3,34.73,15.3,False
Andhra Pradesh,Southern,2019,sll_crime,26522.0,523.03,50.71,46.8,False
Andhra Pradesh,Southern,2020,sll_crime,49108.0,525.77,93.4,85.2,False
Andhra Pradesh,Southern,2021,sll_crime,42588.0,528.5,80.58,-13.3,False
Andhra Pradesh,Southern,2022,sll_crime,36737.0,530.33,69.27,-13.7,False
Andhra Pradesh,Southern,2023,sll_crime,30426.0,532.17,57.17,-17.2,False
Andhra Pradesh,Southern,2024,sll_crime,52712.0,534.0,98.71,73.2,False
Andhra Pradesh,Southern,2016,total_cognizable,129389.0,514.83,251.32,,True
Andhra Pradesh,Southern,2017,total_cognizable,148002.0,517.57,285.96,14.4,True
Andhra Pradesh,Southern,2018,total_cognizable,144703.0,520.3,278.11,-2.2,True
Andhra Pradesh,Southern,2019,total_cognizable,145751.0,523.03,278.67,0.7,True
Andhra Pradesh,Southern,2020,total_cognizable,238105.0,525.77,452.87,63.4,True
Andhra Pradesh,Southern,2021,total_cognizable,222199.0,528.5,420.43,-6.7,True
Andhra Pradesh,Southern,2022,total_cognizable,195284.0,530.33,368.23,-12.1,False
Andhra Pradesh,Southern,2023,total_cognizable,184293.0,532.17,346.3,-5.6,False
Andhra Pradesh,Southern,2024,total_cognizable,168788.0,534.0,316.08,-8.4,False
Andhra Pradesh,Southern,2016,violent_crime,7464.0,514.83,14.5,,False
Andhra Pradesh,Southern,2017,violent_crime,8288.0,517.57,16.01,11.0,False
Andhra Pradesh,Southern,2018,violent_crime,8211.0,520.3,15.78,-0.9,False
Andhra Pradesh,Southern,2019,violent_crime,7670.0,523.03,14.66,-6.6,False
Andhra Pradesh,Southern,2020,violent_crime,6683.0,525.77,12.71,-12.9,False
Andhra Pradesh,Southern,2021,violent_crime,7215.0,528.5,13.65,8.0,False
Andhra Pradesh,Southern,2022,violent_crime,7104.0,530.33,13.4,-1.5,False
Andhra Pradesh,Southern,2023,violent_crime,6432.0,532.17,12.09,-9.5,False
Andhra Pradesh,Southern,2024,violent_crime,27443.0,534.0,51.39,326.7,False
Arunachal Pradesh,North Eastern,2016,crime_against_children,133.0,3.9,34.1,,False
Arunachal Pradesh,North Eastern,2017,crime_against_children,138.0,4.3,32.09,3.8,False
Arunachal Pradesh,North Eastern,2018,crime_against_children,166.0,4.7,35.32,20.3,False
Arunachal Pradesh,North Eastern,2019,crime_against_children,153.0,5.1,30.0,-7.8,False
Arunachal Pradesh,North Eastern,2020,crime_against_children,113.0,5.5,20.55,-26.1,False
Arunachal Pradesh,North Eastern,2021,crime_against_children,162.0,5.9,27.46,43.4,False
Arunachal Pradesh,North Eastern,2022,crime_against_children,143.0,5.9,24.24,-11.7,False
Arunachal Pradesh,North Eastern,2023,crime_against_children,176.0,5.9,29.83,23.1,False
Arunachal Pradesh,North Eastern,2024,crime_against_children,152.0,5.9,25.76,-13.6,False
Arunachal Pradesh,North Eastern,2016,crime_against_women,367.0,7.0,52.43,,False
Arunachal Pradesh,North Eastern,2017,crime_against_women,337.0,7.1,47.46,-8.2,False
Arunachal Pradesh,North Eastern,2018,crime_against_women,368.0,7.2,51.11,9.2,False
Arunachal Pradesh,North Eastern,2019,crime_against_women,317.0,7.3,43.42,-13.9,False
Arunachal Pradesh,North Eastern,2020,crime_against_women,281.0,7.4,37.97,-11.4,False
Arunachal Pradesh,North Eastern,2021,crime_against_women,366.0,7.5,48.8,30.2,False
Arunachal Pradesh,North Eastern,2022,crime_against_women,335.0,7.57,44.25,-8.5,False
Arunachal Pradesh,North Eastern,2023,crime_against_women,326.0,7.63,42.73,-2.7,False
Arunachal Pradesh,North Eastern,2024,crime_against_women,321.0,7.7,41.69,-1.5,False
Arunachal Pradesh,North Eastern,2016,cyber_crime,4.0,14.57,0.27,,False
Arunachal Pradesh,North Eastern,2017,cyber_crime,1.0,14.73,0.07,-75.0,False
Arunachal Pradesh,North Eastern,2018,cyber_crime,7.0,14.9,0.47,600.0,False
Arunachal Pradesh,North Eastern,2019,cyber_crime,8.0,15.07,0.53,14.3,False
Arunachal Pradesh,North Eastern,2020,cyber_crime,30.0,15.23,1.97,275.0,False
Arunachal Pradesh,North Eastern,2021,cyber_crime,47.0,15.4,3.05,56.7,False
Arunachal Pradesh,North Eastern,2022,cyber_crime,14.0,15.53,0.9,-70.2,False
Arunachal Pradesh,North Eastern,2023,cyber_crime,24.0,15.67,1.53,71.4,False
Arunachal Pradesh,North Eastern,2024,cyber_crime,78.0,15.8,4.94,225.0,False
Arunachal Pradesh,North Eastern,2016,ipc_bns_crime,2534.0,14.57,173.92,,False
Arunachal Pradesh,North Eastern,2017,ipc_bns_crime,2565.0,14.73,174.13,1.2,False
Arunachal Pradesh,North Eastern,2018,ipc_bns_crime,2613.0,14.9,175.37,1.9,False
Arunachal Pradesh,North Eastern,2019,ipc_bns_crime,2590.0,15.07,171.86,-0.9,False
Arunachal Pradesh,North Eastern,2020,ipc_bns_crime,2244.0,15.23,147.34,-13.4,False
Arunachal Pradesh,North Eastern,2021,ipc_bns_crime,2626.0,15.4,170.52,17.0,False
Arunachal Pradesh,North Eastern,2022,ipc_bns_crime,2308.0,15.53,148.62,-12.1,False
Arunachal Pradesh,North Eastern,2023,ipc_bns_crime,2505.0,15.67,159.86,8.5,False
Arunachal Pradesh,North Eastern,2024,ipc_bns_crime,2479.0,15.8,156.9,-1.0,False
Arunachal Pradesh,North Eastern,2016,sll_crime,166.0,14.57,11.39,,False
Arunachal Pradesh,North Eastern,2017,sll_crime,181.0,14.73,12.29,9.0,False
Arunachal Pradesh,North Eastern,2018,sll_crime,204.0,14.9,13.69,12.7,False
Arunachal Pradesh,North Eastern,2019,sll_crime,287.0,15.07,19.04,40.7,False
Arunachal Pradesh,North Eastern,2020,sll_crime,259.0,15.23,17.01,-9.8,False
Arunachal Pradesh,North Eastern,2021,sll_crime,413.0,15.4,26.82,59.5,False
Arunachal Pradesh,North Eastern,2022,sll_crime,453.0,15.53,29.17,9.7,False
Arunachal Pradesh,North Eastern,2023,sll_crime,436.0,15.67,27.82,-3.8,False
Arunachal Pradesh,North Eastern,2024,sll_crime,431.0,15.8,27.28,-1.1,False
Arunachal Pradesh,North Eastern,2016,total_cognizable,2700.0,14.57,185.31,,True
Arunachal Pradesh,North Eastern,2017,total_cognizable,2746.0,14.73,186.42,1.7,True
Arunachal Pradesh,North Eastern,2018,total_cognizable,2817.0,14.9,189.06,2.6,True
Arunachal Pradesh,North Eastern,2019,total_cognizable,2877.0,15.07,190.91,2.1,True
Arunachal Pradesh,North Eastern,2020,total_cognizable,2503.0,15.23,164.35,-13.0,True
Arunachal Pradesh,North Eastern,2021,total_cognizable,3039.0,15.4,197.34,21.4,True
Arunachal Pradesh,North Eastern,2022,total_cognizable,2761.0,15.53,177.78,-9.1,False
Arunachal Pradesh,North Eastern,2023,total_cognizable,2941.0,15.67,187.68,6.5,False
Arunachal Pradesh,North Eastern,2024,total_cognizable,2910.0,15.8,184.18,-1.1,False
Arunachal Pradesh,North Eastern,2016,violent_crime,665.0,14.57,45.64,,False
Arunachal Pradesh,North Eastern,2017,violent_crime,639.0,14.73,43.38,-3.9,False
Arunachal Pradesh,North Eastern,2018,violent_crime,622.0,14.9,41.74,-2.7,False
Arunachal Pradesh,North Eastern,2019,violent_crime,678.0,15.07,44.99,9.0,False
Arunachal Pradesh,North Eastern,2020,violent_crime,414.0,15.23,27.18,-38.9,False
Arunachal Pradesh,North Eastern,2021,violent_crime,492.0,15.4,31.95,18.8,False
Arunachal Pradesh,North Eastern,2022,violent_crime,440.0,15.53,28.33,-10.6,False
Arunachal Pradesh,North Eastern,2023,violent_crime,454.0,15.67,28.97,3.2,False
Arunachal Pradesh,North Eastern,2024,violent_crime,508.0,15.8,32.15,11.9,False
Assam,North Eastern,2016,crime_against_children,3964.0,117.63,33.7,,False
Assam,North Eastern,2017,crime_against_children,4951.0,118.27,41.86,24.9,False
Assam,North Eastern,2018,crime_against_children,5447.0,118.9,45.81,10.0,False
Assam,North Eastern,2019,crime_against_children,6608.0,119.53,55.28,21.3,False
Assam,North Eastern,2020,crime_against_children,4622.0,120.17,38.46,-30.1,False
Assam,North Eastern,2021,crime_against_children,5282.0,120.8,43.73,14.3,False
Assam,North Eastern,2022,crime_against_children,4084.0,120.8,33.81,-22.7,False
Assam,North Eastern,2023,crime_against_children,10174.0,120.8,84.22,149.1,False
Assam,North Eastern,2024,crime_against_children,5871.0,120.8,48.6,-42.3,False
Assam,North Eastern,2016,crime_against_women,20869.0,163.27,127.82,,False
Assam,North Eastern,2017,crime_against_women,23082.0,165.13,139.78,10.6,False
Assam,North Eastern,2018,crime_against_women,27728.0,167.0,166.04,20.1,False
Assam,North Eastern,2019,crime_against_women,30025.0,168.87,177.8,8.3,False
Assam,North Eastern,2020,crime_against_women,26352.0,170.73,154.35,-12.2,False
Assam,North Eastern,2021,crime_against_women,29046.0,172.6,168.29,10.2,False
Assam,North Eastern,2022,crime_against_women,14148.0,174.3,81.17,-51.3,False
Assam,North Eastern,2023,crime_against_women,12070.0,176.0,68.58,-14.7,False
Assam,North Eastern,2024,crime_against_women,10546.0,177.7,59.35,-12.6,False
Assam,North Eastern,2016,cyber_crime,696.0,332.93,2.09,,False
Assam,North Eastern,2017,cyber_crime,1120.0,336.67,3.33,60.9,False
Assam,North Eastern,2018,cyber_crime,2022.0,340.4,5.94,80.5,False
Assam,North Eastern,2019,cyber_crime,2231.0,344.13,6.48,10.3,False
Assam,North Eastern,2020,cyber_crime,3530.0,347.87,10.15,58.2,False
Assam,North Eastern,2021,cyber_crime,4846.0,351.6,13.78,37.3,False
Assam,North Eastern,2022,cyber_crime,1733.0,354.93,4.88,-64.2,False
Assam,North Eastern,2023,cyber_crime,909.0,358.27,2.54,-47.5,False
Assam,North Eastern,2024,cyber_crime,408.0,361.6,1.13,-55.1,False
Assam,North Eastern,2016,ipc_bns_crime,102250.0,332.93,307.12,,False
Assam,North Eastern,2017,ipc_bns_crime,104324.0,336.67,309.87,2.0,False
Assam,North Eastern,2018,ipc_bns_crime,112232.0,340.4,329.71,7.6,False
Assam,North Eastern,2019,ipc_bns_crime,123512.0,344.13,358.91,10.1,False
Assam,North Eastern,2020,ipc_bns_crime,111558.0,347.87,320.69,-9.7,False
Assam,North Eastern,2021,ipc_bns_crime,119883.0,351.6,340.96,7.5,False
Assam,North Eastern,2022,ipc_bns_crime,59315.0,354.93,167.12,-50.5,False
Assam,North Eastern,2023,ipc_bns_crime,49884.0,358.27,139.24,-15.9,False
Assam,North Eastern,2024,ipc_bns_crime,39816.0,361.6,110.11,-20.2,False
Assam,North Eastern,2016,sll_crime,4764.0,332.93,14.31,,False
Assam,North Eastern,2017,sll_crime,5628.0,336.67,16.72,18.1,False
Assam,North Eastern,2018,sll_crime,8340.0,340.4,24.5,48.2,False
Assam,North Eastern,2019,sll_crime,9271.0,344.13,26.94,11.2,False
Assam,North Eastern,2020,sll_crime,10051.0,347.87,28.89,8.4,False
Assam,North Eastern,2021,sll_crime,13356.0,351.6,37.99,32.9,False
Assam,North Eastern,2022,sll_crime,9622.0,354.93,27.11,-28.0,False
Assam,North Eastern,2023,sll_crime,15075.0,358.27,42.08,56.7,False
Assam,North Eastern,2024,sll_crime,9736.0,361.6,26.92,-35.4,False
Assam,North Eastern,2016,total_cognizable,107014.0,332.93,321.43,,True
Assam,North Eastern,2017,total_cognizable,109952.0,336.67,326.59,2.7,True
Assam,North Eastern,2018,total_cognizable,120572.0,340.4,354.21,9.7,True
Assam,North Eastern,2019,total_cognizable,132783.0,344.13,385.85,10.1,True
Assam,North Eastern,2020,total_cognizable,121609.0,347.87,349.58,-8.4,True
Assam,North Eastern,2021,total_cognizable,133239.0,351.6,378.95,9.6,True
Assam,North Eastern,2022,total_cognizable,68937.0,354.93,194.23,-48.3,False
Assam,North Eastern,2023,total_cognizable,64959.0,358.27,181.31,-5.8,False
Assam,North Eastern,2024,total_cognizable,49552.0,361.6,137.04,-23.7,False
Assam,North Eastern,2016,violent_crime,24165.0,332.93,72.58,,False
Assam,North Eastern,2017,violent_crime,25875.0,336.67,76.86,7.1,False
Assam,North Eastern,2018,violent_crime,29417.0,340.4,86.42,13.7,False
Assam,North Eastern,2019,violent_crime,28696.0,344.13,83.39,-2.5,False
Assam,North Eastern,2020,violent_crime,25629.0,347.87,73.67,-10.7,False
Assam,North Eastern,2021,violent_crime,26933.0,351.6,76.6,5.1,False
Assam,North Eastern,2022,violent_crime,14314.0,354.93,40.33,-46.9,False
Assam,North Eastern,2023,violent_crime,11552.0,358.27,32.24,-19.3,False
Assam,North Eastern,2024,violent_crime,9556.0,361.6,26.43,-17.3,False
Bihar,Eastern,2016,crime_against_children,3932.0,429.67,9.15,,False
Bihar,Eastern,2017,crime_against_children,5386.0,438.73,12.28,37.0,False
Bihar,Eastern,2018,crime_against_children,7340.0,447.8,16.39,36.3,False
Bihar,Eastern,2019,crime_against_children,9320.0,456.87,20.4,27.0,False
Bihar,Eastern,2020,crime_against_children,6591.0,465.93,14.15,-29.3,False
Bihar,Eastern,2021,crime_against_children,6894.0,475.0,14.51,4.6,False
Bihar,Eastern,2022,crime_against_children,8122.0,475.0,17.1,17.8,False
Bihar,Eastern,2023,crime_against_children,9906.0,475.0,20.85,22.0,False
Bihar,Eastern,2024,crime_against_children,13349.0,475.0,28.1,34.8,False
Bihar,Eastern,2016,crime_against_women,13400.0,549.87,24.37,,False
Bihar,Eastern,2017,crime_against_women,14711.0,558.63,26.33,9.8,False
Bihar,Eastern,2018,crime_against_women,16920.0,567.4,29.82,15.0,False
Bihar,Eastern,2019,crime_against_women,18587.0,576.17,32.26,9.9,False
Bihar,Eastern,2020,crime_against_women,15359.0,584.93,26.26,-17.4,False
Bihar,Eastern,2021,crime_against_women,17950.0,593.7,30.23,16.9,False
Bihar,Eastern,2022,crime_against_women,20222.0,602.8,33.55,12.7,False
Bihar,Eastern,2023,crime_against_women,22952.0,611.9,37.51,13.5,False
Bihar,Eastern,2024,crime_against_women,27359.0,621.0,44.06,19.2,False
Bihar,Eastern,2016,cyber_crime,309.0,1147.5,0.27,,False
Bihar,Eastern,2017,cyber_crime,433.0,1165.4,0.37,40.1,False
Bihar,Eastern,2018,cyber_crime,374.0,1183.3,0.32,-13.6,False
Bihar,Eastern,2019,cyber_crime,1050.0,1201.2,0.87,180.7,False
Bihar,Eastern,2020,cyber_crime,1512.0,1219.1,1.24,44.0,False
Bihar,Eastern,2021,cyber_crime,1413.0,1237.0,1.14,-6.5,False
Bihar,Eastern,2022,cyber_crime,1621.0,1255.37,1.29,14.7,False
Bihar,Eastern,2023,cyber_crime,4450.0,1273.73,3.49,174.5,False
Bihar,Eastern,2024,cyber_crime,6380.0,1292.1,4.94,43.4,False
Bihar,Eastern,2016,ipc_bns_crime,164163.0,1147.5,143.06,,False
Bihar,Eastern,2017,ipc_bns_crime,180573.0,1165.4,154.95,10.0,False
Bihar,Eastern,2018,ipc_bns_crime,196911.0,1183.3,166.41,9.0,False
Bihar,Eastern,2019,ipc_bns_crime,197935.0,1201.2,164.78,0.5,False
Bihar,Eastern,2020,ipc_bns_crime,194698.0,1219.1,159.71,-1.6,False
Bihar,Eastern,2021,ipc_bns_crime,186006.0,1237.0,150.37,-4.5,False
Bihar,Eastern,2022,ipc_bns_crime,211079.0,1255.37,168.14,13.5,False
Bihar,Eastern,2023,ipc_bns_crime,231627.0,1273.73,181.85,9.7,False
Bihar,Eastern,2024,ipc_bns_crime,238753.0,1292.1,184.78,3.1,False
Bihar,Eastern,2016,sll_crime,25533.0,1147.5,22.25,,False
Bihar,Eastern,2017,sll_crime,55482.0,1165.4,47.61,117.3,False
Bihar,Eastern,2018,sll_crime,65904.0,1183.3,55.7,18.8,False
Bihar,Eastern,2019,sll_crime,71174.0,1201.2,59.25,8.0,False
Bihar,Eastern,2020,sll_crime,62814.0,1219.1,51.52,-11.7,False
Bihar,Eastern,2021,sll_crime,96077.0,1237.0,77.67,53.0,False
Bihar,Eastern,2022,sll_crime,136756.0,1255.37,108.94,42.3,False
Bihar,Eastern,2023,sll_crime,121875.0,1273.73,95.68,-10.9,False
Bihar,Eastern,2024,sll_crime,113402.0,1292.1,87.77,-7.0,False
Bihar,Eastern,2016,total_cognizable,189696.0,1147.5,165.31,,True
Bihar,Eastern,2017,total_cognizable,236055.0,1165.4,202.55,24.4,True
Bihar,Eastern,2018,total_cognizable,262815.0,1183.3,222.1,11.3,True
Bihar,Eastern,2019,total_cognizable,269109.0,1201.2,224.03,2.4,True
Bihar,Eastern,2020,total_cognizable,257512.0,1219.1,211.23,-4.3,True
Bihar,Eastern,2021,total_cognizable,282083.0,1237.0,228.04,9.5,True
Bihar,Eastern,2022,total_cognizable,347835.0,1255.37,277.08,23.3,False
Bihar,Eastern,2023,total_cognizable,353502.0,1273.73,277.53,1.6,False
Bihar,Eastern,2024,total_cognizable,352155.0,1292.1,272.54,-0.4,False
Bihar,Eastern,2016,violent_crime,46621.0,1147.5,40.63,,False
Bihar,Eastern,2017,violent_crime,50700.0,1165.4,43.5,8.7,False
Bihar,Eastern,2018,violent_crime,44407.0,1183.3,37.53,-12.4,False
Bihar,Eastern,2019,violent_crime,45004.0,1201.2,37.47,1.3,False
Bihar,Eastern,2020,violent_crime,51116.0,1219.1,41.93,13.6,False
Bihar,Eastern,2021,violent_crime,43780.0,1237.0,35.39,-14.4,False
Bihar,Eastern,2022,violent_crime,49610.0,1255.37,39.52,13.3,False
Bihar,Eastern,2023,violent_crime,52165.0,1273.73,40.95,5.2,False
Bihar,Eastern,2024,violent_crime,107303.0,1292.1,83.05,105.7,False
Chandigarh,Northern,2016,crime_against_children,222.0,4.53,49.01,,False
Chandigarh,Northern,2017,crime_against_children,275.0,4.27,64.4,23.9,False
Chandigarh,Northern,2018,crime_against_children,288.0,4.0,72.0,4.7,False
Chandigarh,Northern,2019,crime_against_children,264.0,3.73,70.78,-8.3,False
Chandigarh,Northern,2020,crime_against_children,209.0,3.47,60.23,-20.8,False
Chandigarh,Northern,2021,crime_against_children,234.0,3.2,73.12,12.0,False
Chandigarh,Northern,2022,crime_against_children,224.0,3.2,70.0,-4.3,False
Chandigarh,Northern,2023,crime_against_children,294.0,3.2,91.88,31.2,False
Chandigarh,Northern,2024,crime_against_children,255.0,3.2,79.69,-13.3,False
Chandigarh,Northern,2016,crime_against_women,414.0,5.1,81.18,,False
Chandigarh,Northern,2017,crime_against_women,453.0,5.2,87.12,9.4,False
Chandigarh,Northern,2018,crime_against_women,442.0,5.3,83.4,-2.4,False
Chandigarh,Northern,2019,crime_against_women,515.0,5.4,95.37,16.5,False
Chandigarh,Northern,2020,crime_against_women,301.0,5.5,54.73,-41.6,False
Chandigarh,Northern,2021,crime_against_women,343.0,5.6,61.25,14.0,False
Chandigarh,Northern,2022,crime_against_women,325.0,5.67,57.32,-5.2,False
Chandigarh,Northern,2023,crime_against_women,371.0,5.73,64.75,14.2,False
Chandigarh,Northern,2024,crime_against_women,452.0,5.8,77.93,21.8,False
Chandigarh,Northern,2016,cyber_crime,26.0,11.43,2.27,,False
Chandigarh,Northern,2017,cyber_crime,32.0,11.57,2.77,23.1,False
Chandigarh,Northern,2018,cyber_crime,30.0,11.7,2.56,-6.2,False
Chandigarh,Northern,2019,cyber_crime,23.0,11.83,1.94,-23.3,False
Chandigarh,Northern,2020,cyber_crime,17.0,11.97,1.42,-26.1,False
Chandigarh,Northern,2021,cyber_crime,15.0,12.1,1.24,-11.8,False
Chandigarh,Northern,2022,cyber_crime,27.0,12.23,2.21,80.0,False
Chandigarh,Northern,2023,cyber_crime,23.0,12.37,1.86,-14.8,False
Chandigarh,Northern,2024,cyber_crime,116.0,12.5,9.28,404.3,False
Chandigarh,Northern,2016,ipc_bns_crime,2996.0,11.43,262.12,,False
Chandigarh,Northern,2017,ipc_bns_crime,3240.0,11.57,280.03,8.1,False
Chandigarh,Northern,2018,ipc_bns_crime,3072.0,11.7,262.56,-5.2,False
Chandigarh,Northern,2019,ipc_bns_crime,2819.0,11.83,238.29,-8.2,False
Chandigarh,Northern,2020,ipc_bns_crime,2583.0,11.97,215.79,-8.4,False
Chandigarh,Northern,2021,ipc_bns_crime,2401.0,12.1,198.43,-7.0,False
Chandigarh,Northern,2022,ipc_bns_crime,2941.0,12.23,240.47,22.5,False
Chandigarh,Northern,2023,ipc_bns_crime,3285.0,12.37,265.56,11.7,False
Chandigarh,Northern,2024,ipc_bns_crime,3621.0,12.5,289.68,10.2,False
Chandigarh,Northern,2016,sll_crime,1260.0,11.43,110.24,,False
Chandigarh,Northern,2017,sll_crime,2222.0,11.57,192.05,76.3,False
Chandigarh,Northern,2018,sll_crime,2895.0,11.7,247.44,30.3,False
Chandigarh,Northern,2019,sll_crime,1699.0,11.83,143.62,-41.3,False
Chandigarh,Northern,2020,sll_crime,671.0,11.97,56.06,-60.5,False
Chandigarh,Northern,2021,sll_crime,594.0,12.1,49.09,-11.5,False
Chandigarh,Northern,2022,sll_crime,717.0,12.23,58.63,20.7,False
Chandigarh,Northern,2023,sll_crime,900.0,12.37,72.76,25.5,False
Chandigarh,Northern,2024,sll_crime,448.0,12.5,35.84,-50.2,False
Chandigarh,Northern,2016,total_cognizable,4256.0,11.43,372.35,,True
Chandigarh,Northern,2017,total_cognizable,5462.0,11.57,472.08,28.3,True
Chandigarh,Northern,2018,total_cognizable,5967.0,11.7,510.0,9.2,True
Chandigarh,Northern,2019,total_cognizable,4518.0,11.83,381.91,-24.3,True
Chandigarh,Northern,2020,total_cognizable,3254.0,11.97,271.85,-28.0,True
Chandigarh,Northern,2021,total_cognizable,2995.0,12.1,247.52,-8.0,True
Chandigarh,Northern,2022,total_cognizable,3658.0,12.23,299.1,22.1,False
Chandigarh,Northern,2023,total_cognizable,4185.0,12.37,338.32,14.4,False
Chandigarh,Northern,2024,total_cognizable,4069.0,12.5,325.52,-2.8,False
Chandigarh,Northern,2016,violent_crime,481.0,11.43,42.08,,False
Chandigarh,Northern,2017,violent_crime,480.0,11.57,41.49,-0.2,False
Chandigarh,Northern,2018,violent_crime,537.0,11.7,45.9,11.9,False
Chandigarh,Northern,2019,violent_crime,473.0,11.83,39.98,-11.9,False
Chandigarh,Northern,2020,violent_crime,332.0,11.97,27.74,-29.8,False
Chandigarh,Northern,2021,violent_crime,362.0,12.1,29.92,9.0,False
Chandigarh,Northern,2022,violent_crime,344.0,12.23,28.13,-5.0,False
Chandigarh,Northern,2023,violent_crime,385.0,12.37,31.12,11.9,False
Chandigarh,Northern,2024,violent_crime,534.0,12.5,42.72,38.7,False
Chhattisgarh,Central,2016,crime_against_children,4746.0,102.5,46.3,,False
Chhattisgarh,Central,2017,crime_against_children,6518.0,101.5,64.22,37.3,False
Chhattisgarh,Central,2018,crime_against_children,6924.0,100.5,68.9,6.2,False
Chhattisgarh,Central,2019,crime_against_children,5665.0,99.5,56.93,-18.2,False
Chhattisgarh,Central,2020,crime_against_children,5056.0,98.5,51.33,-10.8,False
Chhattisgarh,Central,2021,crime_against_children,6001.0,97.5,61.55,18.7,False
Chhattisgarh,Central,2022,crime_against_children,6177.0,97.5,63.35,2.9,False
Chhattisgarh,Central,2023,crime_against_children,5904.0,97.5,60.55,-4.4,False
Chhattisgarh,Central,2024,crime_against_children,6964.0,97.5,71.43,18.0,False
Chhattisgarh,Central,2016,crime_against_women,5947.0,138.1,43.06,,False
Chhattisgarh,Central,2017,crime_against_women,7996.0,140.0,57.11,34.5,False
Chhattisgarh,Central,2018,crime_against_women,8587.0,141.9,60.51,7.4,False
Chhattisgarh,Central,2019,crime_against_women,7689.0,143.8,53.47,-10.5,False
Chhattisgarh,Central,2020,crime_against_women,7385.0,145.7,50.69,-4.0,False
Chhattisgarh,Central,2021,crime_against_women,7344.0,147.6,49.76,-0.6,False
Chhattisgarh,Central,2022,crime_against_women,8693.0,149.3,58.23,18.4,False
Chhattisgarh,Central,2023,crime_against_women,8035.0,151.0,53.21,-7.6,False
Chhattisgarh,Central,2024,crime_against_women,8601.0,152.7,56.33,7.0,False
Chhattisgarh,Central,2016,cyber_crime,90.0,277.1,0.32,,False
Chhattisgarh,Central,2017,cyber_crime,171.0,280.9,0.61,90.0,False
Chhattisgarh,Central,2018,cyber_crime,139.0,284.7,0.49,-18.7,False
Chhattisgarh,Central,2019,cyber_crime,175.0,288.5,0.61,25.9,False
Chhattisgarh,Central,2020,cyber_crime,297.0,292.3,1.02,69.7,False
Chhattisgarh,Central,2021,cyber_crime,352.0,296.1,1.19,18.5,False
Chhattisgarh,Central,2022,cyber_crime,439.0,299.53,1.47,24.7,False
Chhattisgarh,Central,2023,cyber_crime,473.0,302.97,1.56,7.7,False
Chhattisgarh,Central,2024,cyber_crime,660.0,306.4,2.15,39.5,False
Chhattisgarh,Central,2016,ipc_bns_crime,55029.0,277.1,198.59,,False
Chhattisgarh,Central,2017,ipc_bns_crime,58481.0,280.9,208.19,6.3,False
Chhattisgarh,Central,2018,ipc_bns_crime,60178.0,284.7,211.37,2.9,False
Chhattisgarh,Central,2019,ipc_bns_crime,61256.0,288.5,212.33,1.8,False
Chhattisgarh,Central,2020,ipc_bns_crime,65216.0,292.3,223.11,6.5,False
Chhattisgarh,Central,2021,ipc_bns_crime,70519.0,296.1,238.16,8.1,False
Chhattisgarh,Central,2022,ipc_bns_crime,73822.0,299.53,246.46,4.7,False
Chhattisgarh,Central,2023,ipc_bns_crime,67961.0,302.97,224.32,-7.9,False
Chhattisgarh,Central,2024,ipc_bns_crime,72410.0,306.4,236.33,6.5,False
Chhattisgarh,Central,2016,sll_crime,29163.0,277.1,105.24,,False
Chhattisgarh,Central,2017,sll_crime,32035.0,280.9,114.04,9.8,False
Chhattisgarh,Central,2018,sll_crime,38055.0,284.7,133.67,18.8,False
Chhattisgarh,Central,2019,sll_crime,35305.0,288.5,122.37,-7.2,False
Chhattisgarh,Central,2020,sll_crime,37957.0,292.3,129.86,7.5,False
Chhattisgarh,Central,2021,sll_crime,40114.0,296.1,135.47,5.7,False
Chhattisgarh,Central,2022,sll_crime,47243.0,299.53,157.72,17.8,False
Chhattisgarh,Central,2023,sll_crime,47532.0,302.97,156.89,0.6,False
Chhattisgarh,Central,2024,sll_crime,42248.0,306.4,137.89,-11.1,False
Chhattisgarh,Central,2016,total_cognizable,84192.0,277.1,303.83,,True
Chhattisgarh,Central,2017,total_cognizable,90516.0,280.9,322.24,7.5,True
Chhattisgarh,Central,2018,total_cognizable,98233.0,284.7,345.04,8.5,True
Chhattisgarh,Central,2019,total_cognizable,96561.0,288.5,334.7,-1.7,True
Chhattisgarh,Central,2020,total_cognizable,103173.0,292.3,352.97,6.8,True
Chhattisgarh,Central,2021,total_cognizable,110633.0,296.1,373.63,7.2,True
Chhattisgarh,Central,2022,total_cognizable,121065.0,299.53,404.18,9.4,False
Chhattisgarh,Central,2023,total_cognizable,115493.0,302.97,381.2,-4.6,False
Chhattisgarh,Central,2024,total_cognizable,114658.0,306.4,374.21,-0.7,False
Chhattisgarh,Central,2016,violent_crime,7723.0,277.1,27.87,,False
Chhattisgarh,Central,2017,violent_crime,8501.0,280.9,30.26,10.1,False
Chhattisgarh,Central,2018,violent_crime,8669.0,284.7,30.45,2.0,False
Chhattisgarh,Central,2019,violent_crime,7823.0,288.5,27.12,-9.8,False
Chhattisgarh,Central,2020,violent_crime,8033.0,292.3,27.48,2.7,False
Chhattisgarh,Central,2021,violent_crime,8458.0,296.1,28.56,5.3,False
Chhattisgarh,Central,2022,violent_crime,8848.0,299.53,29.54,4.6,False
Chhattisgarh,Central,2023,violent_crime,8602.0,302.97,28.39,-2.8,False
Chhattisgarh,Central,2024,violent_crime,16715.0,306.4,54.55,94.3,False
DNH & Daman & Diu,Western,2016,crime_against_children,52.0,2.4,21.67,,False
DNH & Daman & Diu,Western,2017,crime_against_children,55.0,2.3,23.91,5.8,False
DNH & Daman & Diu,Western,2018,crime_against_children,72.0,2.2,32.73,30.9,False
DNH & Daman & Diu,Western,2019,crime_against_children,96.0,2.1,45.71,33.3,False
DNH & Daman & Diu,Western,2020,crime_against_children,67.0,2.0,33.5,-30.2,False
DNH & Daman & Diu,Western,2021,crime_against_children,104.0,1.9,54.74,55.2,False
DNH & Daman & Diu,Western,2022,crime_against_children,107.0,1.9,56.32,2.9,False
DNH & Daman & Diu,Western,2023,crime_against_children,123.0,1.9,64.74,15.0,False
DNH & Daman & Diu,Western,2024,crime_against_children,84.0,1.9,44.21,-31.7,False
DNH & Daman & Diu,Western,2016,crime_against_women,69.0,3.23,21.36,,False
DNH & Daman & Diu,Western,2017,crime_against_women,46.0,3.37,13.65,-33.3,False
DNH & Daman & Diu,Western,2018,crime_against_women,54.0,3.5,15.43,17.4,False
DNH & Daman & Diu,Western,2019,crime_against_women,82.0,3.63,22.59,51.9,False
DNH & Daman & Diu,Western,2020,crime_against_women,61.0,3.77,16.18,-25.6,False
DNH & Daman & Diu,Western,2021,crime_against_women,99.0,3.9,25.38,62.3,False
DNH & Daman & Diu,Western,2022,crime_against_women,126.0,4.13,30.51,27.3,False
DNH & Daman & Diu,Western,2023,crime_against_women,124.0,4.37,28.38,-1.6,False
DNH & Daman & Diu,Western,2024,crime_against_women,86.0,4.6,18.7,-30.6,False
DNH & Daman & Diu,Western,2016,cyber_crime,1.0,8.1,0.12,,False
DNH & Daman & Diu,Western,2017,cyber_crime,1.0,8.7,0.11,0.0,False
DNH & Daman & Diu,Western,2018,cyber_crime,0.0,9.3,0.0,-100.0,False
DNH & Daman & Diu,Western,2019,cyber_crime,3.0,9.9,0.3,inf,False
DNH & Daman & Diu,Western,2020,cyber_crime,3.0,10.5,0.29,0.0,False
DNH & Daman & Diu,Western,2021,cyber_crime,5.0,11.1,0.45,66.7,False
DNH & Daman & Diu,Western,2022,cyber_crime,5.0,12.03,0.42,0.0,False
DNH & Daman & Diu,Western,2023,cyber_crime,6.0,12.97,0.46,20.0,False
DNH & Daman & Diu,Western,2024,cyber_crime,5.0,13.9,0.36,-16.7,False
DNH & Daman & Diu,Western,2016,ipc_bns_crime,515.0,8.1,63.58,,False
DNH & Daman & Diu,Western,2017,ipc_bns_crime,633.0,8.7,72.76,22.9,False
DNH & Daman & Diu,Western,2018,ipc_bns_crime,574.0,9.3,61.72,-9.3,False
DNH & Daman & Diu,Western,2019,ipc_bns_crime,548.0,9.9,55.35,-4.5,False
DNH & Daman & Diu,Western,2020,ipc_bns_crime,441.0,10.5,42.0,-19.5,False
DNH & Daman & Diu,Western,2021,ipc_bns_crime,490.0,11.1,44.14,11.1,False
DNH & Daman & Diu,Western,2022,ipc_bns_crime,1184.0,12.03,98.42,141.6,False
DNH & Daman & Diu,Western,2023,ipc_bns_crime,761.0,12.97,58.67,-35.7,False
DNH & Daman & Diu,Western,2024,ipc_bns_crime,540.0,13.9,38.85,-29.0,False
DNH & Daman & Diu,Western,2016,sll_crime,28.0,8.1,3.46,,False
DNH & Daman & Diu,Western,2017,sll_crime,58.0,8.7,6.67,107.1,False
DNH & Daman & Diu,Western,2018,sll_crime,75.0,9.3,8.06,29.3,False
DNH & Daman & Diu,Western,2019,sll_crime,112.0,9.9,11.31,49.3,False
DNH & Daman & Diu,Western,2020,sll_crime,92.0,10.5,8.76,-17.9,False
DNH & Daman & Diu,Western,2021,sll_crime,89.0,11.1,8.02,-3.3,False
DNH & Daman & Diu,Western,2022,sll_crime,89.0,12.03,7.4,0.0,False
DNH & Daman & Diu,Western,2023,sll_crime,104.0,12.97,8.02,16.9,False
DNH & Daman & Diu,Western,2024,sll_crime,52.0,13.9,3.74,-50.0,False
DNH & Daman & Diu,Western,2016,total_cognizable,543.0,8.1,67.04,,True
DNH & Daman & Diu,Western,2017,total_cognizable,691.0,8.7,79.43,27.3,True
DNH & Daman & Diu,Western,2018,total_cognizable,649.0,9.3,69.78,-6.1,True
DNH & Daman & Diu,Western,2019,total_cognizable,660.0,9.9,66.67,1.7,True
DNH & Daman & Diu,Western,2020,total_cognizable,533.0,10.5,50.76,-19.2,True
DNH & Daman & Diu,Western,2021,total_cognizable,579.0,11.1,52.16,8.6,True
DNH & Daman & Diu,Western,2022,total_cognizable,1273.0,12.03,105.82,119.9,False
DNH & Daman & Diu,Western,2023,total_cognizable,865.0,12.97,66.69,-32.1,False
DNH & Daman & Diu,Western,2024,total_cognizable,592.0,13.9,42.59,-31.6,False
DNH & Daman & Diu,Western,2016,violent_crime,126.0,8.1,15.56,,False
DNH & Daman & Diu,Western,2017,violent_crime,101.0,8.7,11.61,-19.8,False
DNH & Daman & Diu,Western,2018,violent_crime,107.0,9.3,11.51,5.9,False
DNH & Daman & Diu,Western,2019,violent_crime,112.0,9.9,11.31,4.7,False
DNH & Daman & Diu,Western,2020,violent_crime,77.0,10.5,7.33,-31.2,False
DNH & Daman & Diu,Western,2021,violent_crime,109.0,11.1,9.82,41.6,False
DNH & Daman & Diu,Western,2022,violent_crime,146.0,12.03,12.14,33.9,False
DNH & Daman & Diu,Western,2023,violent_crime,138.0,12.97,10.64,-5.5,False
DNH & Daman & Diu,Western,2024,violent_crime,116.0,13.9,8.35,-15.9,False
Delhi,Northern,2016,crime_against_children,8178.0,56.4,145.0,,False
Delhi,Northern,2017,crime_against_children,7852.0,56.2,139.72,-4.0,False
Delhi,Northern,2018,crime_against_children,8246.0,56.0,147.25,5.0,False
Delhi,Northern,2019,crime_against_children,7783.0,55.8,139.48,-5.6,False
Delhi,Northern,2020,crime_against_children,5362.0,55.6,96.44,-31.1,False
Delhi,Northern,2021,crime_against_children,7118.0,55.4,128.48,32.7,False
Delhi,Northern,2022,crime_against_children,7468.0,55.4,134.8,4.9,False
Delhi,Northern,2023,crime_against_children,7769.0,55.4,140.23,4.0,False
Delhi,Northern,2024,crime_against_children,7662.0,55.4,138.3,-1.4,False
Delhi,Northern,2016,crime_against_women,15310.0,87.53,174.91,,False
Delhi,Northern,2017,crime_against_women,13076.0,89.37,146.31,-14.6,False
Delhi,Northern,2018,crime_against_women,13640.0,91.2,149.56,4.3,False
Delhi,Northern,2019,crime_against_women,13395.0,93.03,143.99,-1.8,False
Delhi,Northern,2020,crime_against_women,10093.0,94.87,106.39,-24.7,False
Delhi,Northern,2021,crime_against_women,14277.0,96.7,147.64,41.5,False
Delhi,Northern,2022,crime_against_women,14247.0,98.63,144.45,-0.2,False
Delhi,Northern,2023,crime_against_women,13439.0,100.57,133.63,-5.7,False
Delhi,Northern,2024,crime_against_women,13396.0,102.5,130.69,-0.3,False
Delhi,Northern,2016,cyber_crime,98.0,188.0,0.52,,False
Delhi,Northern,2017,cyber_crime,162.0,191.8,0.84,65.3,False
Delhi,Northern,2018,cyber_crime,189.0,195.6,0.97,16.7,False
Delhi,Northern,2019,cyber_crime,115.0,199.4,0.58,-39.2,False
Delhi,Northern,2020,cyber_crime,168.0,203.2,0.83,46.1,False
Delhi,Northern,2021,cyber_crime,356.0,207.0,1.72,111.9,False
Delhi,Northern,2022,cyber_crime,685.0,210.93,3.25,92.4,False
Delhi,Northern,2023,cyber_crime,407.0,214.87,1.89,-40.6,False
Delhi,Northern,2024,cyber_crime,404.0,218.8,1.85,-0.7,False
Delhi,Northern,2016,ipc_bns_crime,209519.0,188.0,1114.46,,False
Delhi,Northern,2017,ipc_bns_crime,232066.0,191.8,1209.94,10.8,False
Delhi,Northern,2018,ipc_bns_crime,249012.0,195.6,1273.07,7.3,False
Delhi,Northern,2019,ipc_bns_crime,299475.0,199.4,1501.88,20.3,False
Delhi,Northern,2020,ipc_bns_crime,249192.0,203.2,1226.34,-16.8,False
Delhi,Northern,2021,ipc_bns_crime,291904.0,207.0,1410.16,17.1,False
Delhi,Northern,2022,ipc_bns_crime,300429.0,210.93,1424.31,2.9,False
Delhi,Northern,2023,ipc_bns_crime,324257.0,214.87,1509.08,7.9,False
Delhi,Northern,2024,ipc_bns_crime,275402.0,218.8,1258.69,-15.1,False
Delhi,Northern,2016,sll_crime,7401.0,188.0,39.37,,False
Delhi,Northern,2017,sll_crime,12648.0,191.8,65.94,70.9,False
Delhi,Northern,2018,sll_crime,13600.0,195.6,69.53,7.5,False
Delhi,Northern,2019,sll_crime,16786.0,199.4,84.18,23.4,False
Delhi,Northern,2020,sll_crime,16878.0,203.2,83.06,0.5,False
Delhi,Northern,2021,sll_crime,14485.0,207.0,69.98,-14.2,False
Delhi,Northern,2022,sll_crime,19845.0,210.93,94.08,37.0,False
Delhi,Northern,2023,sll_crime,20006.0,214.87,93.11,0.8,False
Delhi,Northern,2024,sll_crime,22264.0,218.8,101.76,11.3,False
Delhi,Northern,2016,total_cognizable,216920.0,188.0,1153.83,,True
Delhi,Northern,2017,total_cognizable,244714.0,191.8,1275.88,12.8,True
Delhi,Northern,2018,total_cognizable,262612.0,195.6,1342.6,7.3,True
Delhi,Northern,2019,total_cognizable,316261.0,199.4,1586.06,20.4,True
Delhi,Northern,2020,total_cognizable,266070.0,203.2,1309.4,-15.9,True
Delhi,Northern,2021,total_cognizable,306389.0,207.0,1480.14,15.2,True
Delhi,Northern,2022,total_cognizable,320274.0,210.93,1518.39,4.5,False
Delhi,Northern,2023,total_cognizable,344263.0,214.87,1602.19,7.5,False
Delhi,Northern,2024,total_cognizable,297666.0,218.8,1360.45,-13.5,False
Delhi,Northern,2016,violent_crime,16648.0,188.0,88.55,,False
Delhi,Northern,2017,violent_crime,13388.0,191.8,69.8,-19.6,False
Delhi,Northern,2018,violent_crime,12445.0,195.6,63.62,-7.0,False
Delhi,Northern,2019,violent_crime,11613.0,199.4,58.24,-6.7,False
Delhi,Northern,2020,violent_crime,9997.0,203.2,49.2,-13.9,False
Delhi,Northern,2021,violent_crime,11793.0,207.0,56.97,18.0,False
Delhi,Northern,2022,violent_crime,11477.0,210.93,54.41,-2.7,False
Delhi,Northern,2023,violent_crime,11072.0,214.87,51.53,-3.5,False
Delhi,Northern,2024,violent_crime,12569.0,218.8,57.45,13.5,False
Goa,Western,2016,crime_against_children,230.0,6.13,37.52,,False
Goa,Western,2017,crime_against_children,196.0,5.67,34.57,-14.8,False
Goa,Western,2018,crime_against_children,182.0,5.2,35.0,-7.1,False
Goa,Western,2019,crime_against_children,167.0,4.73,35.31,-8.2,False
Goa,Western,2020,crime_against_children,125.0,4.27,29.27,-25.1,False
Goa,Western,2021,crime_against_children,151.0,3.8,39.74,20.8,False
Goa,Western,2022,crime_against_children,184.0,3.8,48.42,21.9,False
Goa,Western,2023,crime_against_children,196.0,3.8,51.58,6.5,False
Goa,Western,2024,crime_against_children,207.0,3.8,54.47,5.6,False
Goa,Western,2016,crime_against_women,371.0,7.53,49.27,,False
Goa,Western,2017,crime_against_women,369.0,7.57,48.75,-0.5,False
Goa,Western,2018,crime_against_women,362.0,7.6,47.63,-1.9,False
Goa,Western,2019,crime_against_women,329.0,7.63,43.12,-9.1,False
Goa,Western,2020,crime_against_women,219.0,7.67,28.55,-33.4,False
Goa,Western,2021,crime_against_women,224.0,7.7,29.09,2.3,False
Goa,Western,2022,crime_against_women,273.0,7.77,35.14,21.9,False
Goa,Western,2023,crime_against_women,286.0,7.83,36.53,4.8,False
Goa,Western,2024,crime_against_women,356.0,7.9,45.06,24.5,False
Goa,Western,2016,cyber_crime,31.0,15.1,2.05,,False
Goa,Western,2017,cyber_crime,13.0,15.2,0.86,-58.1,False
Goa,Western,2018,cyber_crime,29.0,15.3,1.9,123.1,False
Goa,Western,2019,cyber_crime,15.0,15.4,0.97,-48.3,False
Goa,Western,2020,cyber_crime,40.0,15.5,2.58,166.7,False
Goa,Western,2021,cyber_crime,36.0,15.6,2.31,-10.0,False
Goa,Western,2022,cyber_crime,90.0,15.7,5.73,150.0,False
Goa,Western,2023,cyber_crime,86.0,15.8,5.44,-4.4,False
Goa,Western,2024,cyber_crime,77.0,15.9,4.84,-10.5,False
Goa,Western,2016,ipc_bns_crime,2692.0,15.1,178.28,,False
Goa,Western,2017,ipc_bns_crime,2965.0,15.2,195.07,10.1,False
Goa,Western,2018,ipc_bns_crime,2740.0,15.3,179.08,-7.6,False
Goa,Western,2019,ipc_bns_crime,2465.0,15.4,160.06,-10.0,False
Goa,Western,2020,ipc_bns_crime,3393.0,15.5,218.9,37.6,False
Goa,Western,2021,ipc_bns_crime,2099.0,15.6,134.55,-38.1,False
Goa,Western,2022,ipc_bns_crime,2711.0,15.7,172.68,29.2,False
Goa,Western,2023,ipc_bns_crime,2094.0,15.8,132.53,-22.8,False
Goa,Western,2024,ipc_bns_crime,2121.0,15.9,133.4,1.3,False
Goa,Western,2016,sll_crime,1014.0,15.1,67.15,,False
Goa,Western,2017,sll_crime,978.0,15.2,64.34,-3.6,False
Goa,Western,2018,sll_crime,1144.0,15.3,74.77,17.0,False
Goa,Western,2019,sll_crime,1262.0,15.4,81.95,10.3,False
Goa,Western,2020,sll_crime,973.0,15.5,62.77,-22.9,False
Goa,Western,2021,sll_crime,892.0,15.6,57.18,-8.3,False
Goa,Western,2022,sll_crime,968.0,15.7,61.66,8.5,False
Goa,Western,2023,sll_crime,988.0,15.8,62.53,2.1,False
Goa,Western,2024,sll_crime,1176.0,15.9,73.96,19.0,False
Goa,Western,2016,total_cognizable,3706.0,15.1,245.43,,True
Goa,Western,2017,total_cognizable,3943.0,15.2,259.41,6.4,True
Goa,Western,2018,total_cognizable,3884.0,15.3,253.86,-1.5,True
Goa,Western,2019,total_cognizable,3727.0,15.4,242.01,-4.0,True
Goa,Western,2020,total_cognizable,4366.0,15.5,281.68,17.1,True
Goa,Western,2021,total_cognizable,2991.0,15.6,191.73,-31.5,True
Goa,Western,2022,total_cognizable,3679.0,15.7,234.33,23.0,False
Goa,Western,2023,total_cognizable,3082.0,15.8,195.06,-16.2,False
Goa,Western,2024,total_cognizable,3297.0,15.9,207.36,7.0,False
Goa,Western,2016,violent_crime,469.0,15.1,31.06,,False
Goa,Western,2017,violent_crime,512.0,15.2,33.68,9.2,False
Goa,Western,2018,violent_crime,452.0,15.3,29.54,-11.7,False
Goa,Western,2019,violent_crime,415.0,15.4,26.95,-8.2,False
Goa,Western,2020,violent_crime,316.0,15.5,20.39,-23.9,False
Goa,Western,2021,violent_crime,345.0,15.6,22.12,9.2,False
Goa,Western,2022,violent_crime,396.0,15.7,25.22,14.8,False
Goa,Western,2023,violent_crime,363.0,15.8,22.97,-8.3,False
Goa,Western,2024,violent_crime,607.0,15.9,38.18,67.2,False
Gujarat,Western,2016,crime_against_children,3637.0,205.2,17.72,,False
Gujarat,Western,2017,crime_against_children,3955.0,206.0,19.2,8.7,False
Gujarat,Western,2018,crime_against_children,4929.0,206.8,23.83,24.6,False
Gujarat,Western,2019,crime_against_children,4685.0,207.6,22.57,-5.0,False
Gujarat,Western,2020,crime_against_children,4075.0,208.4,19.55,-13.0,False
Gujarat,Western,2021,crime_against_children,4515.0,209.2,21.58,10.8,False
Gujarat,Western,2022,crime_against_children,4964.0,209.2,23.73,9.9,False
Gujarat,Western,2023,crime_against_children,5083.0,209.2,24.3,2.4,False
Gujarat,Western,2024,crime_against_children,5394.0,209.2,25.78,6.1,False
Gujarat,Western,2016,crime_against_women,8532.0,312.37,27.31,,False
Gujarat,Western,2017,crime_against_women,8133.0,316.53,25.69,-4.7,False
Gujarat,Western,2018,crime_against_women,8329.0,320.7,25.97,2.4,False
Gujarat,Western,2019,crime_against_women,8799.0,324.87,27.08,5.6,False
Gujarat,Western,2020,crime_against_women,8028.0,329.03,24.4,-8.8,False
Gujarat,Western,2021,crime_against_women,7348.0,333.2,22.05,-8.5,False
Gujarat,Western,2022,crime_against_women,7731.0,337.13,22.93,5.2,False
Gujarat,Western,2023,crime_against_women,7805.0,341.07,22.88,1.0,False
Gujarat,Western,2024,crime_against_women,7606.0,345.0,22.05,-2.5,False
Gujarat,Western,2016,cyber_crime,362.0,654.8,0.55,,False
Gujarat,Western,2017,cyber_crime,458.0,664.0,0.69,26.5,False
Gujarat,Western,2018,cyber_crime,702.0,673.2,1.04,53.3,False
Gujarat,Western,2019,cyber_crime,784.0,682.4,1.15,11.7,False
Gujarat,Western,2020,cyber_crime,1283.0,691.6,1.86,63.6,False
Gujarat,Western,2021,cyber_crime,1536.0,700.8,2.19,19.7,False
Gujarat,Western,2022,cyber_crime,1417.0,709.37,2.0,-7.7,False
Gujarat,Western,2023,cyber_crime,1995.0,717.93,2.78,40.8,False
Gujarat,Western,2024,cyber_crime,1592.0,726.5,2.19,-20.2,False
Gujarat,Western,2016,ipc_bns_crime,147122.0,654.8,224.68,,False
Gujarat,Western,2017,ipc_bns_crime,128775.0,664.0,193.94,-12.5,False
Gujarat,Western,2018,ipc_bns_crime,147574.0,673.2,219.21,14.6,False
Gujarat,Western,2019,ipc_bns_crime,139503.0,682.4,204.43,-5.5,False
Gujarat,Western,2020,ipc_bns_crime,381849.0,691.6,552.12,173.7,False
Gujarat,Western,2021,ipc_bns_crime,273056.0,700.8,389.63,-28.5,False
Gujarat,Western,2022,ipc_bns_crime,134600.0,709.37,189.75,-50.7,False
Gujarat,Western,2023,ipc_bns_crime,170657.0,717.93,237.71,26.8,False
Gujarat,Western,2024,ipc_bns_crime,165419.0,726.5,227.69,-3.1,False
Gujarat,Western,2016,sll_crime,288300.0,654.8,440.29,,False
Gujarat,Western,2017,sll_crime,206024.0,664.0,310.28,-28.5,False
Gujarat,Western,2018,sll_crime,245620.0,673.2,364.85,19.2,False
Gujarat,Western,2019,sll_crime,291563.0,682.4,427.26,18.7,False
Gujarat,Western,2020,sll_crime,317770.0,691.6,459.47,9.0,False
Gujarat,Western,2021,sll_crime,458682.0,700.8,654.51,44.3,False
Gujarat,Western,2022,sll_crime,389503.0,709.37,549.08,-15.1,False
Gujarat,Western,2023,sll_crime,408222.0,717.93,568.61,4.8,False
Gujarat,Western,2024,sll_crime,449988.0,726.5,619.39,10.2,False
Gujarat,Western,2016,total_cognizable,435422.0,654.8,664.97,,True
Gujarat,Western,2017,total_cognizable,334799.0,664.0,504.22,-23.1,True
Gujarat,Western,2018,total_cognizable,393194.0,673.2,584.07,17.4,True
Gujarat,Western,2019,total_cognizable,431066.0,682.4,631.69,9.6,True
Gujarat,Western,2020,total_cognizable,699619.0,691.6,1011.59,62.3,True
Gujarat,Western,2021,total_cognizable,731738.0,700.8,1044.15,4.6,True
Gujarat,Western,2022,total_cognizable,524103.0,709.37,738.83,-28.4,False
Gujarat,Western,2023,total_cognizable,578879.0,717.93,806.32,10.5,False
Gujarat,Western,2024,total_cognizable,615407.0,726.5,847.08,6.3,False
Gujarat,Western,2016,violent_crime,11829.0,654.8,18.07,,False
Gujarat,Western,2017,violent_crime,10509.0,664.0,15.83,-11.2,False
Gujarat,Western,2018,violent_crime,11358.0,673.2,16.87,8.1,False
Gujarat,Western,2019,violent_crime,9453.0,682.4,13.85,-16.8,False
Gujarat,Western,2020,violent_crime,8337.0,691.6,12.05,-11.8,False
Gujarat,Western,2021,violent_crime,8327.0,700.8,11.88,-0.1,False
Gujarat,Western,2022,violent_crime,9015.0,709.37,12.71,8.3,False
Gujarat,Western,2023,violent_crime,8976.0,717.93,12.5,-0.4,False
Gujarat,Western,2024,violent_crime,11967.0,726.5,16.47,33.3,False
Haryana,Northern,2016,crime_against_children,3099.0,93.87,33.01,,False
Haryana,Northern,2017,crime_against_children,4169.0,93.33,44.67,34.5,False
Haryana,Northern,2018,crime_against_children,4869.0,92.8,52.47,16.8,False
Haryana,Northern,2019,crime_against_children,5119.0,92.27,55.48,5.1,False
Haryana,Northern,2020,crime_against_children,4338.0,91.73,47.29,-15.3,False
Haryana,Northern,2021,crime_against_children,5700.0,91.2,62.5,31.4,False
Haryana,Northern,2022,crime_against_children,6138.0,91.2,67.3,7.7,False
Haryana,Northern,2023,crime_against_children,6401.0,91.2,70.19,4.3,False
Haryana,Northern,2024,crime_against_children,7547.0,91.2,82.75,17.9,False
Haryana,Northern,2016,crime_against_women,9839.0,129.37,76.05,,False
Haryana,Northern,2017,crime_against_women,11370.0,131.33,86.58,15.6,False
Haryana,Northern,2018,crime_against_women,14326.0,133.3,107.47,26.0,False
Haryana,Northern,2019,crime_against_women,14683.0,135.27,108.55,2.5,False
Haryana,Northern,2020,crime_against_women,13000.0,137.23,94.73,-11.5,False
Haryana,Northern,2021,crime_against_women,16658.0,139.2,119.67,28.1,False
Haryana,Northern,2022,crime_against_women,16743.0,141.03,118.72,0.5,False
Haryana,Northern,2023,crime_against_women,15758.0,142.87,110.3,-5.9,False
Haryana,Northern,2024,crime_against_women,13945.0,144.7,96.37,-11.5,False
Haryana,Northern,2016,cyber_crime,401.0,276.0,1.45,,False
Haryana,Northern,2017,cyber_crime,504.0,280.0,1.8,25.7,False
Haryana,Northern,2018,cyber_crime,418.0,284.0,1.47,-17.1,False
Haryana,Northern,2019,cyber_crime,564.0,288.0,1.96,34.9,False
Haryana,Northern,2020,cyber_crime,656.0,292.0,2.25,16.3,False
Haryana,Northern,2021,cyber_crime,622.0,296.0,2.1,-5.2,False
Haryana,Northern,2022,cyber_crime,681.0,299.63,2.27,9.5,False
Haryana,Northern,2023,cyber_crime,751.0,303.27,2.48,10.3,False
Haryana,Northern,2024,cyber_crime,1815.0,306.9,5.91,141.7,False
Haryana,Northern,2016,ipc_bns_crime,88527.0,276.0,320.75,,False
Haryana,Northern,2017,ipc_bns_crime,97924.0,280.0,349.73,10.6,False
Haryana,Northern,2018,ipc_bns_crime,108212.0,284.0,381.03,10.5,False
Haryana,Northern,2019,ipc_bns_crime,111323.0,288.0,386.54,2.9,False
Haryana,Northern,2020,ipc_bns_crime,103276.0,292.0,353.68,-7.2,False
Haryana,Northern,2021,ipc_bns_crime,112720.0,296.0,380.81,9.1,False
Haryana,Northern,2022,ipc_bns_crime,125435.0,299.63,418.63,11.3,False
Haryana,Northern,2023,ipc_bns_crime,129294.0,303.27,426.33,3.1,False
Haryana,Northern,2024,ipc_bns_crime,113101.0,306.9,368.53,-12.5,False
Haryana,Northern,2016,sll_crime,54584.0,276.0,197.77,,False
Haryana,Northern,2017,sll_crime,126892.0,280.0,453.19,132.5,False
Haryana,Northern,2018,sll_crime,83017.0,284.0,292.31,-34.6,False
Haryana,Northern,2019,sll_crime,55013.0,288.0,191.02,-33.7,False
Haryana,Northern,2020,sll_crime,89119.0,292.0,305.2,62.0,False
Haryana,Northern,2021,sll_crime,93711.0,296.0,316.59,5.2,False
Haryana,Northern,2022,sll_crime,117414.0,299.63,391.86,25.3,False
Haryana,Northern,2023,sll_crime,94922.0,303.27,313.0,-19.2,False
Haryana,Northern,2024,sll_crime,64494.0,306.9,210.15,-32.1,False
Haryana,Northern,2016,total_cognizable,143111.0,276.0,518.52,,True
Haryana,Northern,2017,total_cognizable,224816.0,280.0,802.91,57.1,True
Haryana,Northern,2018,total_cognizable,191229.0,284.0,673.34,-14.9,True
Haryana,Northern,2019,total_cognizable,166336.0,288.0,577.56,-13.0,True
Haryana,Northern,2020,total_cognizable,192395.0,292.0,658.89,15.7,True
Haryana,Northern,2021,total_cognizable,206431.0,296.0,697.4,7.3,True
Haryana,Northern,2022,total_cognizable,242849.0,299.63,810.5,17.6,False
Haryana,Northern,2023,total_cognizable,224216.0,303.27,739.33,-7.7,False
Haryana,Northern,2024,total_cognizable,177595.0,306.9,578.67,-20.8,False
Haryana,Northern,2016,violent_crime,14392.0,276.0,52.14,,False
Haryana,Northern,2017,violent_crime,13040.0,280.0,46.57,-9.4,False
Haryana,Northern,2018,violent_crime,14018.0,284.0,49.36,7.5,False
Haryana,Northern,2019,violent_crime,12812.0,288.0,44.49,-8.6,False
Haryana,Northern,2020,violent_crime,12128.0,292.0,41.53,-5.3,False
Haryana,Northern,2021,violent_crime,12828.0,296.0,43.34,5.8,False
Haryana,Northern,2022,violent_crime,13447.0,299.63,44.88,4.8,False
Haryana,Northern,2023,violent_crime,14726.0,303.27,48.56,9.5,False
Haryana,Northern,2024,violent_crime,14797.0,306.9,48.21,0.5,False
Himachal Pradesh,Northern,2016,crime_against_children,467.0,21.67,21.55,,False
Himachal Pradesh,Northern,2017,crime_against_children,528.0,21.63,24.41,13.1,False
Himachal Pradesh,Northern,2018,crime_against_children,772.0,21.6,35.74,46.2,False
Himachal Pradesh,Northern,2019,crime_against_children,748.0,21.57,34.68,-3.1,False
Himachal Pradesh,Northern,2020,crime_against_children,636.0,21.53,29.54,-15.0,False
Himachal Pradesh,Northern,2021,crime_against_children,740.0,21.5,34.42,16.4,False
Himachal Pradesh,Northern,2022,crime_against_children,740.0,21.5,34.42,0.0,False
Himachal Pradesh,Northern,2023,crime_against_children,704.0,21.5,32.74,-4.9,False
Himachal Pradesh,Northern,2024,crime_against_children,794.0,21.5,36.93,12.8,False
Himachal Pradesh,Northern,2016,crime_against_women,1222.0,35.33,34.59,,False
Himachal Pradesh,Northern,2017,crime_against_women,1246.0,35.57,35.03,2.0,False
Himachal Pradesh,Northern,2018,crime_against_women,1633.0,35.8,45.61,31.1,False
Himachal Pradesh,Northern,2019,crime_against_women,1636.0,36.03,45.41,0.2,False
Himachal Pradesh,Northern,2020,crime_against_women,1614.0,36.27,44.5,-1.3,False
Himachal Pradesh,Northern,2021,crime_against_women,1599.0,36.5,43.81,-0.9,False
Himachal Pradesh,Northern,2022,crime_against_women,1551.0,36.7,42.26,-3.0,False
Himachal Pradesh,Northern,2023,crime_against_women,1604.0,36.9,43.47,3.4,False
Himachal Pradesh,Northern,2024,crime_against_women,1605.0,37.1,43.26,0.1,False
Himachal Pradesh,Northern,2016,cyber_crime,31.0,71.77,0.43,,False
Himachal Pradesh,Northern,2017,cyber_crime,56.0,72.23,0.78,80.6,False
Himachal Pradesh,Northern,2018,cyber_crime,69.0,72.7,0.95,23.2,False
Himachal Pradesh,Northern,2019,cyber_crime,76.0,73.17,1.04,10.1,False
Himachal Pradesh,Northern,2020,cyber_crime,98.0,73.63,1.33,28.9,False
Himachal Pradesh,Northern,2021,cyber_crime,70.0,74.1,0.94,-28.6,False
Himachal Pradesh,Northern,2022,cyber_crime,77.0,74.47,1.03,10.0,False
Himachal Pradesh,Northern,2023,cyber_crime,127.0,74.83,1.7,64.9,False
Himachal Pradesh,Northern,2024,cyber_crime,148.0,75.2,1.97,16.5,False
Himachal Pradesh,Northern,2016,ipc_bns_crime,13386.0,71.77,186.51,,False
Himachal Pradesh,Northern,2017,ipc_bns_crime,13007.0,72.23,180.08,-2.8,False
Himachal Pradesh,Northern,2018,ipc_bns_crime,14604.0,72.7,200.88,12.3,False
Himachal Pradesh,Northern,2019,ipc_bns_crime,14480.0,73.17,197.9,-0.8,False
Himachal Pradesh,Northern,2020,ipc_bns_crime,14803.0,73.63,201.05,2.2,False
Himachal Pradesh,Northern,2021,ipc_bns_crime,13041.0,74.1,175.99,-11.9,False
Himachal Pradesh,Northern,2022,ipc_bns_crime,13231.0,74.47,177.67,1.5,False
Himachal Pradesh,Northern,2023,ipc_bns_crime,13505.0,74.83,180.48,2.1,False
Himachal Pradesh,Northern,2024,ipc_bns_crime,12071.0,75.2,160.52,-10.6,False
Himachal Pradesh,Northern,2016,sll_crime,3863.0,71.77,53.82,,False
Himachal Pradesh,Northern,2017,sll_crime,4789.0,72.23,66.3,24.0,False
Himachal Pradesh,Northern,2018,sll_crime,4990.0,72.7,68.64,4.2,False
Himachal Pradesh,Northern,2019,sll_crime,5444.0,73.17,74.4,9.1,False
Himachal Pradesh,Northern,2020,sll_crime,5827.0,73.63,79.14,7.0,False
Himachal Pradesh,Northern,2021,sll_crime,5792.0,74.1,78.16,-0.6,False
Himachal Pradesh,Northern,2022,sll_crime,5822.0,74.47,78.18,0.5,False
Himachal Pradesh,Northern,2023,sll_crime,6482.0,74.83,86.62,11.3,False
Himachal Pradesh,Northern,2024,sll_crime,5844.0,75.2,77.71,-9.8,False
Himachal Pradesh,Northern,2016,total_cognizable,17249.0,71.77,240.34,,True
Himachal Pradesh,Northern,2017,total_cognizable,17796.0,72.23,246.38,3.2,True
Himachal Pradesh,Northern,2018,total_cognizable,19594.0,72.7,269.52,10.1,True
Himachal Pradesh,Northern,2019,total_cognizable,19924.0,73.17,272.3,1.7,True
Himachal Pradesh,Northern,2020,total_cognizable,20630.0,73.63,280.18,3.5,True
Himachal Pradesh,Northern,2021,total_cognizable,18833.0,74.1,254.16,-8.7,True
Himachal Pradesh,Northern,2022,total_cognizable,19053.0,74.47,255.85,1.2,False
Himachal Pradesh,Northern,2023,total_cognizable,19987.0,74.83,267.1,4.9,False
Himachal Pradesh,Northern,2024,total_cognizable,17915.0,75.2,238.23,-10.4,False
Himachal Pradesh,Northern,2016,violent_crime,1593.0,71.77,22.2,,False
Himachal Pradesh,Northern,2017,violent_crime,1566.0,72.23,21.68,-1.7,False
Himachal Pradesh,Northern,2018,violent_crime,1861.0,72.7,25.6,18.8,False
Himachal Pradesh,Northern,2019,violent_crime,1833.0,73.17,25.05,-1.5,False
Himachal Pradesh,Northern,2020,violent_crime,1817.0,73.63,24.68,-0.9,False
Himachal Pradesh,Northern,2021,violent_crime,1762.0,74.1,23.78,-3.0,False
Himachal Pradesh,Northern,2022,violent_crime,1858.0,74.47,24.95,5.4,False
Himachal Pradesh,Northern,2023,violent_crime,1869.0,74.83,24.98,0.6,False
Himachal Pradesh,Northern,2024,violent_crime,2091.0,75.2,27.81,11.9,False
Jammu & Kashmir (incl. Ladakh),Northern,2016,crime_against_children,222.0,41.73,5.32,,False
Jammu & Kashmir (incl. Ladakh),Northern,2017,crime_against_children,359.0,43.37,8.28,61.7,False
Jammu & Kashmir (incl. Ladakh),Northern,2018,crime_against_children,473.0,45.0,10.51,31.8,False
Jammu & Kashmir (incl. Ladakh),Northern,2019,crime_against_children,470.0,46.63,10.08,-0.6,False
Jammu & Kashmir (incl. Ladakh),Northern,2020,crime_against_children,608.0,48.27,12.6,29.4,False
Jammu & Kashmir (incl. Ladakh),Northern,2021,crime_against_children,846.0,49.9,16.95,39.1,False
Jammu & Kashmir (incl. Ladakh),Northern,2022,crime_against_children,928.0,49.9,18.6,9.7,False
Jammu & Kashmir (incl. Ladakh),Northern,2023,crime_against_children,917.0,49.9,18.38,-1.2,False
Jammu & Kashmir (incl. Ladakh),Northern,2024,crime_against_children,904.0,49.9,18.12,-1.4,False
Jammu & Kashmir (incl. Ladakh),Northern,2016,crime_against_women,2850.0,62.47,45.62,,False
Jammu & Kashmir (incl. Ladakh),Northern,2017,crime_against_women,3129.0,63.03,49.64,9.8,False
Jammu & Kashmir (incl. Ladakh),Northern,2018,crime_against_women,3437.0,63.6,54.04,9.8,False
Jammu & Kashmir (incl. Ladakh),Northern,2019,crime_against_women,3069.0,64.17,47.83,-10.7,False
Jammu & Kashmir (incl. Ladakh),Northern,2020,crime_against_women,3414.0,64.73,52.74,11.2,False
Jammu & Kashmir (incl. Ladakh),Northern,2021,crime_against_women,3955.0,65.3,60.57,15.8,False
Jammu & Kashmir (incl. Ladakh),Northern,2022,crime_against_women,3731.0,65.8,56.7,-5.7,False
Jammu & Kashmir (incl. Ladakh),Northern,2023,crime_against_women,3673.0,66.3,55.4,-1.6,False
Jammu & Kashmir (incl. Ladakh),Northern,2024,crime_against_women,3400.0,66.8,50.9,-7.4,False
Jammu & Kashmir (incl. Ladakh),Northern,2016,cyber_crime,28.0,132.23,0.21,,False
Jammu & Kashmir (incl. Ladakh),Northern,2017,cyber_crime,63.0,133.27,0.47,125.0,False
Jammu & Kashmir (incl. Ladakh),Northern,2018,cyber_crime,73.0,134.3,0.54,15.9,False
Jammu & Kashmir (incl. Ladakh),Northern,2019,cyber_crime,73.0,135.33,0.54,0.0,False
Jammu & Kashmir (incl. Ladakh),Northern,2020,cyber_crime,121.0,136.37,0.89,65.8,False
Jammu & Kashmir (incl. Ladakh),Northern,2021,cyber_crime,159.0,137.4,1.16,31.4,False
Jammu & Kashmir (incl. Ladakh),Northern,2022,cyber_crime,176.0,138.37,1.27,10.7,False
Jammu & Kashmir (incl. Ladakh),Northern,2023,cyber_crime,186.0,139.33,1.33,5.7,False
Jammu & Kashmir (incl. Ladakh),Northern,2024,cyber_crime,115.0,140.3,0.82,-38.2,False
Jammu & Kashmir (incl. Ladakh),Northern,2016,ipc_bns_crime,24501.0,132.23,185.29,,False
Jammu & Kashmir (incl. Ladakh),Northern,2017,ipc_bns_crime,22667.0,133.27,170.08,-7.5,False
Jammu & Kashmir (incl. Ladakh),Northern,2018,ipc_bns_crime,24216.0,134.3,180.31,6.8,False
Jammu & Kashmir (incl. Ladakh),Northern,2019,ipc_bns_crime,22404.0,135.33,165.55,-7.5,False
Jammu & Kashmir (incl. Ladakh),Northern,2020,ipc_bns_crime,25620.0,136.37,187.87,14.4,False
Jammu & Kashmir (incl. Ladakh),Northern,2021,ipc_bns_crime,27966.0,137.4,203.54,9.2,False
Jammu & Kashmir (incl. Ladakh),Northern,2022,ipc_bns_crime,26354.0,138.37,190.46,-5.8,False
Jammu & Kashmir (incl. Ladakh),Northern,2023,ipc_bns_crime,25586.0,139.33,183.64,-2.9,False
Jammu & Kashmir (incl. Ladakh),Northern,2024,ipc_bns_crime,23037.0,140.3,164.2,-10.0,False
Jammu & Kashmir (incl. Ladakh),Northern,2016,sll_crime,2123.0,132.23,16.06,,False
Jammu & Kashmir (incl. Ladakh),Northern,2017,sll_crime,2941.0,133.27,22.07,38.5,False
Jammu & Kashmir (incl. Ladakh),Northern,2018,sll_crime,3060.0,134.3,22.78,4.0,False
Jammu & Kashmir (incl. Ladakh),Northern,2019,sll_crime,3004.0,135.33,22.2,-1.8,False
Jammu & Kashmir (incl. Ladakh),Northern,2020,sll_crime,3694.0,136.37,27.09,23.0,False
Jammu & Kashmir (incl. Ladakh),Northern,2021,sll_crime,4268.0,137.4,31.06,15.5,False
Jammu & Kashmir (incl. Ladakh),Northern,2022,sll_crime,4321.0,138.37,31.23,1.2,False
Jammu & Kashmir (incl. Ladakh),Northern,2023,sll_crime,4531.0,139.33,32.52,4.9,False
Jammu & Kashmir (incl. Ladakh),Northern,2024,sll_crime,3866.0,140.3,27.56,-14.7,False
Jammu & Kashmir (incl. Ladakh),Northern,2016,total_cognizable,26624.0,132.23,201.35,,True
Jammu & Kashmir (incl. Ladakh),Northern,2017,total_cognizable,25608.0,133.27,192.15,-3.8,True
Jammu & Kashmir (incl. Ladakh),Northern,2018,total_cognizable,27276.0,134.3,203.1,6.5,True
Jammu & Kashmir (incl. Ladakh),Northern,2019,total_cognizable,25408.0,135.33,187.75,-6.8,True
Jammu & Kashmir (incl. Ladakh),Northern,2020,total_cognizable,29314.0,136.37,214.96,15.4,True
Jammu & Kashmir (incl. Ladakh),Northern,2021,total_cognizable,32234.0,137.4,234.6,10.0,True
Jammu & Kashmir (incl. Ladakh),Northern,2022,total_cognizable,30675.0,138.37,221.69,-4.8,False
Jammu & Kashmir (incl. Ladakh),Northern,2023,total_cognizable,30117.0,139.33,216.16,-1.8,False
Jammu & Kashmir (incl. Ladakh),Northern,2024,total_cognizable,26903.0,140.3,191.75,-10.7,False
Jammu & Kashmir (incl. Ladakh),Northern,2016,violent_crime,5756.0,132.23,43.53,,False
Jammu & Kashmir (incl. Ladakh),Northern,2017,violent_crime,3789.0,133.27,28.43,-34.2,False
Jammu & Kashmir (incl. Ladakh),Northern,2018,violent_crime,3959.0,134.3,29.48,4.5,False
Jammu & Kashmir (incl. Ladakh),Northern,2019,violent_crime,3100.0,135.33,22.91,-21.7,False
Jammu & Kashmir (incl. Ladakh),Northern,2020,violent_crime,2827.0,136.37,20.73,-8.8,False
Jammu & Kashmir (incl. Ladakh),Northern,2021,violent_crime,3095.0,137.4,22.53,9.5,False
Jammu & Kashmir (incl. Ladakh),Northern,2022,violent_crime,2748.0,138.37,19.86,-11.2,False
Jammu & Kashmir (incl. Ladakh),Northern,2023,violent_crime,2462.0,139.33,17.67,-10.4,False
Jammu & Kashmir (incl. Ladakh),Northern,2024,violent_crime,2554.0,140.3,18.2,3.7,False
Jharkhand,Eastern,2016,crime_against_children,717.0,126.9,5.65,,False
Jharkhand,Eastern,2017,crime_against_children,1247.0,129.2,9.65,73.9,False
Jharkhand,Eastern,2018,crime_against_children,1479.0,131.5,11.25,18.6,False
Jharkhand,Eastern,2019,crime_against_children,1674.0,133.8,12.51,13.2,False
Jharkhand,Eastern,2020,crime_against_children,1795.0,136.1,13.19,7.2,False
Jharkhand,Eastern,2021,crime_against_children,1867.0,138.4,13.49,4.0,False
Jharkhand,Eastern,2022,crime_against_children,1917.0,138.4,13.85,2.7,False
Jharkhand,Eastern,2023,crime_against_children,1626.0,138.4,11.75,-15.2,False
Jharkhand,Eastern,2024,crime_against_children,1555.0,138.4,11.24,-4.4,False
Jharkhand,Eastern,2016,crime_against_women,5453.0,175.33,31.1,,False
Jharkhand,Eastern,2017,crime_against_women,5911.0,177.97,33.21,8.4,False
Jharkhand,Eastern,2018,crime_against_women,7083.0,180.6,39.22,19.8,False
Jharkhand,Eastern,2019,crime_against_women,8760.0,183.23,47.81,23.7,False
Jharkhand,Eastern,2020,crime_against_women,7630.0,185.87,41.05,-12.9,False
Jharkhand,Eastern,2021,crime_against_women,8110.0,188.5,43.02,6.3,False
Jharkhand,Eastern,2022,crime_against_women,7678.0,191.03,40.19,-5.3,False
Jharkhand,Eastern,2023,crime_against_women,6989.0,193.57,36.11,-9.0,False
Jharkhand,Eastern,2024,crime_against_women,6367.0,196.1,32.47,-8.9,False
Jharkhand,Eastern,2016,cyber_crime,259.0,359.9,0.72,,False
Jharkhand,Eastern,2017,cyber_crime,720.0,365.2,1.97,178.0,False
Jharkhand,Eastern,2018,cyber_crime,930.0,370.5,2.51,29.2,False
Jharkhand,Eastern,2019,cyber_crime,1095.0,375.8,2.91,17.7,False
Jharkhand,Eastern,2020,cyber_crime,1204.0,381.1,3.16,10.0,False
Jharkhand,Eastern,2021,cyber_crime,953.0,386.4,2.47,-20.8,False
Jharkhand,Eastern,2022,cyber_crime,967.0,391.37,2.47,1.5,False
Jharkhand,Eastern,2023,cyber_crime,1079.0,396.33,2.72,11.6,False
Jharkhand,Eastern,2024,cyber_crime,1423.0,401.3,3.55,31.9,False
Jharkhand,Eastern,2016,ipc_bns_crime,40710.0,359.9,113.11,,False
Jharkhand,Eastern,2017,ipc_bns_crime,44595.0,365.2,122.11,9.5,False
Jharkhand,Eastern,2018,ipc_bns_crime,45287.0,370.5,122.23,1.6,False
Jharkhand,Eastern,2019,ipc_bns_crime,50048.0,375.8,133.18,10.5,False
Jharkhand,Eastern,2020,ipc_bns_crime,51033.0,381.1,133.91,2.0,False
Jharkhand,Eastern,2021,ipc_bns_crime,47684.0,386.4,123.41,-6.6,False
Jharkhand,Eastern,2022,ipc_bns_crime,48726.0,391.37,124.5,2.2,False
Jharkhand,Eastern,2023,ipc_bns_crime,50187.0,396.33,126.63,3.0,False
Jharkhand,Eastern,2024,ipc_bns_crime,47250.0,401.3,117.74,-5.9,False
Jharkhand,Eastern,2016,sll_crime,7107.0,359.9,19.75,,False
Jharkhand,Eastern,2017,sll_crime,8069.0,365.2,22.09,13.5,False
Jharkhand,Eastern,2018,sll_crime,10377.0,370.5,28.01,28.6,False
Jharkhand,Eastern,2019,sll_crime,12158.0,375.8,32.35,17.2,False
Jharkhand,Eastern,2020,sll_crime,12537.0,381.1,32.9,3.1,False
Jharkhand,Eastern,2021,sll_crime,13081.0,386.4,33.85,4.3,False
Jharkhand,Eastern,2022,sll_crime,15633.0,391.37,39.94,19.5,False
Jharkhand,Eastern,2023,sll_crime,13651.0,396.33,34.44,-12.7,False
Jharkhand,Eastern,2024,sll_crime,13749.0,401.3,34.26,0.7,False
Jharkhand,Eastern,2016,total_cognizable,47817.0,359.9,132.86,,True
Jharkhand,Eastern,2017,total_cognizable,52664.0,365.2,144.21,10.1,True
Jharkhand,Eastern,2018,total_cognizable,55664.0,370.5,150.24,5.7,True
Jharkhand,Eastern,2019,total_cognizable,62206.0,375.8,165.53,11.8,True
Jharkhand,Eastern,2020,total_cognizable,63570.0,381.1,166.81,2.2,True
Jharkhand,Eastern,2021,total_cognizable,60765.0,386.4,157.26,-4.4,True
Jharkhand,Eastern,2022,total_cognizable,64359.0,391.37,164.45,5.9,False
Jharkhand,Eastern,2023,total_cognizable,63838.0,396.33,161.07,-0.8,False
Jharkhand,Eastern,2024,total_cognizable,60999.0,401.3,152.0,-4.4,False
Jharkhand,Eastern,2016,violent_crime,9300.0,359.9,25.84,,False
Jharkhand,Eastern,2017,violent_crime,9961.0,365.2,27.28,7.1,False
Jharkhand,Eastern,2018,violent_crime,11617.0,370.5,31.35,16.6,False
Jharkhand,Eastern,2019,violent_crime,12187.0,375.8,32.43,4.9,False
Jharkhand,Eastern,2020,violent_crime,14185.0,381.1,37.22,16.4,False
Jharkhand,Eastern,2021,violent_crime,13496.0,386.4,34.93,-4.9,False
Jharkhand,Eastern,2022,violent_crime,13323.0,391.37,34.04,-1.3,False
Jharkhand,Eastern,2023,violent_crime,12374.0,396.33,31.22,-7.1,False
Jharkhand,Eastern,2024,violent_crime,15016.0,401.3,37.42,21.4,False
Karnataka,Southern,2016,crime_against_children,4455.0,197.5,22.56,,False
Karnataka,Southern,2017,crime_against_children,5890.0,196.7,29.94,32.2,False
Karnataka,Southern,2018,crime_against_children,6131.0,195.9,31.3,4.1,False
Karnataka,Southern,2019,crime_against_children,6305.0,195.1,32.32,2.8,False
Karnataka,Southern,2020,crime_against_children,5471.0,194.3,28.16,-13.2,False
Karnataka,Southern,2021,crime_against_children,7261.0,193.5,37.52,32.7,False
Karnataka,Southern,2022,crime_against_children,7988.0,193.5,41.28,10.0,False
Karnataka,Southern,2023,crime_against_children,8929.0,193.5,46.14,11.8,False
Karnataka,Southern,2024,crime_against_children,9568.0,193.5,49.45,7.2,False
Karnataka,Southern,2016,crime_against_women,14131.0,317.67,44.48,,False
Karnataka,Southern,2017,crime_against_women,14078.0,320.13,43.98,-0.4,False
Karnataka,Southern,2018,crime_against_women,13514.0,322.6,41.89,-4.0,False
Karnataka,Southern,2019,crime_against_women,13828.0,325.07,42.54,2.3,False
Karnataka,Southern,2020,crime_against_women,12680.0,327.53,38.71,-8.3,False
Karnataka,Southern,2021,crime_against_women,14468.0,330.0,43.84,14.1,False
Karnataka,Southern,2022,crime_against_women,17813.0,332.1,53.64,23.1,False
Karnataka,Southern,2023,crime_against_women,20336.0,334.2,60.85,14.2,False
Karnataka,Southern,2024,crime_against_women,19945.0,336.3,59.31,-1.9,False
Karnataka,Southern,2016,cyber_crime,1101.0,644.23,1.71,,False
Karnataka,Southern,2017,cyber_crime,3174.0,649.37,4.89,188.3,False
Karnataka,Southern,2018,cyber_crime,5839.0,654.5,8.92,84.0,False
Karnataka,Southern,2019,cyber_crime,12020.0,659.63,18.22,105.9,False
Karnataka,Southern,2020,cyber_crime,10741.0,664.77,16.16,-10.6,False
Karnataka,Southern,2021,cyber_crime,8136.0,669.9,12.15,-24.3,False
Karnataka,Southern,2022,cyber_crime,12556.0,674.13,18.63,54.3,False
Karnataka,Southern,2023,cyber_crime,21889.0,678.37,32.27,74.3,False
Karnataka,Southern,2024,cyber_crime,21993.0,682.6,32.22,0.5,False
Karnataka,Southern,2016,ipc_bns_crime,148402.0,644.23,230.36,,False
Karnataka,Southern,2017,ipc_bns_crime,146354.0,649.37,225.38,-1.4,False
Karnataka,Southern,2018,ipc_bns_crime,126534.0,654.5,193.33,-13.5,False
Karnataka,Southern,2019,ipc_bns_crime,120165.0,659.63,182.17,-5.0,False
Karnataka,Southern,2020,ipc_bns_crime,106350.0,664.77,159.98,-11.5,False
Karnataka,Southern,2021,ipc_bns_crime,115728.0,669.9,172.75,8.8,False
Karnataka,Southern,2022,ipc_bns_crime,129461.0,674.13,192.04,11.9,False
Karnataka,Southern,2023,ipc_bns_crime,148648.0,678.37,219.13,14.8,False
Karnataka,Southern,2024,ipc_bns_crime,138784.0,682.6,203.32,-6.6,False
Karnataka,Southern,2016,sll_crime,31077.0,644.23,48.24,,False
Karnataka,Southern,2017,sll_crime,37709.0,649.37,58.07,21.3,False
Karnataka,Southern,2018,sll_crime,36882.0,654.5,56.35,-2.2,False
Karnataka,Southern,2019,sll_crime,43526.0,659.63,65.99,18.0,False
Karnataka,Southern,2020,sll_crime,43730.0,664.77,65.78,0.5,False
Karnataka,Southern,2021,sll_crime,47969.0,669.9,71.61,9.7,False
Karnataka,Southern,2022,sll_crime,51281.0,674.13,76.07,6.9,False
Karnataka,Southern,2023,sll_crime,65586.0,678.37,96.68,27.9,False
Karnataka,Southern,2024,sll_crime,59547.0,682.6,87.24,-9.2,False
Karnataka,Southern,2016,total_cognizable,179479.0,644.23,278.59,,True
Karnataka,Southern,2017,total_cognizable,184063.0,649.37,283.45,2.6,True
Karnataka,Southern,2018,total_cognizable,163416.0,654.5,249.68,-11.2,True
Karnataka,Southern,2019,total_cognizable,163691.0,659.63,248.16,0.2,True
Karnataka,Southern,2020,total_cognizable,150080.0,664.77,225.76,-8.3,True
Karnataka,Southern,2021,total_cognizable,163697.0,669.9,244.36,9.1,True
Karnataka,Southern,2022,total_cognizable,180742.0,674.13,268.11,10.4,False
Karnataka,Southern,2023,total_cognizable,214234.0,678.37,315.81,18.5,False
Karnataka,Southern,2024,total_cognizable,198331.0,682.6,290.55,-7.4,False
Karnataka,Southern,2016,violent_crime,19648.0,644.23,30.5,,False
Karnataka,Southern,2017,violent_crime,18655.0,649.37,28.73,-5.1,False
Karnataka,Southern,2018,violent_crime,17616.0,654.5,26.92,-5.6,False
Karnataka,Southern,2019,violent_crime,16445.0,659.63,24.93,-6.6,False
Karnataka,Southern,2020,violent_crime,14616.0,664.77,21.99,-11.1,False
Karnataka,Southern,2021,violent_crime,15277.0,669.9,22.8,4.5,False
Karnataka,Southern,2022,violent_crime,17091.0,674.13,25.35,11.9,False
Karnataka,Southern,2023,violent_crime,17902.0,678.37,26.39,4.7,False
Karnataka,Southern,2024,violent_crime,31223.0,682.6,45.74,74.4,False
Kerala,Southern,2016,crime_against_children,2879.0,92.93,30.98,,False
Kerala,Southern,2017,crime_against_children,3562.0,93.17,38.23,23.7,False
Kerala,Southern,2018,crime_against_children,4253.0,93.4,45.54,19.4,False
Kerala,Southern,2019,crime_against_children,4754.0,93.63,50.77,11.8,False
Kerala,Southern,2020,crime_against_children,3941.0,93.87,41.98,-17.1,False
Kerala,Southern,2021,crime_against_children,4536.0,94.1,48.2,15.1,False
Kerala,Southern,2022,crime_against_children,5640.0,94.1,59.94,24.3,False
Kerala,Southern,2023,crime_against_children,5903.0,94.1,62.73,4.7,False
Kerala,Southern,2024,crime_against_children,5929.0,94.1,63.01,0.4,False
Kerala,Southern,2016,crime_against_women,10034.0,180.2,55.68,,False
Kerala,Southern,2017,crime_against_women,11057.0,181.1,61.05,10.2,False
Kerala,Southern,2018,crime_against_women,10461.0,182.0,57.48,-5.4,False
Kerala,Southern,2019,crime_against_women,11462.0,182.9,62.67,9.6,False
Kerala,Southern,2020,crime_against_women,10139.0,183.8,55.16,-11.5,False
Kerala,Southern,2021,crime_against_women,13539.0,184.7,73.3,33.5,False
Kerala,Southern,2022,crime_against_women,15213.0,185.43,82.04,12.4,False
Kerala,Southern,2023,crime_against_women,16025.0,186.17,86.08,5.3,False
Kerala,Southern,2024,crime_against_women,15037.0,186.9,80.45,-6.2,False
Kerala,Southern,2016,cyber_crime,283.0,346.4,0.82,,False
Kerala,Southern,2017,cyber_crime,320.0,348.2,0.92,13.1,False
Kerala,Southern,2018,cyber_crime,340.0,350.0,0.97,6.2,False
Kerala,Southern,2019,cyber_crime,307.0,351.8,0.87,-9.7,False
Kerala,Southern,2020,cyber_crime,426.0,353.6,1.2,38.8,False
Kerala,Southern,2021,cyber_crime,626.0,355.4,1.76,46.9,False
Kerala,Southern,2022,cyber_crime,773.0,356.83,2.17,23.5,False
Kerala,Southern,2023,cyber_crime,3295.0,358.27,9.2,326.3,False
Kerala,Southern,2024,cyber_crime,2962.0,359.7,8.23,-10.1,False
Kerala,Southern,2016,ipc_bns_crime,260097.0,346.4,750.86,,False
Kerala,Southern,2017,ipc_bns_crime,235846.0,348.2,677.33,-9.3,False
Kerala,Southern,2018,ipc_bns_crime,186958.0,350.0,534.17,-20.7,False
Kerala,Southern,2019,ipc_bns_crime,175810.0,351.8,499.74,-6.0,False
Kerala,Southern,2020,ipc_bns_crime,149099.0,353.6,421.66,-15.2,False
Kerala,Southern,2021,ipc_bns_crime,142643.0,355.4,401.36,-4.3,False
Kerala,Southern,2022,ipc_bns_crime,235858.0,356.83,660.98,65.3,False
Kerala,Southern,2023,ipc_bns_crime,258538.0,358.27,721.63,9.6,False
Kerala,Southern,2024,ipc_bns_crime,184528.0,359.7,513.01,-28.6,False
Kerala,Southern,2016,sll_crime,447773.0,346.4,1292.65,,False
Kerala,Southern,2017,sll_crime,417654.0,348.2,1199.47,-6.7,False
Kerala,Southern,2018,sll_crime,325209.0,350.0,929.17,-22.1,False
Kerala,Southern,2019,sll_crime,277273.0,351.8,788.16,-14.7,False
Kerala,Southern,2020,sll_crime,405625.0,353.6,1147.13,46.3,False
Kerala,Southern,2021,sll_crime,382317.0,355.4,1075.74,-5.7,False
Kerala,Southern,2022,sll_crime,218978.0,356.83,613.68,-42.7,False
Kerala,Southern,2023,sll_crime,325835.0,358.27,909.47,48.8,False
Kerala,Southern,2024,sll_crime,315039.0,359.7,875.84,-3.3,False
Kerala,Southern,2016,total_cognizable,707870.0,346.4,2043.5,,True
Kerala,Southern,2017,total_cognizable,653500.0,348.2,1876.79,-7.7,True
Kerala,Southern,2018,total_cognizable,512167.0,350.0,1463.33,-21.6,True
Kerala,Southern,2019,total_cognizable,453083.0,351.8,1287.9,-11.5,True
Kerala,Southern,2020,total_cognizable,554724.0,353.6,1568.79,22.4,True
Kerala,Southern,2021,total_cognizable,524960.0,355.4,1477.1,-5.4,True
Kerala,Southern,2022,total_cognizable,454836.0,356.83,1274.66,-13.4,False
Kerala,Southern,2023,total_cognizable,584373.0,358.27,1631.1,28.5,False
Kerala,Southern,2024,total_cognizable,499567.0,359.7,1388.84,-14.5,False
Kerala,Southern,2016,violent_crime,13548.0,346.4,39.11,,False
Kerala,Southern,2017,violent_crime,13315.0,348.2,38.24,-1.7,False
Kerala,Southern,2018,violent_crime,13133.0,350.0,37.52,-1.4,False
Kerala,Southern,2019,violent_crime,12736.0,351.8,36.2,-3.0,False
Kerala,Southern,2020,violent_crime,10255.0,353.6,29.0,-19.5,False
Kerala,Southern,2021,violent_crime,8465.0,355.4,23.82,-17.5,False
Kerala,Southern,2022,violent_crime,9462.0,356.83,26.52,11.8,False
Kerala,Southern,2023,violent_crime,10255.0,358.27,28.62,8.4,False
Kerala,Southern,2024,violent_crime,18865.0,359.7,52.45,84.0,False
Lakshadweep,Southern,2016,crime_against_children,5.0,0.2,25.0,,False
Lakshadweep,Southern,2017,crime_against_children,4.0,0.2,20.0,-20.0,False
Lakshadweep,Southern,2018,crime_against_children,8.0,0.2,40.0,100.0,False
Lakshadweep,Southern,2019,crime_against_children,26.0,0.2,130.0,225.0,False
Lakshadweep,Southern,2020,crime_against_children,9.0,0.2,45.0,-65.4,False
Lakshadweep,Southern,2021,crime_against_children,17.0,0.2,85.0,88.9,False
Lakshadweep,Southern,2022,crime_against_children,11.0,0.2,55.0,-35.3,False
Lakshadweep,Southern,2023,crime_against_children,11.0,0.2,55.0,0.0,False
Lakshadweep,Southern,2024,crime_against_children,6.0,0.2,30.0,-45.5,False
Lakshadweep,Southern,2016,crime_against_women,9.0,0.3,30.0,,False
Lakshadweep,Southern,2017,crime_against_women,6.0,0.3,20.0,-33.3,False
Lakshadweep,Southern,2018,crime_against_women,11.0,0.3,36.67,83.3,False
Lakshadweep,Southern,2019,crime_against_women,38.0,0.3,126.67,245.5,False
Lakshadweep,Southern,2020,crime_against_women,15.0,0.3,50.0,-60.5,False
Lakshadweep,Southern,2021,crime_against_women,9.0,0.3,30.0,-40.0,False
Lakshadweep,Southern,2022,crime_against_women,16.0,0.3,53.33,77.8,False
Lakshadweep,Southern,2023,crime_against_women,23.0,0.3,76.67,43.8,False
Lakshadweep,Southern,2024,crime_against_women,13.0,0.3,43.33,-43.5,False
Lakshadweep,Southern,2016,cyber_crime,0.0,0.7,0.0,,False
Lakshadweep,Southern,2017,cyber_crime,0.0,0.7,0.0,,False
Lakshadweep,Southern,2018,cyber_crime,4.0,0.7,5.71,inf,False
Lakshadweep,Southern,2019,cyber_crime,4.0,0.7,5.71,0.0,False
Lakshadweep,Southern,2020,cyber_crime,3.0,0.7,4.29,-25.0,False
Lakshadweep,Southern,2021,cyber_crime,1.0,0.7,1.43,-66.7,False
Lakshadweep,Southern,2022,cyber_crime,1.0,0.7,1.43,0.0,False
Lakshadweep,Southern,2023,cyber_crime,1.0,0.7,1.43,0.0,False
Lakshadweep,Southern,2024,cyber_crime,0.0,0.7,0.0,-100.0,False
Lakshadweep,Southern,2016,ipc_bns_crime,36.0,0.7,51.43,,False
Lakshadweep,Southern,2017,ipc_bns_crime,78.0,0.7,111.43,116.7,False
Lakshadweep,Southern,2018,ipc_bns_crime,48.0,0.7,68.57,-38.5,False
Lakshadweep,Southern,2019,ipc_bns_crime,123.0,0.7,175.71,156.2,False
Lakshadweep,Southern,2020,ipc_bns_crime,107.0,0.7,152.86,-13.0,False
Lakshadweep,Southern,2021,ipc_bns_crime,89.0,0.7,127.14,-16.8,False
Lakshadweep,Southern,2022,ipc_bns_crime,64.0,0.7,91.43,-28.1,False
Lakshadweep,Southern,2023,ipc_bns_crime,76.0,0.7,108.57,18.8,False
Lakshadweep,Southern,2024,ipc_bns_crime,47.0,0.7,67.14,-38.2,False
Lakshadweep,Southern,2016,sll_crime,14.0,0.7,20.0,,False
Lakshadweep,Southern,2017,sll_crime,36.0,0.7,51.43,157.1,False
Lakshadweep,Southern,2018,sll_crime,29.0,0.7,41.43,-19.4,False
Lakshadweep,Southern,2019,sll_crime,59.0,0.7,84.29,103.4,False
Lakshadweep,Southern,2020,sll_crime,40.0,0.7,57.14,-32.2,False
Lakshadweep,Southern,2021,sll_crime,39.0,0.7,55.71,-2.5,False
Lakshadweep,Southern,2022,sll_crime,33.0,0.7,47.14,-15.4,False
Lakshadweep,Southern,2023,sll_crime,51.0,0.7,72.86,54.5,False
Lakshadweep,Southern,2024,sll_crime,37.0,0.7,52.86,-27.5,False
Lakshadweep,Southern,2016,total_cognizable,50.0,0.7,71.43,,True
Lakshadweep,Southern,2017,total_cognizable,114.0,0.7,162.86,128.0,True
Lakshadweep,Southern,2018,total_cognizable,77.0,0.7,110.0,-32.5,True
Lakshadweep,Southern,2019,total_cognizable,182.0,0.7,260.0,136.4,True
Lakshadweep,Southern,2020,total_cognizable,147.0,0.7,210.0,-19.2,True
Lakshadweep,Southern,2021,total_cognizable,128.0,0.7,182.86,-12.9,True
Lakshadweep,Southern,2022,total_cognizable,97.0,0.7,138.57,-24.2,False
Lakshadweep,Southern,2023,total_cognizable,127.0,0.7,181.43,30.9,False
Lakshadweep,Southern,2024,total_cognizable,84.0,0.7,120.0,-33.9,False
Lakshadweep,Southern,2016,violent_crime,11.0,0.7,15.71,,False
Lakshadweep,Southern,2017,violent_crime,8.0,0.7,11.43,-27.3,False
Lakshadweep,Southern,2018,violent_crime,6.0,0.7,8.57,-25.0,False
Lakshadweep,Southern,2019,violent_crime,16.0,0.7,22.86,166.7,False
Lakshadweep,Southern,2020,violent_crime,5.0,0.7,7.14,-68.8,False
Lakshadweep,Southern,2021,violent_crime,5.0,0.7,7.14,0.0,False
Lakshadweep,Southern,2022,violent_crime,5.0,0.7,7.14,0.0,False
Lakshadweep,Southern,2023,violent_crime,5.0,0.7,7.14,0.0,False
Lakshadweep,Southern,2024,violent_crime,8.0,0.7,11.43,60.0,False
Madhya Pradesh,Central,2016,crime_against_children,13746.0,309.6,44.4,,False
Madhya Pradesh,Central,2017,crime_against_children,19038.0,305.2,62.38,38.5,False
Madhya Pradesh,Central,2018,crime_against_children,18992.0,300.8,63.14,-0.2,False
Madhya Pradesh,Central,2019,crime_against_children,19028.0,296.4,64.2,0.2,False
Madhya Pradesh,Central,2020,crime_against_children,17008.0,292.0,58.25,-10.6,False
Madhya Pradesh,Central,2021,crime_against_children,19173.0,287.6,66.67,12.7,False
Madhya Pradesh,Central,2022,crime_against_children,20415.0,287.6,70.98,6.5,False
Madhya Pradesh,Central,2023,crime_against_children,22393.0,287.6,77.86,9.7,False
Madhya Pradesh,Central,2024,crime_against_children,21908.0,287.6,76.18,-2.2,False
Madhya Pradesh,Central,2016,crime_against_women,26604.0,382.63,69.53,,False
Madhya Pradesh,Central,2017,crime_against_women,29788.0,388.27,76.72,12.0,False
Madhya Pradesh,Central,2018,crime_against_women,28942.0,393.9,73.48,-2.8,False
Madhya Pradesh,Central,2019,crime_against_women,27560.0,399.53,68.98,-4.8,False
Madhya Pradesh,Central,2020,crime_against_women,25640.0,405.17,63.28,-7.0,False
Madhya Pradesh,Central,2021,crime_against_women,30673.0,410.8,74.67,19.6,False
Madhya Pradesh,Central,2022,crime_against_women,32765.0,416.03,78.76,6.8,False
Madhya Pradesh,Central,2023,crime_against_women,32342.0,421.27,76.77,-1.3,False
Madhya Pradesh,Central,2024,crime_against_women,32832.0,426.5,76.98,1.5,False
Madhya Pradesh,Central,2016,cyber_crime,258.0,792.1,0.33,,False
Madhya Pradesh,Central,2017,cyber_crime,490.0,803.4,0.61,89.9,False
Madhya Pradesh,Central,2018,cyber_crime,740.0,814.7,0.91,51.0,False
Madhya Pradesh,Central,2019,cyber_crime,602.0,826.0,0.73,-18.6,False
Madhya Pradesh,Central,2020,cyber_crime,699.0,837.3,0.83,16.1,False
Madhya Pradesh,Central,2021,cyber_crime,589.0,848.6,0.69,-15.7,False
Madhya Pradesh,Central,2022,cyber_crime,826.0,858.9,0.96,40.2,False
Madhya Pradesh,Central,2023,cyber_crime,685.0,869.2,0.79,-17.1,False
Madhya Pradesh,Central,2024,cyber_crime,1081.0,879.5,1.23,57.8,False
Madhya Pradesh,Central,2016,ipc_bns_crime,264418.0,792.1,333.82,,False
Madhya Pradesh,Central,2017,ipc_bns_crime,269512.0,803.4,335.46,1.9,False
Madhya Pradesh,Central,2018,ipc_bns_crime,248354.0,814.7,304.84,-7.9,False
Madhya Pradesh,Central,2019,ipc_bns_crime,246470.0,826.0,298.39,-0.8,False
Madhya Pradesh,Central,2020,ipc_bns_crime,283881.0,837.3,339.04,15.2,False
Madhya Pradesh,Central,2021,ipc_bns_crime,304066.0,848.6,358.31,7.1,False
Madhya Pradesh,Central,2022,ipc_bns_crime,298578.0,858.9,347.63,-1.8,False
Madhya Pradesh,Central,2023,ipc_bns_crime,297689.0,869.2,342.49,-0.3,False
Madhya Pradesh,Central,2024,ipc_bns_crime,282874.0,879.5,321.63,-5.0,False
Madhya Pradesh,Central,2016,sll_crime,100736.0,792.1,127.18,,False
Madhya Pradesh,Central,2017,sll_crime,110170.0,803.4,137.13,9.4,False
Madhya Pradesh,Central,2018,sll_crime,156775.0,814.7,192.43,42.3,False
Madhya Pradesh,Central,2019,sll_crime,149149.0,826.0,180.57,-4.9,False
Madhya Pradesh,Central,2020,sll_crime,144165.0,837.3,172.18,-3.3,False
Madhya Pradesh,Central,2021,sll_crime,171852.0,848.6,202.51,19.2,False
Madhya Pradesh,Central,2022,sll_crime,190388.0,858.9,221.66,10.8,False
Madhya Pradesh,Central,2023,sll_crime,198019.0,869.2,227.82,4.0,False
Madhya Pradesh,Central,2024,sll_crime,152005.0,879.5,172.83,-23.2,False
Madhya Pradesh,Central,2016,total_cognizable,365154.0,792.1,460.99,,True
Madhya Pradesh,Central,2017,total_cognizable,379682.0,803.4,472.59,4.0,True
Madhya Pradesh,Central,2018,total_cognizable,405129.0,814.7,497.27,6.7,True
Madhya Pradesh,Central,2019,total_cognizable,395619.0,826.0,478.96,-2.3,True
Madhya Pradesh,Central,2020,total_cognizable,428046.0,837.3,511.22,8.2,True
Madhya Pradesh,Central,2021,total_cognizable,475918.0,848.6,560.83,11.2,True
Madhya Pradesh,Central,2022,total_cognizable,488966.0,858.9,569.29,2.7,False
Madhya Pradesh,Central,2023,total_cognizable,495708.0,869.2,570.3,1.4,False
Madhya Pradesh,Central,2024,total_cognizable,434879.0,879.5,494.46,-12.3,False
Madhya Pradesh,Central,2016,violent_crime,26719.0,792.1,33.73,,False
Madhya Pradesh,Central,2017,violent_crime,27953.0,803.4,34.79,4.6,False
Madhya Pradesh,Central,2018,violent_crime,27106.0,814.7,33.27,-3.0,False
Madhya Pradesh,Central,2019,violent_crime,24972.0,826.0,30.23,-7.9,False
Madhya Pradesh,Central,2020,violent_crime,23287.0,837.3,27.81,-6.7,False
Madhya Pradesh,Central,2021,violent_crime,26038.0,848.6,30.68,11.8,False
Madhya Pradesh,Central,2022,violent_crime,27118.0,858.9,31.57,4.1,False
Madhya Pradesh,Central,2023,violent_crime,27927.0,869.2,32.13,3.0,False
Madhya Pradesh,Central,2024,violent_crime,57298.0,879.5,65.15,105.2,False
Maharashtra,Western,2016,crime_against_children,14559.0,390.1,37.32,,False
Maharashtra,Western,2017,crime_against_children,16918.0,384.3,44.02,16.2,False
Maharashtra,Western,2018,crime_against_children,18892.0,378.5,49.91,11.7,False
Maharashtra,Western,2019,crime_against_children,19592.0,372.7,52.57,3.7,False
Maharashtra,Western,2020,crime_against_children,14371.0,366.9,39.17,-26.6,False
Maharashtra,Western,2021,crime_against_children,17261.0,361.1,47.8,20.1,False
Maharashtra,Western,2022,crime_against_children,20762.0,361.1,57.5,20.3,False
Maharashtra,Western,2023,crime_against_children,22390.0,361.1,62.0,7.8,False
Maharashtra,Western,2024,crime_against_children,24171.0,361.1,66.94,8.0,False
Maharashtra,Western,2016,crime_against_women,31388.0,572.73,54.8,,False
Maharashtra,Western,2017,crime_against_women,31979.0,577.97,55.33,1.9,False
Maharashtra,Western,2018,crime_against_women,35497.0,583.2,60.87,11.0,False
Maharashtra,Western,2019,crime_against_women,37144.0,588.43,63.12,4.6,False
Maharashtra,Western,2020,crime_against_women,31954.0,593.67,53.82,-14.0,False
Maharashtra,Western,2021,crime_against_women,39526.0,598.9,66.0,23.7,False
Maharashtra,Western,2022,crime_against_women,45331.0,603.47,75.12,14.7,False
Maharashtra,Western,2023,crime_against_women,47101.0,608.03,77.46,3.9,False
Maharashtra,Western,2024,crime_against_women,47954.0,612.6,78.28,1.8,False
Maharashtra,Western,2016,cyber_crime,2380.0,1191.43,2.0,,False
Maharashtra,Western,2017,cyber_crime,3604.0,1202.67,3.0,51.4,False
Maharashtra,Western,2018,cyber_crime,3511.0,1213.9,2.89,-2.6,False
Maharashtra,Western,2019,cyber_crime,4967.0,1225.13,4.05,41.5,False
Maharashtra,Western,2020,cyber_crime,5496.0,1236.37,4.45,10.7,False
Maharashtra,Western,2021,cyber_crime,5562.0,1247.6,4.46,1.2,False
Maharashtra,Western,2022,cyber_crime,8249.0,1257.33,6.56,48.3,False
Maharashtra,Western,2023,cyber_crime,8103.0,1267.07,6.4,-1.8,False
Maharashtra,Western,2024,cyber_crime,9922.0,1276.8,7.77,22.4,False
Maharashtra,Western,2016,ipc_bns_crime,261714.0,1191.43,219.66,,False
Maharashtra,Western,2017,ipc_bns_crime,288879.0,1202.67,240.2,10.4,False
Maharashtra,Western,2018,ipc_bns_crime,346291.0,1213.9,285.27,19.9,False
Maharashtra,Western,2019,ipc_bns_crime,341084.0,1225.13,278.41,-1.5,False
Maharashtra,Western,2020,ipc_bns_crime,394017.0,1236.37,318.69,15.5,False
Maharashtra,Western,2021,ipc_bns_crime,367218.0,1247.6,294.34,-6.8,False
Maharashtra,Western,2022,ipc_bns_crime,374038.0,1257.33,297.49,1.9,False
Maharashtra,Western,2023,ipc_bns_crime,385623.0,1267.07,304.34,3.1,False
Maharashtra,Western,2024,ipc_bns_crime,383044.0,1276.8,300.0,-0.7,False
Maharashtra,Western,2016,sll_crime,169152.0,1191.43,141.97,,False
Maharashtra,Western,2017,sll_crime,178874.0,1202.67,148.73,5.7,False
Maharashtra,Western,2018,sll_crime,169383.0,1213.9,139.54,-5.3,False
Maharashtra,Western,2019,sll_crime,168349.0,1225.13,137.41,-0.6,False
Maharashtra,Western,2020,sll_crime,144986.0,1236.37,117.27,-13.9,False
Maharashtra,Western,2021,sll_crime,173582.0,1247.6,139.13,19.7,False
Maharashtra,Western,2022,sll_crime,182974.0,1257.33,145.53,5.4,False
Maharashtra,Western,2023,sll_crime,210480.0,1267.07,166.12,15.0,False
Maharashtra,Western,2024,sll_crime,226779.0,1276.8,177.62,7.7,False
Maharashtra,Western,2016,total_cognizable,430866.0,1191.43,361.64,,True
Maharashtra,Western,2017,total_cognizable,467753.0,1202.67,388.93,8.6,True
Maharashtra,Western,2018,total_cognizable,515674.0,1213.9,424.81,10.2,True
Maharashtra,Western,2019,total_cognizable,509433.0,1225.13,415.82,-1.2,True
Maharashtra,Western,2020,total_cognizable,539003.0,1236.37,435.96,5.8,True
Maharashtra,Western,2021,total_cognizable,540800.0,1247.6,433.47,0.3,True
Maharashtra,Western,2022,total_cognizable,557012.0,1257.33,443.01,3.0,False
Maharashtra,Western,2023,total_cognizable,596103.0,1267.07,470.46,7.0,False
Maharashtra,Western,2024,total_cognizable,609823.0,1276.8,477.62,2.3,False
Maharashtra,Western,2016,violent_crime,42468.0,1191.43,35.64,,False
Maharashtra,Western,2017,violent_crime,40010.0,1202.67,33.27,-5.8,False
Maharashtra,Western,2018,violent_crime,45706.0,1213.9,37.65,14.2,False
Maharashtra,Western,2019,violent_crime,44074.0,1225.13,35.97,-3.6,False
Maharashtra,Western,2020,violent_crime,39162.0,1236.37,31.67,-11.1,False
Maharashtra,Western,2021,violent_crime,43755.0,1247.6,35.07,11.7,False
Maharashtra,Western,2022,violent_crime,45358.0,1257.33,36.07,3.7,False
Maharashtra,Western,2023,violent_crime,46249.0,1267.07,36.5,2.0,False
Maharashtra,Western,2024,violent_crime,87791.0,1276.8,68.76,89.8,False
Manipur,North Eastern,2016,crime_against_children,134.0,9.13,14.68,,False
Manipur,North Eastern,2017,crime_against_children,109.0,9.37,11.63,-18.7,False
Manipur,North Eastern,2018,crime_against_children,128.0,9.6,13.33,17.4,False
Manipur,North Eastern,2019,crime_against_children,148.0,9.83,15.06,15.6,False
Manipur,North Eastern,2020,crime_against_children,125.0,10.07,12.41,-15.5,False
Manipur,North Eastern,2021,crime_against_children,143.0,10.3,13.88,14.4,False
Manipur,North Eastern,2022,crime_against_children,120.0,10.3,11.65,-16.1,False
Manipur,North Eastern,2023,crime_against_children,85.0,10.3,8.25,-29.2,False
Manipur,North Eastern,2024,crime_against_children,107.0,10.3,10.39,25.9,False
Manipur,North Eastern,2016,crime_against_women,253.0,14.97,16.9,,False
Manipur,North Eastern,2017,crime_against_women,236.0,15.13,15.6,-6.7,False
Manipur,North Eastern,2018,crime_against_women,271.0,15.3,17.71,14.8,False
Manipur,North Eastern,2019,crime_against_women,266.0,15.47,17.19,-1.8,False
Manipur,North Eastern,2020,crime_against_women,247.0,15.63,15.8,-7.1,False
Manipur,North Eastern,2021,crime_against_women,302.0,15.8,19.11,22.3,False
Manipur,North Eastern,2022,crime_against_women,248.0,15.97,15.53,-17.9,False
Manipur,North Eastern,2023,crime_against_women,201.0,16.13,12.46,-19.0,False
Manipur,North Eastern,2024,crime_against_women,195.0,16.3,11.96,-3.0,False
Manipur,North Eastern,2016,cyber_crime,11.0,30.2,0.36,,False
Manipur,North Eastern,2017,cyber_crime,74.0,30.5,2.43,572.7,False
Manipur,North Eastern,2018,cyber_crime,29.0,30.8,0.94,-60.8,False
Manipur,North Eastern,2019,cyber_crime,4.0,31.1,0.13,-86.2,False
Manipur,North Eastern,2020,cyber_crime,79.0,31.4,2.52,1875.0,False
Manipur,North Eastern,2021,cyber_crime,67.0,31.7,2.11,-15.2,False
Manipur,North Eastern,2022,cyber_crime,18.0,32.0,0.56,-73.1,False
Manipur,North Eastern,2023,cyber_crime,3.0,32.3,0.09,-83.3,False
Manipur,North Eastern,2024,cyber_crime,5.0,32.6,0.15,66.7,False
Manipur,North Eastern,2016,ipc_bns_crime,3170.0,30.2,104.97,,False
Manipur,North Eastern,2017,ipc_bns_crime,3416.0,30.5,112.0,7.8,False
Manipur,North Eastern,2018,ipc_bns_crime,2869.0,30.8,93.15,-16.0,False
Manipur,North Eastern,2019,ipc_bns_crime,2830.0,31.1,91.0,-1.4,False
Manipur,North Eastern,2020,ipc_bns_crime,2349.0,31.4,74.81,-17.0,False
Manipur,North Eastern,2021,ipc_bns_crime,2484.0,31.7,78.36,5.7,False
Manipur,North Eastern,2022,ipc_bns_crime,3029.0,32.0,94.66,21.9,False
Manipur,North Eastern,2023,ipc_bns_crime,19192.0,32.3,594.18,533.6,False
Manipur,North Eastern,2024,ipc_bns_crime,4572.0,32.6,140.25,-76.2,False
Manipur,North Eastern,2016,sll_crime,928.0,30.2,30.73,,False
Manipur,North Eastern,2017,sll_crime,834.0,30.5,27.34,-10.1,False
Manipur,North Eastern,2018,sll_crime,912.0,30.8,29.61,9.4,False
Manipur,North Eastern,2019,sll_crime,831.0,31.1,26.72,-8.9,False
Manipur,North Eastern,2020,sll_crime,637.0,31.4,20.29,-23.3,False
Manipur,North Eastern,2021,sll_crime,720.0,31.7,22.71,13.0,False
Manipur,North Eastern,2022,sll_crime,885.0,32.0,27.66,22.9,False
Manipur,North Eastern,2023,sll_crime,1091.0,32.3,33.78,23.3,False
Manipur,North Eastern,2024,sll_crime,712.0,32.6,21.84,-34.7,False
Manipur,North Eastern,2016,total_cognizable,4098.0,30.2,135.7,,True
Manipur,North Eastern,2017,total_cognizable,4250.0,30.5,139.34,3.7,True
Manipur,North Eastern,2018,total_cognizable,3781.0,30.8,122.76,-11.0,True
Manipur,North Eastern,2019,total_cognizable,3661.0,31.1,117.72,-3.2,True
Manipur,North Eastern,2020,total_cognizable,2986.0,31.4,95.1,-18.4,True
Manipur,North Eastern,2021,total_cognizable,3204.0,31.7,101.07,7.3,True
Manipur,North Eastern,2022,total_cognizable,3914.0,32.0,122.31,22.2,False
Manipur,North Eastern,2023,total_cognizable,20283.0,32.3,627.96,418.2,False
Manipur,North Eastern,2024,total_cognizable,5284.0,32.6,162.09,-73.9,False
Manipur,North Eastern,2016,violent_crime,911.0,30.2,30.17,,False
Manipur,North Eastern,2017,violent_crime,834.0,30.5,27.34,-8.5,False
Manipur,North Eastern,2018,violent_crime,658.0,30.8,21.36,-21.1,False
Manipur,North Eastern,2019,violent_crime,673.0,31.1,21.64,2.3,False
Manipur,North Eastern,2020,violent_crime,506.0,31.4,16.11,-24.8,False
Manipur,North Eastern,2021,violent_crime,545.0,31.7,17.19,7.7,False
Manipur,North Eastern,2022,violent_crime,631.0,32.0,19.72,15.8,False
Manipur,North Eastern,2023,violent_crime,14427.0,32.3,446.66,2186.4,False
Manipur,North Eastern,2024,violent_crime,1614.0,32.6,49.51,-88.8,False
Meghalaya,North Eastern,2016,crime_against_children,240.0,7.47,32.13,,False
Meghalaya,North Eastern,2017,crime_against_children,379.0,8.73,43.41,57.9,False
Meghalaya,North Eastern,2018,crime_against_children,385.0,10.0,38.5,1.6,False
Meghalaya,North Eastern,2019,crime_against_children,379.0,11.27,33.63,-1.6,False
Meghalaya,North Eastern,2020,crime_against_children,415.0,12.53,33.12,9.5,False
Meghalaya,North Eastern,2021,crime_against_children,481.0,13.8,34.86,15.9,False
Meghalaya,North Eastern,2022,crime_against_children,496.0,13.8,35.94,3.1,False
Meghalaya,North Eastern,2023,crime_against_children,512.0,13.8,37.1,3.2,False
Meghalaya,North Eastern,2024,crime_against_children,556.0,13.8,40.29,8.6,False
Meghalaya,North Eastern,2016,crime_against_women,372.0,15.73,23.65,,False
Meghalaya,North Eastern,2017,crime_against_women,567.0,15.87,35.73,52.4,False
Meghalaya,North Eastern,2018,crime_against_women,571.0,16.0,35.69,0.7,False
Meghalaya,North Eastern,2019,crime_against_women,558.0,16.13,34.59,-2.3,False
Meghalaya,North Eastern,2020,crime_against_women,568.0,16.27,34.91,1.8,False
Meghalaya,North Eastern,2021,crime_against_women,685.0,16.4,41.77,20.6,False
Meghalaya,North Eastern,2022,crime_against_women,690.0,16.57,41.64,0.7,False
Meghalaya,North Eastern,2023,crime_against_women,628.0,16.73,37.54,-9.0,False
Meghalaya,North Eastern,2024,crime_against_women,658.0,16.9,38.93,4.8,False
Meghalaya,North Eastern,2016,cyber_crime,39.0,31.33,1.24,,False
Meghalaya,North Eastern,2017,cyber_crime,39.0,31.67,1.23,0.0,False
Meghalaya,North Eastern,2018,cyber_crime,74.0,32.0,2.31,89.7,False
Meghalaya,North Eastern,2019,cyber_crime,89.0,32.33,2.75,20.3,False
Meghalaya,North Eastern,2020,cyber_crime,142.0,32.67,4.35,59.6,False
Meghalaya,North Eastern,2021,cyber_crime,107.0,33.0,3.24,-24.6,False
Meghalaya,North Eastern,2022,cyber_crime,75.0,33.3,2.25,-29.9,False
Meghalaya,North Eastern,2023,cyber_crime,64.0,33.6,1.9,-14.7,False
Meghalaya,North Eastern,2024,cyber_crime,97.0,33.9,2.86,51.6,False
Meghalaya,North Eastern,2016,ipc_bns_crime,3366.0,31.33,107.44,,False
Meghalaya,North Eastern,2017,ipc_bns_crime,3521.0,31.67,111.18,4.6,False
Meghalaya,North Eastern,2018,ipc_bns_crime,2921.0,32.0,91.28,-17.0,False
Meghalaya,North Eastern,2019,ipc_bns_crime,3125.0,32.33,96.66,7.0,False
Meghalaya,North Eastern,2020,ipc_bns_crime,2871.0,32.67,87.88,-8.1,False
Meghalaya,North Eastern,2021,ipc_bns_crime,2672.0,33.0,80.97,-6.9,False
Meghalaya,North Eastern,2022,ipc_bns_crime,2914.0,33.3,87.51,9.1,False
Meghalaya,North Eastern,2023,ipc_bns_crime,2730.0,33.6,81.25,-6.3,False
Meghalaya,North Eastern,2024,ipc_bns_crime,3233.0,33.9,95.37,18.4,False
Meghalaya,North Eastern,2016,sll_crime,216.0,31.33,6.89,,False
Meghalaya,North Eastern,2017,sll_crime,431.0,31.67,13.61,99.5,False
Meghalaya,North Eastern,2018,sll_crime,561.0,32.0,17.53,30.2,False
Meghalaya,North Eastern,2019,sll_crime,772.0,32.33,23.88,37.6,False
Meghalaya,North Eastern,2020,sll_crime,873.0,32.67,26.72,13.1,False
Meghalaya,North Eastern,2021,sll_crime,756.0,33.0,22.91,-13.4,False
Meghalaya,North Eastern,2022,sll_crime,711.0,33.3,21.35,-6.0,False
Meghalaya,North Eastern,2023,sll_crime,802.0,33.6,23.87,12.8,False
Meghalaya,North Eastern,2024,sll_crime,753.0,33.9,22.21,-6.1,False
Meghalaya,North Eastern,2016,total_cognizable,3582.0,31.33,114.33,,True
Meghalaya,North Eastern,2017,total_cognizable,3952.0,31.67,124.79,10.3,True
Meghalaya,North Eastern,2018,total_cognizable,3482.0,32.0,108.81,-11.9,True
Meghalaya,North Eastern,2019,total_cognizable,3897.0,32.33,120.54,11.9,True
Meghalaya,North Eastern,2020,total_cognizable,3744.0,32.67,114.6,-3.9,True
Meghalaya,North Eastern,2021,total_cognizable,3428.0,33.0,103.88,-8.4,True
Meghalaya,North Eastern,2022,total_cognizable,3625.0,33.3,108.86,5.7,False
Meghalaya,North Eastern,2023,total_cognizable,3532.0,33.6,105.12,-2.6,False
Meghalaya,North Eastern,2024,total_cognizable,3986.0,33.9,117.58,12.9,False
Meghalaya,North Eastern,2016,violent_crime,819.0,31.33,26.14,,False
Meghalaya,North Eastern,2017,violent_crime,715.0,31.67,22.58,-12.7,False
Meghalaya,North Eastern,2018,violent_crime,662.0,32.0,20.69,-7.4,False
Meghalaya,North Eastern,2019,violent_crime,678.0,32.33,20.97,2.4,False
Meghalaya,North Eastern,2020,violent_crime,530.0,32.67,16.22,-21.8,False
Meghalaya,North Eastern,2021,violent_crime,580.0,33.0,17.58,9.4,False
Meghalaya,North Eastern,2022,violent_crime,571.0,33.3,17.15,-1.6,False
Meghalaya,North Eastern,2023,violent_crime,483.0,33.6,14.38,-15.4,False
Meghalaya,North Eastern,2024,violent_crime,497.0,33.9,14.66,2.9,False
Mizoram,North Eastern,2016,crime_against_children,188.0,3.37,55.79,,False
Mizoram,North Eastern,2017,crime_against_children,220.0,3.53,62.32,17.0,False
Mizoram,North Eastern,2018,crime_against_children,198.0,3.7,53.51,-10.0,False
Mizoram,North Eastern,2019,crime_against_children,125.0,3.87,32.3,-36.9,False
Mizoram,North Eastern,2020,crime_against_children,142.0,4.03,35.24,13.6,False
Mizoram,North Eastern,2021,crime_against_children,122.0,4.2,29.05,-14.1,False
Mizoram,North Eastern,2022,crime_against_children,135.0,4.2,32.14,10.7,False
Mizoram,North Eastern,2023,crime_against_children,146.0,4.2,34.76,8.1,False
Mizoram,North Eastern,2024,crime_against_children,176.0,4.2,41.9,20.5,False
Mizoram,North Eastern,2016,crime_against_women,120.0,5.83,20.58,,False
Mizoram,North Eastern,2017,crime_against_women,301.0,5.87,51.28,150.8,False
Mizoram,North Eastern,2018,crime_against_women,249.0,5.9,42.2,-17.3,False
Mizoram,North Eastern,2019,crime_against_women,170.0,5.93,28.67,-31.7,False
Mizoram,North Eastern,2020,crime_against_women,172.0,5.97,28.81,1.2,False
Mizoram,North Eastern,2021,crime_against_women,176.0,6.0,29.33,2.3,False
Mizoram,North Eastern,2022,crime_against_women,147.0,6.07,24.22,-16.5,False
Mizoram,North Eastern,2023,crime_against_women,184.0,6.13,30.02,25.2,False
Mizoram,North Eastern,2024,crime_against_women,259.0,6.2,41.77,40.8,False
Mizoram,North Eastern,2016,cyber_crime,1.0,11.53,0.09,,False
Mizoram,North Eastern,2017,cyber_crime,10.0,11.67,0.86,900.0,False
Mizoram,North Eastern,2018,cyber_crime,6.0,11.8,0.51,-40.0,False
Mizoram,North Eastern,2019,cyber_crime,8.0,11.93,0.67,33.3,False
Mizoram,North Eastern,2020,cyber_crime,13.0,12.07,1.08,62.5,False
Mizoram,North Eastern,2021,cyber_crime,30.0,12.2,2.46,130.8,False
Mizoram,North Eastern,2022,cyber_crime,1.0,12.3,0.08,-96.7,False
Mizoram,North Eastern,2023,cyber_crime,31.0,12.4,2.5,3000.0,False
Mizoram,North Eastern,2024,cyber_crime,50.0,12.5,4.0,61.3,False
Mizoram,North Eastern,2016,ipc_bns_crime,2425.0,11.53,210.32,,False
Mizoram,North Eastern,2017,ipc_bns_crime,2118.0,11.67,181.49,-12.7,False
Mizoram,North Eastern,2018,ipc_bns_crime,1774.0,11.8,150.34,-16.2,False
Mizoram,North Eastern,2019,ipc_bns_crime,2379.0,11.93,199.41,34.1,False
Mizoram,North Eastern,2020,ipc_bns_crime,1787.0,12.07,148.05,-24.9,False
Mizoram,North Eastern,2021,ipc_bns_crime,2467.0,12.2,202.21,38.1,False
Mizoram,North Eastern,2022,ipc_bns_crime,3587.0,12.3,291.63,45.4,False
Mizoram,North Eastern,2023,ipc_bns_crime,3281.0,12.4,264.6,-8.5,False
Mizoram,North Eastern,2024,ipc_bns_crime,2701.0,12.5,216.08,-17.7,False
Mizoram,North Eastern,2016,sll_crime,375.0,11.53,32.52,,False
Mizoram,North Eastern,2017,sll_crime,620.0,11.67,53.13,65.3,False
Mizoram,North Eastern,2018,sll_crime,577.0,11.8,48.9,-6.9,False
Mizoram,North Eastern,2019,sll_crime,501.0,11.93,41.99,-13.2,False
Mizoram,North Eastern,2020,sll_crime,502.0,12.07,41.59,0.2,False
Mizoram,North Eastern,2021,sll_crime,729.0,12.2,59.75,45.2,False
Mizoram,North Eastern,2022,sll_crime,546.0,12.3,44.39,-25.1,False
Mizoram,North Eastern,2023,sll_crime,769.0,12.4,62.02,40.8,False
Mizoram,North Eastern,2024,sll_crime,851.0,12.5,68.08,10.7,False
Mizoram,North Eastern,2016,total_cognizable,2800.0,11.53,242.84,,True
Mizoram,North Eastern,2017,total_cognizable,2738.0,11.67,234.62,-2.2,True
Mizoram,North Eastern,2018,total_cognizable,2351.0,11.8,199.24,-14.1,True
Mizoram,North Eastern,2019,total_cognizable,2880.0,11.93,241.41,22.5,True
Mizoram,North Eastern,2020,total_cognizable,2289.0,12.07,189.64,-20.5,True
Mizoram,North Eastern,2021,total_cognizable,3196.0,12.2,261.97,39.6,True
Mizoram,North Eastern,2022,total_cognizable,4133.0,12.3,336.02,29.3,False
Mizoram,North Eastern,2023,total_cognizable,4050.0,12.4,326.61,-2.0,False
Mizoram,North Eastern,2024,total_cognizable,3552.0,12.5,284.16,-12.3,False
Mizoram,North Eastern,2016,violent_crime,241.0,11.53,20.9,,False
Mizoram,North Eastern,2017,violent_crime,143.0,11.67,12.25,-40.7,False
Mizoram,North Eastern,2018,violent_crime,161.0,11.8,13.64,12.6,False
Mizoram,North Eastern,2019,violent_crime,163.0,11.93,13.66,1.2,False
Mizoram,North Eastern,2020,violent_crime,161.0,12.07,13.34,-1.2,False
Mizoram,North Eastern,2021,violent_crime,186.0,12.2,15.25,15.5,False
Mizoram,North Eastern,2022,violent_crime,187.0,12.3,15.2,0.5,False
Mizoram,North Eastern,2023,violent_crime,173.0,12.4,13.95,-7.5,False
Mizoram,North Eastern,2024,violent_crime,232.0,12.5,18.56,34.1,False
Nagaland,North Eastern,2016,crime_against_children,78.0,5.7,13.68,,False
Nagaland,North Eastern,2017,crime_against_children,93.0,6.2,15.0,19.2,False
Nagaland,North Eastern,2018,crime_against_children,70.0,6.7,10.45,-24.7,False
Nagaland,North Eastern,2019,crime_against_children,59.0,7.2,8.19,-15.7,False
Nagaland,North Eastern,2020,crime_against_children,31.0,7.7,4.03,-47.5,False
Nagaland,North Eastern,2021,crime_against_children,51.0,8.2,6.22,64.5,False
Nagaland,North Eastern,2022,crime_against_children,35.0,8.2,4.27,-31.4,False
Nagaland,North Eastern,2023,crime_against_children,26.0,8.2,3.17,-25.7,False
Nagaland,North Eastern,2024,crime_against_children,52.0,8.2,6.34,100.0,False
Nagaland,North Eastern,2016,crime_against_women,105.0,10.1,10.4,,False
Nagaland,North Eastern,2017,crime_against_women,79.0,10.2,7.75,-24.8,False
Nagaland,North Eastern,2018,crime_against_women,75.0,10.3,7.28,-5.1,False
Nagaland,North Eastern,2019,crime_against_women,43.0,10.4,4.13,-42.7,False
Nagaland,North Eastern,2020,crime_against_women,39.0,10.5,3.71,-9.3,False
Nagaland,North Eastern,2021,crime_against_women,54.0,10.6,5.09,38.5,False
Nagaland,North Eastern,2022,crime_against_women,49.0,10.7,4.58,-9.3,False
Nagaland,North Eastern,2023,crime_against_women,56.0,10.8,5.19,14.3,False
Nagaland,North Eastern,2024,crime_against_women,56.0,10.9,5.14,0.0,False
Nagaland,North Eastern,2016,cyber_crime,2.0,20.83,0.1,,False
Nagaland,North Eastern,2017,cyber_crime,0.0,21.07,0.0,-100.0,False
Nagaland,North Eastern,2018,cyber_crime,2.0,21.3,0.09,inf,False
Nagaland,North Eastern,2019,cyber_crime,2.0,21.53,0.09,0.0,False
Nagaland,North Eastern,2020,cyber_crime,8.0,21.77,0.37,300.0,False
Nagaland,North Eastern,2021,cyber_crime,8.0,22.0,0.36,0.0,False
Nagaland,North Eastern,2022,cyber_crime,4.0,22.2,0.18,-50.0,False
Nagaland,North Eastern,2023,cyber_crime,2.0,22.4,0.09,-50.0,False
Nagaland,North Eastern,2024,cyber_crime,14.0,22.6,0.62,600.0,False
Nagaland,North Eastern,2016,ipc_bns_crime,1376.0,20.83,66.06,,False
Nagaland,North Eastern,2017,ipc_bns_crime,1068.0,21.07,50.69,-22.4,False
Nagaland,North Eastern,2018,ipc_bns_crime,1223.0,21.3,57.42,14.5,False
Nagaland,North Eastern,2019,ipc_bns_crime,1117.0,21.53,51.88,-8.7,False
Nagaland,North Eastern,2020,ipc_bns_crime,1022.0,21.77,46.95,-8.5,False
Nagaland,North Eastern,2021,ipc_bns_crime,1033.0,22.0,46.95,1.1,False
Nagaland,North Eastern,2022,ipc_bns_crime,1008.0,22.2,45.41,-2.4,False
Nagaland,North Eastern,2023,ipc_bns_crime,1050.0,22.4,46.88,4.2,False
Nagaland,North Eastern,2024,ipc_bns_crime,802.0,22.6,35.49,-23.6,False
Nagaland,North Eastern,2016,sll_crime,532.0,20.83,25.54,,False
Nagaland,North Eastern,2017,sll_crime,485.0,21.07,23.02,-8.8,False
Nagaland,North Eastern,2018,sll_crime,552.0,21.3,25.92,13.8,False
Nagaland,North Eastern,2019,sll_crime,544.0,21.53,25.27,-1.4,False
Nagaland,North Eastern,2020,sll_crime,489.0,21.77,22.46,-10.1,False
Nagaland,North Eastern,2021,sll_crime,445.0,22.0,20.23,-9.0,False
Nagaland,North Eastern,2022,sll_crime,584.0,22.2,26.31,31.2,False
Nagaland,North Eastern,2023,sll_crime,849.0,22.4,37.9,45.4,False
Nagaland,North Eastern,2024,sll_crime,590.0,22.6,26.11,-30.5,False
Nagaland,North Eastern,2016,total_cognizable,1908.0,20.83,91.6,,True
Nagaland,North Eastern,2017,total_cognizable,1553.0,21.07,73.71,-18.6,True
Nagaland,North Eastern,2018,total_cognizable,1775.0,21.3,83.33,14.3,True
Nagaland,North Eastern,2019,total_cognizable,1661.0,21.53,77.15,-6.4,True
Nagaland,North Eastern,2020,total_cognizable,1511.0,21.77,69.41,-9.0,True
Nagaland,North Eastern,2021,total_cognizable,1478.0,22.0,67.18,-2.2,True
Nagaland,North Eastern,2022,total_cognizable,1592.0,22.2,71.71,7.7,False
Nagaland,North Eastern,2023,total_cognizable,1899.0,22.4,84.78,19.3,False
Nagaland,North Eastern,2024,total_cognizable,1392.0,22.6,61.59,-26.7,False
Nagaland,North Eastern,2016,violent_crime,302.0,20.83,14.5,,False
Nagaland,North Eastern,2017,violent_crime,217.0,21.07,10.3,-28.1,False
Nagaland,North Eastern,2018,violent_crime,233.0,21.3,10.94,7.4,False
Nagaland,North Eastern,2019,violent_crime,181.0,21.53,8.41,-22.3,False
Nagaland,North Eastern,2020,violent_crime,123.0,21.77,5.65,-32.0,False
Nagaland,North Eastern,2021,violent_crime,158.0,22.0,7.18,28.5,False
Nagaland,North Eastern,2022,violent_crime,121.0,22.2,5.45,-23.4,False
Nagaland,North Eastern,2023,violent_crime,146.0,22.4,6.52,20.7,False
Nagaland,North Eastern,2024,violent_crime,125.0,22.6,5.53,-14.4,False
Odisha,Eastern,2016,crime_against_children,3286.0,137.93,23.82,,False
Odisha,Eastern,2017,crime_against_children,3185.0,139.17,22.89,-3.1,False
Odisha,Eastern,2018,crime_against_children,5217.0,140.4,37.16,63.8,False
Odisha,Eastern,2019,crime_against_children,7012.0,141.63,49.51,34.4,False
Odisha,Eastern,2020,crime_against_children,6330.0,142.87,44.31,-9.7,False
Odisha,Eastern,2021,crime_against_children,7899.0,144.1,54.82,24.8,False
Odisha,Eastern,2022,crime_against_children,8240.0,144.1,57.18,4.3,False
Odisha,Eastern,2023,crime_against_children,8577.0,144.1,59.52,4.1,False
Odisha,Eastern,2024,crime_against_children,9528.0,144.1,66.12,11.1,False
Odisha,Eastern,2016,crime_against_women,17837.0,218.57,81.61,,False
Odisha,Eastern,2017,crime_against_women,20098.0,220.33,91.22,12.7,False
Odisha,Eastern,2018,crime_against_women,20274.0,222.1,91.28,0.9,False
Odisha,Eastern,2019,crime_against_women,23183.0,223.87,103.56,14.3,False
Odisha,Eastern,2020,crime_against_women,25489.0,225.63,112.97,9.9,False
Odisha,Eastern,2021,crime_against_women,31352.0,227.4,137.87,23.0,False
Odisha,Eastern,2022,crime_against_women,23648.0,228.93,103.3,-24.6,False
Odisha,Eastern,2023,crime_against_women,25914.0,230.47,112.44,9.6,False
Odisha,Eastern,2024,crime_against_women,27449.0,232.0,118.31,5.9,False
Odisha,Eastern,2016,cyber_crime,317.0,420.57,0.75,,False
Odisha,Eastern,2017,cyber_crime,824.0,428.03,1.93,159.9,False
Odisha,Eastern,2018,cyber_crime,843.0,435.5,1.94,2.3,False
Odisha,Eastern,2019,cyber_crime,1485.0,442.97,3.35,76.2,False
Odisha,Eastern,2020,cyber_crime,1931.0,450.43,4.29,30.0,False
Odisha,Eastern,2021,cyber_crime,2037.0,457.9,4.45,5.5,False
Odisha,Eastern,2022,cyber_crime,1983.0,460.8,4.3,-2.7,False
Odisha,Eastern,2023,cyber_crime,2348.0,463.7,5.06,18.4,False
Odisha,Eastern,2024,cyber_crime,2501.0,466.6,5.36,6.5,False
Odisha,Eastern,2016,ipc_bns_crime,81460.0,420.57,193.69,,False
Odisha,Eastern,2017,ipc_bns_crime,83583.0,428.03,195.27,2.6,False
Odisha,Eastern,2018,ipc_bns_crime,83769.0,435.5,192.35,0.2,False
Odisha,Eastern,2019,ipc_bns_crime,96033.0,442.97,216.79,14.6,False
Odisha,Eastern,2020,ipc_bns_crime,108533.0,450.43,240.95,13.0,False
Odisha,Eastern,2021,ipc_bns_crime,124956.0,457.9,272.89,15.1,False
Odisha,Eastern,2022,ipc_bns_crime,143414.0,460.8,311.23,14.8,False
Odisha,Eastern,2023,ipc_bns_crime,170022.0,463.7,366.66,18.6,False
Odisha,Eastern,2024,ipc_bns_crime,171193.0,466.6,366.89,0.7,False
Odisha,Eastern,2016,sll_crime,22105.0,420.57,52.56,,False
Odisha,Eastern,2017,sll_crime,20283.0,428.03,47.39,-8.2,False
Odisha,Eastern,2018,sll_crime,23639.0,435.5,54.28,16.5,False
Odisha,Eastern,2019,sll_crime,25492.0,442.97,57.55,7.8,False
Odisha,Eastern,2020,sll_crime,25697.0,450.43,57.05,0.8,False
Odisha,Eastern,2021,sll_crime,30464.0,457.9,66.53,18.6,False
Odisha,Eastern,2022,sll_crime,34776.0,460.8,75.47,14.2,False
Odisha,Eastern,2023,sll_crime,29932.0,463.7,64.55,-13.9,False
Odisha,Eastern,2024,sll_crime,42920.0,466.6,91.98,43.4,False
Odisha,Eastern,2016,total_cognizable,103565.0,420.57,246.25,,True
Odisha,Eastern,2017,total_cognizable,103866.0,428.03,242.66,0.3,True
Odisha,Eastern,2018,total_cognizable,107408.0,435.5,246.63,3.4,True
Odisha,Eastern,2019,total_cognizable,121525.0,442.97,274.34,13.1,True
Odisha,Eastern,2020,total_cognizable,134230.0,450.43,298.0,10.5,True
Odisha,Eastern,2021,total_cognizable,155420.0,457.9,339.42,15.8,True
Odisha,Eastern,2022,total_cognizable,178190.0,460.8,386.7,14.7,False
Odisha,Eastern,2023,total_cognizable,199954.0,463.7,431.21,12.2,False
Odisha,Eastern,2024,total_cognizable,214113.0,466.6,458.88,7.1,False
Odisha,Eastern,2016,violent_crime,19092.0,420.57,45.4,,False
Odisha,Eastern,2017,violent_crime,19885.0,428.03,46.46,4.2,False
Odisha,Eastern,2018,violent_crime,15955.0,435.5,36.64,-19.8,False
Odisha,Eastern,2019,violent_crime,21187.0,442.97,47.83,32.8,False
Odisha,Eastern,2020,violent_crime,17273.0,450.43,38.35,-18.5,False
Odisha,Eastern,2021,violent_crime,22244.0,457.9,48.58,28.8,False
Odisha,Eastern,2022,violent_crime,43566.0,460.8,94.54,95.9,False
Odisha,Eastern,2023,violent_crime,31749.0,463.7,68.47,-27.1,False
Odisha,Eastern,2024,violent_crime,75403.0,466.6,161.6,137.5,False
Puducherry,Southern,2016,crime_against_children,71.0,5.43,13.08,,False
Puducherry,Southern,2017,crime_against_children,76.0,5.07,14.99,7.0,False
Puducherry,Southern,2018,crime_against_children,89.0,4.7,18.94,17.1,False
Puducherry,Southern,2019,crime_against_children,50.0,4.33,11.55,-43.8,False
Puducherry,Southern,2020,crime_against_children,71.0,3.97,17.88,42.0,False
Puducherry,Southern,2021,crime_against_children,122.0,3.6,33.89,71.8,False
Puducherry,Southern,2022,crime_against_children,139.0,3.6,38.61,13.9,False
Puducherry,Southern,2023,crime_against_children,156.0,3.6,43.33,12.2,False
Puducherry,Southern,2024,crime_against_children,193.0,3.6,53.61,23.7,False
Puducherry,Southern,2016,crime_against_women,95.0,7.3,13.01,,False
Puducherry,Southern,2017,crime_against_women,147.0,7.5,19.6,54.7,False
Puducherry,Southern,2018,crime_against_women,166.0,7.7,21.56,12.9,False
Puducherry,Southern,2019,crime_against_women,95.0,7.9,12.03,-42.8,False
Puducherry,Southern,2020,crime_against_women,113.0,8.1,13.95,18.9,False
Puducherry,Southern,2021,crime_against_women,153.0,8.3,18.43,35.4,False
Puducherry,Southern,2022,crime_against_women,200.0,8.5,23.53,30.7,False
Puducherry,Southern,2023,crime_against_women,212.0,8.7,24.37,6.0,False
Puducherry,Southern,2024,crime_against_women,272.0,8.9,30.56,28.3,False
Puducherry,Southern,2016,cyber_crime,2.0,14.13,0.14,,False
Puducherry,Southern,2017,cyber_crime,5.0,14.47,0.35,150.0,False
Puducherry,Southern,2018,cyber_crime,14.0,14.8,0.95,180.0,False
Puducherry,Southern,2019,cyber_crime,4.0,15.13,0.26,-71.4,False
Puducherry,Southern,2020,cyber_crime,10.0,15.47,0.65,150.0,False
Puducherry,Southern,2021,cyber_crime,0.0,15.8,0.0,-100.0,False
Puducherry,Southern,2022,cyber_crime,64.0,16.2,3.95,inf,False
Puducherry,Southern,2023,cyber_crime,147.0,16.6,8.86,129.7,False
Puducherry,Southern,2024,cyber_crime,142.0,17.0,8.35,-3.4,False
Puducherry,Southern,2016,ipc_bns_crime,4086.0,14.13,289.17,,False
Puducherry,Southern,2017,ipc_bns_crime,3883.0,14.47,268.35,-5.0,False
Puducherry,Southern,2018,ipc_bns_crime,3606.0,14.8,243.65,-7.1,False
Puducherry,Southern,2019,ipc_bns_crime,3167.0,15.13,209.32,-12.2,False
Puducherry,Southern,2020,ipc_bns_crime,6725.0,15.47,434.71,112.3,False
Puducherry,Southern,2021,ipc_bns_crime,3851.0,15.8,243.73,-42.7,False
Puducherry,Southern,2022,ipc_bns_crime,3237.0,16.2,199.81,-15.9,False
Puducherry,Southern,2023,ipc_bns_crime,3348.0,16.6,201.69,3.4,False
Puducherry,Southern,2024,ipc_bns_crime,3515.0,17.0,206.76,5.0,False
Puducherry,Southern,2016,sll_crime,799.0,14.13,56.55,,False
Puducherry,Southern,2017,sll_crime,916.0,14.47,63.3,14.6,False
Puducherry,Southern,2018,sll_crime,1068.0,14.8,72.16,16.6,False
Puducherry,Southern,2019,sll_crime,837.0,15.13,55.32,-21.6,False
Puducherry,Southern,2020,sll_crime,1215.0,15.47,78.54,45.2,False
Puducherry,Southern,2021,sll_crime,744.0,15.8,47.09,-38.8,False
Puducherry,Southern,2022,sll_crime,1321.0,16.2,81.54,77.6,False
Puducherry,Southern,2023,sll_crime,1717.0,16.6,103.43,30.0,False
Puducherry,Southern,2024,sll_crime,1983.0,17.0,116.65,15.5,False
Puducherry,Southern,2016,total_cognizable,4885.0,14.13,345.72,,True
Puducherry,Southern,2017,total_cognizable,4799.0,14.47,331.65,-1.8,True
Puducherry,Southern,2018,total_cognizable,4674.0,14.8,315.81,-2.6,True
Puducherry,Southern,2019,total_cognizable,4004.0,15.13,264.64,-14.3,True
Puducherry,Southern,2020,total_cognizable,7940.0,15.47,513.25,98.3,True
Puducherry,Southern,2021,total_cognizable,4595.0,15.8,290.82,-42.1,True
Puducherry,Southern,2022,total_cognizable,4558.0,16.2,281.36,-0.8,False
Puducherry,Southern,2023,total_cognizable,5065.0,16.6,305.12,11.1,False
Puducherry,Southern,2024,total_cognizable,5498.0,17.0,323.41,8.5,False
Puducherry,Southern,2016,violent_crime,187.0,14.13,13.23,,False
Puducherry,Southern,2017,violent_crime,205.0,14.47,14.17,9.6,False
Puducherry,Southern,2018,violent_crime,197.0,14.8,13.31,-3.9,False
Puducherry,Southern,2019,violent_crime,146.0,15.13,9.65,-25.9,False
Puducherry,Southern,2020,violent_crime,216.0,15.47,13.96,47.9,False
Puducherry,Southern,2021,violent_crime,191.0,15.8,12.09,-11.6,False
Puducherry,Southern,2022,violent_crime,199.0,16.2,12.28,4.2,False
Puducherry,Southern,2023,violent_crime,247.0,16.6,14.88,24.1,False
Puducherry,Southern,2024,violent_crime,784.0,17.0,46.12,217.4,False
Punjab,Northern,2016,crime_against_children,1843.0,87.9,20.97,,False
Punjab,Northern,2017,crime_against_children,2133.0,87.8,24.29,15.7,False
Punjab,Northern,2018,crime_against_children,2308.0,87.7,26.32,8.2,False
Punjab,Northern,2019,crime_against_children,2625.0,87.6,29.97,13.7,False
Punjab,Northern,2020,crime_against_children,2121.0,87.5,24.24,-19.2,False
Punjab,Northern,2021,crime_against_children,2556.0,87.4,29.24,20.5,False
Punjab,Northern,2022,crime_against_children,2494.0,87.4,28.54,-2.4,False
Punjab,Northern,2023,crime_against_children,2462.0,87.4,28.17,-1.3,False
Punjab,Northern,2024,crime_against_children,2468.0,87.4,28.24,0.2,False
Punjab,Northern,2016,crime_against_women,5105.0,138.3,36.91,,False
Punjab,Northern,2017,crime_against_women,4620.0,139.5,33.12,-9.5,False
Punjab,Northern,2018,crime_against_women,5302.0,140.7,37.68,14.8,False
Punjab,Northern,2019,crime_against_women,5886.0,141.9,41.48,11.0,False
Punjab,Northern,2020,crime_against_women,4838.0,143.1,33.81,-17.8,False
Punjab,Northern,2021,crime_against_women,5662.0,144.3,39.24,17.0,False
Punjab,Northern,2022,crime_against_women,5572.0,145.3,38.35,-1.6,False
Punjab,Northern,2023,crime_against_women,5258.0,146.3,35.94,-5.6,False
Punjab,Northern,2024,crime_against_women,5348.0,147.3,36.31,1.7,False
Punjab,Northern,2016,cyber_crime,102.0,292.33,0.35,,False
Punjab,Northern,2017,cyber_crime,176.0,294.67,0.6,72.5,False
Punjab,Northern,2018,cyber_crime,239.0,297.0,0.8,35.8,False
Punjab,Northern,2019,cyber_crime,243.0,299.33,0.81,1.7,False
Punjab,Northern,2020,cyber_crime,378.0,301.67,1.25,55.6,False
Punjab,Northern,2021,cyber_crime,551.0,304.0,1.81,45.8,False
Punjab,Northern,2022,cyber_crime,697.0,305.97,2.28,26.5,False
Punjab,Northern,2023,cyber_crime,511.0,307.93,1.66,-26.7,False
Punjab,Northern,2024,cyber_crime,888.0,309.9,2.87,73.8,False
Punjab,Northern,2016,ipc_bns_crime,40007.0,292.33,136.86,,False
Punjab,Northern,2017,ipc_bns_crime,39288.0,294.67,133.33,-1.8,False
Punjab,Northern,2018,ipc_bns_crime,41640.0,297.0,140.2,6.0,False
Punjab,Northern,2019,ipc_bns_crime,44697.0,299.33,149.32,7.3,False
Punjab,Northern,2020,ipc_bns_crime,49870.0,301.67,165.31,11.6,False
Punjab,Northern,2021,ipc_bns_crime,46454.0,304.0,152.81,-6.8,False
Punjab,Northern,2022,ipc_bns_crime,43738.0,305.97,142.95,-5.8,False
Punjab,Northern,2023,ipc_bns_crime,44872.0,307.93,145.72,2.6,False
Punjab,Northern,2024,ipc_bns_crime,47677.0,309.9,153.85,6.3,False
Punjab,Northern,2016,sll_crime,17732.0,292.33,60.66,,False
Punjab,Northern,2017,sll_crime,31385.0,294.67,106.51,77.0,False
Punjab,Northern,2018,sll_crime,28678.0,297.0,96.56,-8.6,False
Punjab,Northern,2019,sll_crime,28158.0,299.33,94.07,-1.8,False
Punjab,Northern,2020,sll_crime,33005.0,301.67,109.41,17.2,False
Punjab,Northern,2021,sll_crime,27127.0,304.0,89.23,-17.8,False
Punjab,Northern,2022,sll_crime,29887.0,305.97,97.68,10.2,False
Punjab,Northern,2023,sll_crime,25072.0,307.93,81.42,-16.1,False
Punjab,Northern,2024,sll_crime,21278.0,309.9,68.66,-15.1,False
Punjab,Northern,2016,total_cognizable,57739.0,292.33,197.51,,True
Punjab,Northern,2017,total_cognizable,70673.0,294.67,239.84,22.4,True
Punjab,Northern,2018,total_cognizable,70318.0,297.0,236.76,-0.5,True
Punjab,Northern,2019,total_cognizable,72855.0,299.33,243.39,3.6,True
Punjab,Northern,2020,total_cognizable,82875.0,301.67,274.72,13.8,True
Punjab,Northern,2021,total_cognizable,73581.0,304.0,242.04,-11.2,True
Punjab,Northern,2022,total_cognizable,73625.0,305.97,240.63,0.1,False
Punjab,Northern,2023,total_cognizable,69944.0,307.93,227.14,-5.0,False
Punjab,Northern,2024,total_cognizable,68955.0,309.9,222.51,-1.4,False
Punjab,Northern,2016,violent_crime,6909.0,292.33,23.63,,False
Punjab,Northern,2017,violent_crime,5538.0,294.67,18.79,-19.8,False
Punjab,Northern,2018,violent_crime,6153.0,297.0,20.72,11.1,False
Punjab,Northern,2019,violent_crime,6764.0,299.33,22.6,9.9,False
Punjab,Northern,2020,violent_crime,6051.0,301.67,20.06,-10.5,False
Punjab,Northern,2021,violent_crime,6322.0,304.0,20.8,4.5,False
Punjab,Northern,2022,violent_crime,6230.0,305.97,20.36,-1.5,False
Punjab,Northern,2023,violent_crime,6193.0,307.93,20.11,-0.6,False
Punjab,Northern,2024,violent_crime,7758.0,309.9,25.03,25.3,False
Rajasthan,Northern,2016,crime_against_children,4034.0,288.07,14.0,,False
Rajasthan,Northern,2017,crime_against_children,5180.0,286.73,18.07,28.4,False
Rajasthan,Northern,2018,crime_against_children,5150.0,285.4,18.04,-0.6,False
Rajasthan,Northern,2019,crime_against_children,7385.0,284.07,26.0,43.4,False
Rajasthan,Northern,2020,crime_against_children,6580.0,282.73,23.27,-10.9,False
Rajasthan,Northern,2021,crime_against_children,7653.0,281.4,27.2,16.3,False
Rajasthan,Northern,2022,crime_against_children,9370.0,281.4,33.3,22.4,False
Rajasthan,Northern,2023,crime_against_children,10577.0,281.4,37.59,12.9,False
Rajasthan,Northern,2024,crime_against_children,8992.0,281.4,31.95,-15.0,False
Rajasthan,Northern,2016,crime_against_women,27422.0,360.7,76.02,,False
Rajasthan,Northern,2017,crime_against_women,25993.0,365.9,71.04,-5.2,False
Rajasthan,Northern,2018,crime_against_women,27866.0,371.1,75.09,7.2,False
Rajasthan,Northern,2019,crime_against_women,41550.0,376.3,110.42,49.1,False
Rajasthan,Northern,2020,crime_against_women,34535.0,381.5,90.52,-16.9,False
Rajasthan,Northern,2021,crime_against_women,40738.0,386.7,105.35,18.0,False
Rajasthan,Northern,2022,crime_against_women,45058.0,391.33,115.14,10.6,False
Rajasthan,Northern,2023,crime_against_women,45450.0,395.97,114.78,0.9,False
Rajasthan,Northern,2024,crime_against_women,36563.0,400.6,91.27,-19.6,False
Rajasthan,Northern,2016,cyber_crime,941.0,746.03,1.26,,False
Rajasthan,Northern,2017,cyber_crime,1304.0,755.97,1.72,38.6,False
Rajasthan,Northern,2018,cyber_crime,1104.0,765.9,1.44,-15.3,False
Rajasthan,Northern,2019,cyber_crime,1762.0,775.83,2.27,59.6,False
Rajasthan,Northern,2020,cyber_crime,1354.0,785.77,1.72,-23.2,False
Rajasthan,Northern,2021,cyber_crime,1504.0,795.7,1.89,11.1,False
Rajasthan,Northern,2022,cyber_crime,1833.0,804.43,2.28,21.9,False
Rajasthan,Northern,2023,cyber_crime,2435.0,813.17,2.99,32.8,False
Rajasthan,Northern,2024,cyber_crime,1527.0,821.9,1.86,-37.3,False
Rajasthan,Northern,2016,ipc_bns_crime,180398.0,746.03,241.81,,False
Rajasthan,Northern,2017,ipc_bns_crime,169941.0,755.97,224.8,-5.8,False
Rajasthan,Northern,2018,ipc_bns_crime,171889.0,765.9,224.43,1.1,False
Rajasthan,Northern,2019,ipc_bns_crime,225306.0,775.83,290.41,31.1,False
Rajasthan,Northern,2020,ipc_bns_crime,193279.0,785.77,245.97,-14.2,False
Rajasthan,Northern,2021,ipc_bns_crime,214552.0,795.7,269.64,11.0,False
Rajasthan,Northern,2022,ipc_bns_crime,236090.0,804.43,293.49,10.0,False
Rajasthan,Northern,2023,ipc_bns_crime,234985.0,813.17,288.97,-0.5,False
Rajasthan,Northern,2024,ipc_bns_crime,213352.0,821.9,259.58,-9.2,False
Rajasthan,Northern,2016,sll_crime,70749.0,746.03,94.83,,False
Rajasthan,Northern,2017,sll_crime,75612.0,755.97,100.02,6.9,False
Rajasthan,Northern,2018,sll_crime,78657.0,765.9,102.7,4.0,False
Rajasthan,Northern,2019,sll_crime,79088.0,775.83,101.94,0.5,False
Rajasthan,Northern,2020,sll_crime,67099.0,785.77,85.39,-15.2,False
Rajasthan,Northern,2021,sll_crime,70017.0,795.7,87.99,4.3,False
Rajasthan,Northern,2022,sll_crime,76714.0,804.43,95.36,9.6,False
Rajasthan,Northern,2023,sll_crime,82495.0,813.17,101.45,7.5,False
Rajasthan,Northern,2024,sll_crime,84200.0,821.9,102.45,2.1,False
Rajasthan,Northern,2016,total_cognizable,251147.0,746.03,336.64,,True
Rajasthan,Northern,2017,total_cognizable,245553.0,755.97,324.82,-2.2,True
Rajasthan,Northern,2018,total_cognizable,250546.0,765.9,327.13,2.0,True
Rajasthan,Northern,2019,total_cognizable,304394.0,775.83,392.35,21.5,True
Rajasthan,Northern,2020,total_cognizable,260378.0,785.77,331.37,-14.5,True
Rajasthan,Northern,2021,total_cognizable,284569.0,795.7,357.63,9.3,True
Rajasthan,Northern,2022,total_cognizable,312804.0,804.43,388.85,9.9,False
Rajasthan,Northern,2023,total_cognizable,317480.0,813.17,390.42,1.5,False
Rajasthan,Northern,2024,total_cognizable,297552.0,821.9,362.03,-6.3,False
Rajasthan,Northern,2016,violent_crime,16223.0,746.03,21.75,,False
Rajasthan,Northern,2017,violent_crime,16328.0,755.97,21.6,0.6,False
Rajasthan,Northern,2018,violent_crime,18047.0,765.9,23.56,10.5,False
Rajasthan,Northern,2019,violent_crime,22961.0,775.83,29.6,27.2,False
Rajasthan,Northern,2020,violent_crime,20377.0,785.77,25.93,-11.3,False
Rajasthan,Northern,2021,violent_crime,23104.0,795.7,29.04,13.4,False
Rajasthan,Northern,2022,violent_crime,24183.0,804.43,30.06,4.7,False
Rajasthan,Northern,2023,violent_crime,24659.0,813.17,30.32,2.0,False
Rajasthan,Northern,2024,violent_crime,32875.0,821.9,40.0,33.3,False
Sikkim,North Eastern,2016,crime_against_children,110.0,1.93,56.99,,False
Sikkim,North Eastern,2017,crime_against_children,190.0,1.97,96.45,72.7,False
Sikkim,North Eastern,2018,crime_against_children,221.0,2.0,110.5,16.3,False
Sikkim,North Eastern,2019,crime_against_children,163.0,2.03,80.3,-26.2,False
Sikkim,North Eastern,2020,crime_against_children,147.0,2.07,71.01,-9.8,False
Sikkim,North Eastern,2021,crime_against_children,149.0,2.1,70.95,1.4,False
Sikkim,North Eastern,2022,crime_against_children,159.0,2.1,75.71,6.7,False
Sikkim,North Eastern,2023,crime_against_children,139.0,2.1,66.19,-12.6,False
Sikkim,North Eastern,2024,crime_against_children,122.0,2.1,58.1,-12.2,False
Sikkim,North Eastern,2016,crime_against_women,153.0,3.03,50.5,,False
Sikkim,North Eastern,2017,crime_against_women,163.0,3.07,53.09,6.5,False
Sikkim,North Eastern,2018,crime_against_women,172.0,3.1,55.48,5.5,False
Sikkim,North Eastern,2019,crime_against_women,125.0,3.13,39.94,-27.3,False
Sikkim,North Eastern,2020,crime_against_women,140.0,3.17,44.16,12.0,False
Sikkim,North Eastern,2021,crime_against_women,130.0,3.2,40.62,-7.1,False
Sikkim,North Eastern,2022,crime_against_women,179.0,3.23,55.42,37.7,False
Sikkim,North Eastern,2023,crime_against_women,134.0,3.27,40.98,-25.1,False
Sikkim,North Eastern,2024,crime_against_women,131.0,3.3,39.7,-2.2,False
Sikkim,North Eastern,2016,cyber_crime,1.0,6.47,0.15,,False
Sikkim,North Eastern,2017,cyber_crime,1.0,6.53,0.15,0.0,False
Sikkim,North Eastern,2018,cyber_crime,1.0,6.6,0.15,0.0,False
Sikkim,North Eastern,2019,cyber_crime,2.0,6.67,0.3,100.0,False
Sikkim,North Eastern,2020,cyber_crime,0.0,6.73,0.0,-100.0,False
Sikkim,North Eastern,2021,cyber_crime,0.0,6.8,0.0,,False
Sikkim,North Eastern,2022,cyber_crime,26.0,6.87,3.78,inf,False
Sikkim,North Eastern,2023,cyber_crime,12.0,6.93,1.73,-53.8,False
Sikkim,North Eastern,2024,cyber_crime,15.0,7.0,2.14,25.0,False
Sikkim,North Eastern,2016,ipc_bns_crime,809.0,6.47,125.04,,False
Sikkim,North Eastern,2017,ipc_bns_crime,719.0,6.53,110.11,-11.1,False
Sikkim,North Eastern,2018,ipc_bns_crime,620.0,6.6,93.94,-13.8,False
Sikkim,North Eastern,2019,ipc_bns_crime,632.0,6.67,94.75,1.9,False
Sikkim,North Eastern,2020,ipc_bns_crime,504.0,6.73,74.89,-20.3,False
Sikkim,North Eastern,2021,ipc_bns_crime,532.0,6.8,78.24,5.6,False
Sikkim,North Eastern,2022,ipc_bns_crime,549.0,6.87,79.91,3.2,False
Sikkim,North Eastern,2023,ipc_bns_crime,511.0,6.93,73.74,-6.9,False
Sikkim,North Eastern,2024,ipc_bns_crime,507.0,7.0,72.43,-0.8,False
Sikkim,North Eastern,2016,sll_crime,211.0,6.47,32.61,,False
Sikkim,North Eastern,2017,sll_crime,260.0,6.53,39.82,23.2,False
Sikkim,North Eastern,2018,sll_crime,249.0,6.6,37.73,-4.2,False
Sikkim,North Eastern,2019,sll_crime,189.0,6.67,28.34,-24.1,False
Sikkim,North Eastern,2020,sll_crime,171.0,6.73,25.41,-9.5,False
Sikkim,North Eastern,2021,sll_crime,196.0,6.8,28.82,14.6,False
Sikkim,North Eastern,2022,sll_crime,270.0,6.87,39.3,37.8,False
Sikkim,North Eastern,2023,sll_crime,207.0,6.93,29.87,-23.3,False
Sikkim,North Eastern,2024,sll_crime,184.0,7.0,26.29,-11.1,False
Sikkim,North Eastern,2016,total_cognizable,1020.0,6.47,157.65,,True
Sikkim,North Eastern,2017,total_cognizable,979.0,6.53,149.92,-4.0,True
Sikkim,North Eastern,2018,total_cognizable,869.0,6.6,131.67,-11.2,True
Sikkim,North Eastern,2019,total_cognizable,821.0,6.67,123.09,-5.5,True
Sikkim,North Eastern,2020,total_cognizable,675.0,6.73,100.3,-17.8,True
Sikkim,North Eastern,2021,total_cognizable,728.0,6.8,107.06,7.9,True
Sikkim,North Eastern,2022,total_cognizable,819.0,6.87,119.21,12.5,False
Sikkim,North Eastern,2023,total_cognizable,718.0,6.93,103.61,-12.3,False
Sikkim,North Eastern,2024,total_cognizable,691.0,7.0,98.71,-3.8,False
Sikkim,North Eastern,2016,violent_crime,215.0,6.47,33.23,,False
Sikkim,North Eastern,2017,violent_crime,177.0,6.53,27.11,-17.7,False
Sikkim,North Eastern,2018,violent_crime,178.0,6.6,26.97,0.6,False
Sikkim,North Eastern,2019,violent_crime,188.0,6.67,28.19,5.6,False
Sikkim,North Eastern,2020,violent_crime,125.0,6.73,18.57,-33.5,False
Sikkim,North Eastern,2021,violent_crime,109.0,6.8,16.03,-12.8,False
Sikkim,North Eastern,2022,violent_crime,149.0,6.87,21.69,36.7,False
Sikkim,North Eastern,2023,violent_crime,107.0,6.93,15.44,-28.2,False
Sikkim,North Eastern,2024,violent_crime,150.0,7.0,21.43,40.2,False
Tamil Nadu,Southern,2016,crime_against_children,2856.0,198.93,14.36,,False
Tamil Nadu,Southern,2017,crime_against_children,3529.0,200.47,17.6,23.6,False
Tamil Nadu,Southern,2018,crime_against_children,4155.0,202.0,20.57,17.7,False
Tamil Nadu,Southern,2019,crime_against_children,4139.0,203.53,20.34,-0.4,False
Tamil Nadu,Southern,2020,crime_against_children,4338.0,205.07,21.15,4.8,False
Tamil Nadu,Southern,2021,crime_against_children,6064.0,206.6,29.35,39.8,False
Tamil Nadu,Southern,2022,crime_against_children,6580.0,206.6,31.85,8.5,False
Tamil Nadu,Southern,2023,crime_against_children,6968.0,206.6,33.73,5.9,False
Tamil Nadu,Southern,2024,crime_against_children,10046.0,206.6,48.63,44.2,False
Tamil Nadu,Southern,2016,crime_against_women,4463.0,373.63,11.94,,False
Tamil Nadu,Southern,2017,crime_against_women,5397.0,375.47,14.37,20.9,False
Tamil Nadu,Southern,2018,crime_against_women,5822.0,377.3,15.43,7.9,False
Tamil Nadu,Southern,2019,crime_against_women,5934.0,379.13,15.65,1.9,False
Tamil Nadu,Southern,2020,crime_against_women,6630.0,380.97,17.4,11.7,False
Tamil Nadu,Southern,2021,crime_against_women,8501.0,382.8,22.21,28.2,False
Tamil Nadu,Southern,2022,crime_against_women,9207.0,384.1,23.97,8.3,False
Tamil Nadu,Southern,2023,crime_against_women,8943.0,385.4,23.2,-2.9,False
Tamil Nadu,Southern,2024,crime_against_women,11363.0,386.7,29.38,27.1,False
Tamil Nadu,Southern,2016,cyber_crime,144.0,747.8,0.19,,False
Tamil Nadu,Southern,2017,cyber_crime,228.0,751.2,0.3,58.3,False
Tamil Nadu,Southern,2018,cyber_crime,295.0,754.6,0.39,29.4,False
Tamil Nadu,Southern,2019,cyber_crime,385.0,758.0,0.51,30.5,False
Tamil Nadu,Southern,2020,cyber_crime,782.0,761.4,1.03,103.1,False
Tamil Nadu,Southern,2021,cyber_crime,1076.0,764.8,1.41,37.6,False
Tamil Nadu,Southern,2022,cyber_crime,2082.0,767.1,2.71,93.5,False
Tamil Nadu,Southern,2023,cyber_crime,4121.0,769.4,5.36,97.9,False
Tamil Nadu,Southern,2024,cyber_crime,5793.0,771.7,7.51,40.6,False
Tamil Nadu,Southern,2016,ipc_bns_crime,179896.0,747.8,240.57,,False
Tamil Nadu,Southern,2017,ipc_bns_crime,178836.0,751.2,238.07,-0.6,False
Tamil Nadu,Southern,2018,ipc_bns_crime,185912.0,754.6,246.37,4.0,False
Tamil Nadu,Southern,2019,ipc_bns_crime,168116.0,758.0,221.79,-9.6,False
Tamil Nadu,Southern,2020,ipc_bns_crime,891700.0,761.4,1171.13,430.4,False
Tamil Nadu,Southern,2021,ipc_bns_crime,322852.0,764.8,422.14,-63.8,False
Tamil Nadu,Southern,2022,ipc_bns_crime,193913.0,767.1,252.79,-39.9,False
Tamil Nadu,Southern,2023,ipc_bns_crime,203804.0,769.4,264.89,5.1,False
Tamil Nadu,Southern,2024,ipc_bns_crime,197149.0,771.7,255.47,-3.3,False
Tamil Nadu,Southern,2016,sll_crime,287473.0,747.8,384.42,,False
Tamil Nadu,Southern,2017,sll_crime,242040.0,751.2,322.2,-15.8,False
Tamil Nadu,Southern,2018,sll_crime,313276.0,754.6,415.16,29.4,False
Tamil Nadu,Southern,2019,sll_crime,286978.0,758.0,378.6,-8.4,False
Tamil Nadu,Southern,2020,sll_crime,485981.0,761.4,638.27,69.3,False
Tamil Nadu,Southern,2021,sll_crime,433901.0,764.8,567.34,-10.7,False
Tamil Nadu,Southern,2022,sll_crime,279543.0,767.1,364.42,-35.6,False
Tamil Nadu,Southern,2023,sll_crime,335847.0,769.4,436.51,20.1,False
Tamil Nadu,Southern,2024,sll_crime,308605.0,771.7,399.9,-8.1,False
Tamil Nadu,Southern,2016,total_cognizable,467369.0,747.8,624.99,,True
Tamil Nadu,Southern,2017,total_cognizable,420876.0,751.2,560.27,-9.9,True
Tamil Nadu,Southern,2018,total_cognizable,499188.0,754.6,661.53,18.6,True
Tamil Nadu,Southern,2019,total_cognizable,455094.0,758.0,600.39,-8.8,True
Tamil Nadu,Southern,2020,total_cognizable,1377681.0,761.4,1809.41,202.7,True
Tamil Nadu,Southern,2021,total_cognizable,756753.0,764.8,989.48,-45.1,True
Tamil Nadu,Southern,2022,total_cognizable,473456.0,767.1,617.2,-37.4,False
Tamil Nadu,Southern,2023,total_cognizable,539651.0,769.4,701.39,14.0,False
Tamil Nadu,Southern,2024,total_cognizable,505754.0,771.7,655.38,-6.3,False
Tamil Nadu,Southern,2016,violent_crime,10844.0,747.8,14.5,,False
Tamil Nadu,Southern,2017,violent_crime,10358.0,751.2,13.79,-4.5,False
Tamil Nadu,Southern,2018,violent_crime,11654.0,754.6,15.44,12.5,False
Tamil Nadu,Southern,2019,violent_crime,10946.0,758.0,14.44,-6.1,False
Tamil Nadu,Southern,2020,violent_crime,10995.0,761.4,14.44,0.4,False
Tamil Nadu,Southern,2021,violent_crime,12386.0,764.8,16.2,12.7,False
Tamil Nadu,Southern,2022,violent_crime,12325.0,767.1,16.07,-0.5,False
Tamil Nadu,Southern,2023,violent_crime,11302.0,769.4,14.69,-8.3,False
Tamil Nadu,Southern,2024,violent_crime,36657.0,771.7,47.5,224.3,False
Telangana,Southern,2016,crime_against_children,2909.0,110.3,26.37,,False
Telangana,Southern,2017,crime_against_children,3580.0,111.0,32.25,23.1,False
Telangana,Southern,2018,crime_against_children,3747.0,111.7,33.55,4.7,False
Telangana,Southern,2019,crime_against_children,4212.0,112.4,37.47,12.4,False
Telangana,Southern,2020,crime_against_children,4200.0,113.1,37.14,-0.3,False
Telangana,Southern,2021,crime_against_children,5667.0,113.8,49.8,34.9,False
Telangana,Southern,2022,crime_against_children,5657.0,113.8,49.71,-0.2,False
Telangana,Southern,2023,crime_against_children,6113.0,113.8,53.72,8.1,False
Telangana,Southern,2024,crime_against_children,6767.0,113.8,59.46,10.7,False
Telangana,Southern,2016,crime_against_women,15374.0,181.53,84.69,,False
Telangana,Southern,2017,crime_against_women,17521.0,182.77,95.86,14.0,False
Telangana,Southern,2018,crime_against_women,16027.0,184.0,87.1,-8.5,False
Telangana,Southern,2019,crime_against_women,18394.0,185.23,99.3,14.8,False
Telangana,Southern,2020,crime_against_women,17791.0,186.47,95.41,-3.3,False
Telangana,Southern,2021,crime_against_women,20865.0,187.7,111.16,17.3,False
Telangana,Southern,2022,crime_against_women,22066.0,188.63,116.98,5.8,False
Telangana,Southern,2023,crime_against_women,23678.0,189.57,124.9,7.3,False
Telangana,Southern,2024,crime_against_women,24495.0,190.5,128.58,3.5,False
Telangana,Southern,2016,cyber_crime,593.0,365.37,1.62,,False
Telangana,Southern,2017,cyber_crime,1209.0,367.83,3.29,103.9,False
Telangana,Southern,2018,cyber_crime,1205.0,370.3,3.25,-0.3,False
Telangana,Southern,2019,cyber_crime,2691.0,372.77,7.22,123.3,False
Telangana,Southern,2020,cyber_crime,5024.0,375.23,13.39,86.7,False
Telangana,Southern,2021,cyber_crime,10303.0,377.7,27.28,105.1,False
Telangana,Southern,2022,cyber_crime,15297.0,379.53,40.31,48.5,False
Telangana,Southern,2023,cyber_crime,18236.0,381.37,47.82,19.2,False
Telangana,Southern,2024,cyber_crime,27230.0,383.2,71.06,49.3,False
Telangana,Southern,2016,ipc_bns_crime,108991.0,365.37,298.3,,False
Telangana,Southern,2017,ipc_bns_crime,119858.0,367.83,325.85,10.0,False
Telangana,Southern,2018,ipc_bns_crime,113951.0,370.3,307.73,-4.9,False
Telangana,Southern,2019,ipc_bns_crime,118338.0,372.77,317.46,3.8,False
Telangana,Southern,2020,ipc_bns_crime,135885.0,375.23,362.14,14.8,False
Telangana,Southern,2021,ipc_bns_crime,146131.0,377.7,386.9,7.5,False
Telangana,Southern,2022,ipc_bns_crime,151849.0,379.53,400.1,3.9,False
Telangana,Southern,2023,ipc_bns_crime,156737.0,381.37,410.98,3.2,False
Telangana,Southern,2024,ipc_bns_crime,190704.0,383.2,497.66,21.7,False
Telangana,Southern,2016,sll_crime,11282.0,365.37,30.88,,False
Telangana,Southern,2017,sll_crime,13339.0,367.83,36.26,18.2,False
Telangana,Southern,2018,sll_crime,12907.0,370.3,34.86,-3.2,False
Telangana,Southern,2019,sll_crime,12916.0,372.77,34.65,0.1,False
Telangana,Southern,2020,sll_crime,11619.0,375.23,30.97,-10.0,False
Telangana,Southern,2021,sll_crime,12678.0,377.7,33.57,9.1,False
Telangana,Southern,2022,sll_crime,13981.0,379.53,36.84,10.3,False
Telangana,Southern,2023,sll_crime,26907.0,381.37,70.55,92.5,False
Telangana,Southern,2024,sll_crime,27272.0,383.2,71.17,1.4,False
Telangana,Southern,2016,total_cognizable,120273.0,365.37,329.18,,True
Telangana,Southern,2017,total_cognizable,133197.0,367.83,362.12,10.7,True
Telangana,Southern,2018,total_cognizable,126858.0,370.3,342.58,-4.8,True
Telangana,Southern,2019,total_cognizable,131254.0,372.77,352.1,3.5,True
Telangana,Southern,2020,total_cognizable,147504.0,375.23,393.1,12.4,True
Telangana,Southern,2021,total_cognizable,158809.0,377.7,420.46,7.7,True
Telangana,Southern,2022,total_cognizable,165830.0,379.53,436.94,4.4,False
Telangana,Southern,2023,total_cognizable,183644.0,381.37,481.54,10.7,False
Telangana,Southern,2024,total_cognizable,217976.0,383.2,568.83,18.7,False
Telangana,Southern,2016,violent_crime,8004.0,365.37,21.91,,False
Telangana,Southern,2017,violent_crime,7633.0,367.83,20.75,-4.6,False
Telangana,Southern,2018,violent_crime,7652.0,370.3,20.66,0.2,False
Telangana,Southern,2019,violent_crime,8661.0,372.77,23.23,13.2,False
Telangana,Southern,2020,violent_crime,8188.0,375.23,21.82,-5.5,False
Telangana,Southern,2021,violent_crime,9844.0,377.7,26.06,20.2,False
Telangana,Southern,2022,violent_crime,9673.0,379.53,25.49,-1.7,False
Telangana,Southern,2023,violent_crime,10069.0,381.37,26.4,4.1,False
Telangana,Southern,2024,violent_crime,27447.0,383.2,71.63,172.6,False
Tripura,North Eastern,2016,crime_against_children,274.0,12.47,21.97,,False
Tripura,North Eastern,2017,crime_against_children,276.0,12.43,22.2,0.7,False
Tripura,North Eastern,2018,crime_against_children,271.0,12.4,21.85,-1.8,False
Tripura,North Eastern,2019,crime_against_children,311.0,12.37,25.14,14.8,False
Tripura,North Eastern,2020,crime_against_children,260.0,12.33,21.09,-16.4,False
Tripura,North Eastern,2021,crime_against_children,236.0,12.3,19.19,-9.2,False
Tripura,North Eastern,2022,crime_against_children,220.0,12.3,17.89,-6.8,False
Tripura,North Eastern,2023,crime_against_children,255.0,12.3,20.73,15.9,False
Tripura,North Eastern,2024,crime_against_children,270.0,12.3,21.95,5.9,False
Tripura,North Eastern,2016,crime_against_women,1013.0,19.1,53.04,,False
Tripura,North Eastern,2017,crime_against_women,972.0,19.3,50.36,-4.0,False
Tripura,North Eastern,2018,crime_against_women,907.0,19.5,46.51,-6.7,False
Tripura,North Eastern,2019,crime_against_women,1070.0,19.7,54.31,18.0,False
Tripura,North Eastern,2020,crime_against_women,874.0,19.9,43.92,-18.3,False
Tripura,North Eastern,2021,crime_against_women,807.0,20.1,40.15,-7.7,False
Tripura,North Eastern,2022,crime_against_women,752.0,20.27,37.1,-6.8,False
Tripura,North Eastern,2023,crime_against_women,791.0,20.43,38.72,5.2,False
Tripura,North Eastern,2024,crime_against_women,716.0,20.6,34.76,-9.5,False
Tripura,North Eastern,2016,cyber_crime,8.0,38.8,0.21,,False
Tripura,North Eastern,2017,cyber_crime,7.0,39.2,0.18,-12.5,False
Tripura,North Eastern,2018,cyber_crime,20.0,39.6,0.51,185.7,False
Tripura,North Eastern,2019,cyber_crime,20.0,40.0,0.5,0.0,False
Tripura,North Eastern,2020,cyber_crime,34.0,40.4,0.84,70.0,False
Tripura,North Eastern,2021,cyber_crime,24.0,40.8,0.59,-29.4,False
Tripura,North Eastern,2022,cyber_crime,30.0,41.17,0.73,25.0,False
Tripura,North Eastern,2023,cyber_crime,36.0,41.53,0.87,20.0,False
Tripura,North Eastern,2024,cyber_crime,33.0,41.9,0.79,-8.3,False
Tripura,North Eastern,2016,ipc_bns_crime,3933.0,38.8,101.37,,False
Tripura,North Eastern,2017,ipc_bns_crime,3918.0,39.2,99.95,-0.4,False
Tripura,North Eastern,2018,ipc_bns_crime,5325.0,39.6,134.47,35.9,False
Tripura,North Eastern,2019,ipc_bns_crime,5336.0,40.0,133.4,0.2,False
Tripura,North Eastern,2020,ipc_bns_crime,4010.0,40.4,99.26,-24.9,False
Tripura,North Eastern,2021,ipc_bns_crime,4133.0,40.8,101.3,3.1,False
Tripura,North Eastern,2022,ipc_bns_crime,3653.0,41.17,88.73,-11.6,False
Tripura,North Eastern,2023,ipc_bns_crime,3814.0,41.53,91.84,4.4,False
Tripura,North Eastern,2024,ipc_bns_crime,2994.0,41.9,71.46,-21.5,False
Tripura,North Eastern,2016,sll_crime,148.0,38.8,3.81,,False
Tripura,North Eastern,2017,sll_crime,320.0,39.2,8.16,116.2,False
Tripura,North Eastern,2018,sll_crime,753.0,39.6,19.02,135.3,False
Tripura,North Eastern,2019,sll_crime,652.0,40.0,16.3,-13.4,False
Tripura,North Eastern,2020,sll_crime,643.0,40.4,15.92,-1.4,False
Tripura,North Eastern,2021,sll_crime,655.0,40.8,16.05,1.9,False
Tripura,North Eastern,2022,sll_crime,879.0,41.17,21.35,34.2,False
Tripura,North Eastern,2023,sll_crime,1188.0,41.53,28.61,35.2,False
Tripura,North Eastern,2024,sll_crime,1039.0,41.9,24.8,-12.5,False
Tripura,North Eastern,2016,total_cognizable,4081.0,38.8,105.18,,True
Tripura,North Eastern,2017,total_cognizable,4238.0,39.2,108.11,3.8,True
Tripura,North Eastern,2018,total_cognizable,6078.0,39.6,153.48,43.4,True
Tripura,North Eastern,2019,total_cognizable,5988.0,40.0,149.7,-1.5,True
Tripura,North Eastern,2020,total_cognizable,4653.0,40.4,115.17,-22.3,True
Tripura,North Eastern,2021,total_cognizable,4788.0,40.8,117.35,2.9,True
Tripura,North Eastern,2022,total_cognizable,4532.0,41.17,110.08,-5.3,False
Tripura,North Eastern,2023,total_cognizable,5002.0,41.53,120.44,10.4,False
Tripura,North Eastern,2024,total_cognizable,4033.0,41.9,96.25,-19.4,False
Tripura,North Eastern,2016,violent_crime,1646.0,38.8,42.42,,False
Tripura,North Eastern,2017,violent_crime,1589.0,39.2,40.54,-3.5,False
Tripura,North Eastern,2018,violent_crime,2456.0,39.6,62.02,54.6,False
Tripura,North Eastern,2019,violent_crime,2146.0,40.0,53.65,-12.6,False
Tripura,North Eastern,2020,violent_crime,1557.0,40.4,38.54,-27.4,False
Tripura,North Eastern,2021,violent_crime,1637.0,40.8,40.12,5.1,False
Tripura,North Eastern,2022,violent_crime,1327.0,41.17,32.23,-18.9,False
Tripura,North Eastern,2023,violent_crime,1541.0,41.53,37.11,16.1,False
Tripura,North Eastern,2024,violent_crime,1181.0,41.9,28.19,-23.4,False
Uttar Pradesh,Central,2016,crime_against_children,16079.0,907.47,17.72,,False
Uttar Pradesh,Central,2017,crime_against_children,19145.0,896.63,21.35,19.1,False
Uttar Pradesh,Central,2018,crime_against_children,19936.0,885.8,22.51,4.1,False
Uttar Pradesh,Central,2019,crime_against_children,18943.0,874.97,21.65,-5.0,False
Uttar Pradesh,Central,2020,crime_against_children,15271.0,864.13,17.67,-19.4,False
Uttar Pradesh,Central,2021,crime_against_children,16838.0,853.3,19.73,10.3,False
Uttar Pradesh,Central,2022,crime_against_children,18682.0,853.3,21.89,11.0,False
Uttar Pradesh,Central,2023,crime_against_children,18852.0,853.3,22.09,0.9,False
Uttar Pradesh,Central,2024,crime_against_children,22222.0,853.3,26.04,17.9,False
Uttar Pradesh,Central,2016,crime_against_women,49262.0,1038.27,47.45,,False
Uttar Pradesh,Central,2017,crime_against_women,56011.0,1052.53,53.22,13.7,False
Uttar Pradesh,Central,2018,crime_against_women,59445.0,1066.8,55.72,6.1,False
Uttar Pradesh,Central,2019,crime_against_women,59853.0,1081.07,55.36,0.7,False
Uttar Pradesh,Central,2020,crime_against_women,49385.0,1095.33,45.09,-17.5,False
Uttar Pradesh,Central,2021,crime_against_women,56083.0,1109.6,50.54,13.6,False
Uttar Pradesh,Central,2022,crime_against_women,65743.0,1121.53,58.62,17.2,False
Uttar Pradesh,Central,2023,crime_against_women,66381.0,1133.47,58.56,1.0,False
Uttar Pradesh,Central,2024,crime_against_women,66398.0,1145.4,57.97,0.0,False
Uttar Pradesh,Central,2016,cyber_crime,2639.0,2172.0,1.22,,False
Uttar Pradesh,Central,2017,cyber_crime,4971.0,2201.0,2.26,88.4,False
Uttar Pradesh,Central,2018,cyber_crime,6280.0,2230.0,2.82,26.3,False
Uttar Pradesh,Central,2019,cyber_crime,11416.0,2259.0,5.05,81.8,False
Uttar Pradesh,Central,2020,cyber_crime,11097.0,2288.0,4.85,-2.8,False
Uttar Pradesh,Central,2021,cyber_crime,8829.0,2317.0,3.81,-20.4,False
Uttar Pradesh,Central,2022,cyber_crime,10117.0,2340.93,4.32,14.6,False
Uttar Pradesh,Central,2023,cyber_crime,10794.0,2364.87,4.56,6.7,False
Uttar Pradesh,Central,2024,cyber_crime,11073.0,2388.8,4.64,2.6,False
Uttar Pradesh,Central,2016,ipc_bns_crime,282171.0,2172.0,129.91,,False
Uttar Pradesh,Central,2017,ipc_bns_crime,310084.0,2201.0,140.88,9.9,False
Uttar Pradesh,Central,2018,ipc_bns_crime,342355.0,2230.0,153.52,10.4,False
Uttar Pradesh,Central,2019,ipc_bns_crime,353131.0,2259.0,156.32,3.1,False
Uttar Pradesh,Central,2020,ipc_bns_crime,355110.0,2288.0,155.21,0.6,False
Uttar Pradesh,Central,2021,ipc_bns_crime,357905.0,2317.0,154.47,0.8,False
Uttar Pradesh,Central,2022,ipc_bns_crime,401787.0,2340.93,171.64,12.3,False
Uttar Pradesh,Central,2023,ipc_bns_crime,428794.0,2364.87,181.32,6.7,False
Uttar Pradesh,Central,2024,ipc_bns_crime,430552.0,2388.8,180.24,0.4,False
Uttar Pradesh,Central,2016,sll_crime,211854.0,2172.0,97.54,,False
Uttar Pradesh,Central,2017,sll_crime,289998.0,2201.0,131.76,36.9,False
Uttar Pradesh,Central,2018,sll_crime,242802.0,2230.0,108.88,-16.3,False
Uttar Pradesh,Central,2019,sll_crime,275447.0,2259.0,121.93,13.4,False
Uttar Pradesh,Central,2020,sll_crime,302815.0,2288.0,132.35,9.9,False
Uttar Pradesh,Central,2021,sll_crime,250177.0,2317.0,107.97,-17.4,False
Uttar Pradesh,Central,2022,sll_crime,351888.0,2340.93,150.32,40.7,False
Uttar Pradesh,Central,2023,sll_crime,364226.0,2364.87,154.02,3.5,False
Uttar Pradesh,Central,2024,sll_crime,277847.0,2388.8,116.31,-23.7,False
Uttar Pradesh,Central,2016,total_cognizable,494025.0,2172.0,227.45,,True
Uttar Pradesh,Central,2017,total_cognizable,600082.0,2201.0,272.64,21.5,True
Uttar Pradesh,Central,2018,total_cognizable,585157.0,2230.0,262.4,-2.5,True
Uttar Pradesh,Central,2019,total_cognizable,628578.0,2259.0,278.25,7.4,True
Uttar Pradesh,Central,2020,total_cognizable,657925.0,2288.0,287.55,4.7,True
Uttar Pradesh,Central,2021,total_cognizable,608082.0,2317.0,262.44,-7.6,True
Uttar Pradesh,Central,2022,total_cognizable,753675.0,2340.93,321.96,23.9,False
Uttar Pradesh,Central,2023,total_cognizable,793020.0,2364.87,335.33,5.2,False
Uttar Pradesh,Central,2024,total_cognizable,708399.0,2388.8,296.55,-10.7,False
Uttar Pradesh,Central,2016,violent_crime,65090.0,2172.0,29.97,,False
Uttar Pradesh,Central,2017,violent_crime,64450.0,2201.0,29.28,-1.0,False
Uttar Pradesh,Central,2018,violent_crime,65155.0,2230.0,29.22,1.1,False
Uttar Pradesh,Central,2019,violent_crime,55519.0,2259.0,24.58,-14.8,False
Uttar Pradesh,Central,2020,violent_crime,51983.0,2288.0,22.72,-6.4,False
Uttar Pradesh,Central,2021,violent_crime,52502.0,2317.0,22.66,1.0,False
Uttar Pradesh,Central,2022,violent_crime,52579.0,2340.93,22.46,0.1,False
Uttar Pradesh,Central,2023,violent_crime,49453.0,2364.87,20.91,-5.9,False
Uttar Pradesh,Central,2024,violent_crime,85647.0,2388.8,35.85,73.2,False
Uttarakhand,Central,2016,crime_against_children,676.0,38.83,17.41,,False
Uttarakhand,Central,2017,crime_against_children,829.0,38.67,21.44,22.6,False
Uttarakhand,Central,2018,crime_against_children,1306.0,38.5,33.92,57.5,False
Uttarakhand,Central,2019,crime_against_children,1214.0,38.33,31.67,-7.0,False
Uttarakhand,Central,2020,crime_against_children,1066.0,38.17,27.93,-12.2,False
Uttarakhand,Central,2021,crime_against_children,1245.0,38.0,32.76,16.8,False
Uttarakhand,Central,2022,crime_against_children,1706.0,38.0,44.89,37.0,False
Uttarakhand,Central,2023,crime_against_children,1710.0,38.0,45.0,0.2,False
Uttarakhand,Central,2024,crime_against_children,2068.0,38.0,54.42,20.9,False
Uttarakhand,Central,2016,crime_against_women,1588.0,52.8,30.08,,False
Uttarakhand,Central,2017,crime_against_women,1944.0,53.4,36.4,22.4,False
Uttarakhand,Central,2018,crime_against_women,2817.0,54.0,52.17,44.9,False
Uttarakhand,Central,2019,crime_against_women,2541.0,54.6,46.54,-9.8,False
Uttarakhand,Central,2020,crime_against_women,2846.0,55.2,51.56,12.0,False
Uttarakhand,Central,2021,crime_against_women,3431.0,55.8,61.49,20.6,False
Uttarakhand,Central,2022,crime_against_women,4337.0,56.37,76.94,26.4,False
Uttarakhand,Central,2023,crime_against_women,3808.0,56.93,66.89,-12.2,False
Uttarakhand,Central,2024,crime_against_women,3342.0,57.5,58.12,-12.2,False
Uttarakhand,Central,2016,cyber_crime,62.0,108.07,0.57,,False
Uttarakhand,Central,2017,cyber_crime,124.0,109.33,1.13,100.0,False
Uttarakhand,Central,2018,cyber_crime,171.0,110.6,1.55,37.9,False
Uttarakhand,Central,2019,cyber_crime,100.0,111.87,0.89,-41.5,False
Uttarakhand,Central,2020,cyber_crime,243.0,113.13,2.15,143.0,False
Uttarakhand,Central,2021,cyber_crime,718.0,114.4,6.28,195.5,False
Uttarakhand,Central,2022,cyber_crime,559.0,115.6,4.84,-22.1,False
Uttarakhand,Central,2023,cyber_crime,494.0,116.8,4.23,-11.6,False
Uttarakhand,Central,2024,cyber_crime,543.0,118.0,4.6,9.9,False
Uttarakhand,Central,2016,ipc_bns_crime,10867.0,108.07,100.56,,False
Uttarakhand,Central,2017,ipc_bns_crime,12889.0,109.33,117.89,18.6,False
Uttarakhand,Central,2018,ipc_bns_crime,14739.0,110.6,133.26,14.4,False
Uttarakhand,Central,2019,ipc_bns_crime,12081.0,111.87,107.99,-18.0,False
Uttarakhand,Central,2020,ipc_bns_crime,13812.0,113.13,122.09,14.3,False
Uttarakhand,Central,2021,ipc_bns_crime,15704.0,114.4,137.27,13.7,False
Uttarakhand,Central,2022,ipc_bns_crime,16967.0,115.6,146.77,8.0,False
Uttarakhand,Central,2023,ipc_bns_crime,17094.0,116.8,146.35,0.7,False
Uttarakhand,Central,2024,ipc_bns_crime,15853.0,118.0,134.35,-7.3,False
Uttarakhand,Central,2016,sll_crime,5207.0,108.07,48.18,,False
Uttarakhand,Central,2017,sll_crime,15972.0,109.33,146.09,206.7,False
Uttarakhand,Central,2018,sll_crime,19976.0,110.6,180.61,25.1,False
Uttarakhand,Central,2019,sll_crime,16187.0,111.87,144.69,-19.0,False
Uttarakhand,Central,2020,sll_crime,43520.0,113.13,384.69,168.9,False
Uttarakhand,Central,2021,sll_crime,19171.0,114.4,167.58,-55.9,False
Uttarakhand,Central,2022,sll_crime,17640.0,115.6,152.6,-8.0,False
Uttarakhand,Central,2023,sll_crime,16923.0,116.8,144.89,-4.1,False
Uttarakhand,Central,2024,sll_crime,15171.0,118.0,128.57,-10.4,False
Uttarakhand,Central,2016,total_cognizable,16074.0,108.07,148.74,,True
Uttarakhand,Central,2017,total_cognizable,28861.0,109.33,263.98,79.6,True
Uttarakhand,Central,2018,total_cognizable,34715.0,110.6,313.88,20.3,True
Uttarakhand,Central,2019,total_cognizable,28268.0,111.87,252.69,-18.6,True
Uttarakhand,Central,2020,total_cognizable,57332.0,113.13,506.78,102.8,True
Uttarakhand,Central,2021,total_cognizable,34875.0,114.4,304.85,-39.2,True
Uttarakhand,Central,2022,total_cognizable,34607.0,115.6,299.37,-0.8,False
Uttarakhand,Central,2023,total_cognizable,34017.0,116.8,291.24,-1.7,False
Uttarakhand,Central,2024,total_cognizable,31024.0,118.0,262.92,-8.8,False
Uttarakhand,Central,2016,violent_crime,2330.0,108.07,21.56,,False
Uttarakhand,Central,2017,violent_crime,2740.0,109.33,25.06,17.6,False
Uttarakhand,Central,2018,violent_crime,3137.0,110.6,28.36,14.5,False
Uttarakhand,Central,2019,violent_crime,2845.0,111.87,25.43,-9.3,False
Uttarakhand,Central,2020,violent_crime,2613.0,113.13,23.1,-8.2,False
Uttarakhand,Central,2021,violent_crime,3162.0,114.4,27.64,21.0,False
Uttarakhand,Central,2022,violent_crime,3923.0,115.6,33.94,24.1,False
Uttarakhand,Central,2023,violent_crime,3570.0,116.8,30.57,-9.0,False
Uttarakhand,Central,2024,violent_crime,3951.0,118.0,33.48,10.7,False
West Bengal,Eastern,2016,crime_against_children,7004.0,289.5,24.19,,False
West Bengal,Eastern,2017,crime_against_children,6551.0,291.6,22.47,-6.5,False
West Bengal,Eastern,2018,crime_against_children,6286.0,293.7,21.4,-4.0,False
West Bengal,Eastern,2019,crime_against_children,6191.0,295.8,20.93,-1.5,False
West Bengal,Eastern,2020,crime_against_children,10248.0,297.9,34.4,65.5,False
West Bengal,Eastern,2021,crime_against_children,9523.0,300.0,31.74,-7.1,False
West Bengal,Eastern,2022,crime_against_children,8950.0,300.0,29.83,-6.0,False
West Bengal,Eastern,2023,crime_against_children,8853.0,300.0,29.51,-1.1,False
West Bengal,Eastern,2024,crime_against_children,9044.0,300.0,30.15,2.2,False
West Bengal,Eastern,2016,crime_against_women,32513.0,465.37,69.86,,False
West Bengal,Eastern,2017,crime_against_women,30992.0,468.53,66.15,-4.7,False
West Bengal,Eastern,2018,crime_against_women,30394.0,471.7,64.44,-1.9,False
West Bengal,Eastern,2019,crime_against_women,29859.0,474.87,62.88,-1.8,False
West Bengal,Eastern,2020,crime_against_women,36439.0,478.03,76.23,22.0,False
West Bengal,Eastern,2021,crime_against_women,35884.0,481.2,74.57,-1.5,False
West Bengal,Eastern,2022,crime_against_women,34738.0,483.8,71.8,-3.2,False
West Bengal,Eastern,2023,crime_against_women,34691.0,486.4,71.32,-0.1,False
West Bengal,Eastern,2024,crime_against_women,34360.0,489.0,70.27,-1.0,False
West Bengal,Eastern,2016,cyber_crime,478.0,953.07,0.5,,False
West Bengal,Eastern,2017,cyber_crime,568.0,959.03,0.59,18.8,False
West Bengal,Eastern,2018,cyber_crime,335.0,965.0,0.35,-41.0,False
West Bengal,Eastern,2019,cyber_crime,524.0,970.97,0.54,56.4,False
West Bengal,Eastern,2020,cyber_crime,712.0,976.93,0.73,35.9,False
West Bengal,Eastern,2021,cyber_crime,513.0,982.9,0.52,-27.9,False
West Bengal,Eastern,2022,cyber_crime,401.0,987.67,0.41,-21.8,False
West Bengal,Eastern,2023,cyber_crime,309.0,992.43,0.31,-22.9,False
West Bengal,Eastern,2024,cyber_crime,282.0,997.2,0.28,-8.7,False
West Bengal,Eastern,2016,ipc_bns_crime,176569.0,953.07,185.26,,False
West Bengal,Eastern,2017,ipc_bns_crime,163999.0,959.03,171.01,-7.1,False
West Bengal,Eastern,2018,ipc_bns_crime,157610.0,965.0,163.33,-3.9,False
West Bengal,Eastern,2019,ipc_bns_crime,157506.0,970.97,162.22,-0.1,False
West Bengal,Eastern,2020,ipc_bns_crime,158060.0,976.93,161.79,0.4,False
West Bengal,Eastern,2021,ipc_bns_crime,157498.0,982.9,160.24,-0.4,False
West Bengal,Eastern,2022,ipc_bns_crime,156503.0,987.67,158.46,-0.6,False
West Bengal,Eastern,2023,ipc_bns_crime,156237.0,992.43,157.43,-0.2,False
West Bengal,Eastern,2024,ipc_bns_crime,157909.0,997.2,158.35,1.1,False
West Bengal,Eastern,2016,sll_crime,27831.0,953.07,29.2,,False
West Bengal,Eastern,2017,sll_crime,31538.0,959.03,32.89,13.3,False
West Bengal,Eastern,2018,sll_crime,30453.0,965.0,31.56,-3.4,False
West Bengal,Eastern,2019,sll_crime,30543.0,970.97,31.46,0.3,False
West Bengal,Eastern,2020,sll_crime,24307.0,976.93,24.88,-20.4,False
West Bengal,Eastern,2021,sll_crime,24323.0,982.9,24.75,0.1,False
West Bengal,Eastern,2022,sll_crime,24036.0,987.67,24.34,-1.2,False
West Bengal,Eastern,2023,sll_crime,24035.0,992.43,24.22,-0.0,False
West Bengal,Eastern,2024,sll_crime,22862.0,997.2,22.93,-4.9,False
West Bengal,Eastern,2016,total_cognizable,204400.0,953.07,214.46,,True
West Bengal,Eastern,2017,total_cognizable,195537.0,959.03,203.89,-4.3,True
West Bengal,Eastern,2018,total_cognizable,188063.0,965.0,194.88,-3.8,True
West Bengal,Eastern,2019,total_cognizable,188049.0,970.97,193.67,-0.0,True
West Bengal,Eastern,2020,total_cognizable,182367.0,976.93,186.67,-3.0,True
West Bengal,Eastern,2021,total_cognizable,181821.0,982.9,184.98,-0.3,True
West Bengal,Eastern,2022,total_cognizable,180539.0,987.67,182.79,-0.7,False
West Bengal,Eastern,2023,total_cognizable,180272.0,992.43,181.65,-0.1,False
West Bengal,Eastern,2024,total_cognizable,180771.0,997.2,181.28,0.3,False
West Bengal,Eastern,2016,violent_crime,46723.0,953.07,49.02,,False
West Bengal,Eastern,2017,violent_crime,48609.0,959.03,50.69,4.0,False
West Bengal,Eastern,2018,violent_crime,44446.0,965.0,46.06,-8.6,False
West Bengal,Eastern,2019,violent_crime,44560.0,970.97,45.89,0.3,False
West Bengal,Eastern,2020,violent_crime,50029.0,976.93,51.21,12.3,False
West Bengal,Eastern,2021,violent_crime,47904.0,982.9,48.74,-4.2,False
West Bengal,Eastern,2022,violent_crime,46241.0,987.67,46.82,-3.5,False
West Bengal,Eastern,2023,violent_crime,46838.0,992.43,47.2,1.3,False
West Bengal,Eastern,2024,violent_crime,51244.0,997.2,51.39,9.4,False
