state,year,metric,value
Andhra Pradesh,2021,cases_pending_investigation_from_previous_year,137808.0
Arunachal Pradesh,2021,cases_pending_investigation_from_previous_year,2936.0
Assam,2021,cases_pending_investigation_from_previous_year,137528.0
Bihar,2021,cases_pending_investigation_from_previous_year,171456.0
Chhattisgarh,2021,cases_pending_investigation_from_previous_year,17443.0
Goa,2021,cases_pending_investigation_from_previous_year,1005.0
Gujarat,2021,cases_pending_investigation_from_previous_year,11995.0
Haryana,2021,cases_pending_investigation_from_previous_year,29819.0
Himachal Pradesh,2021,cases_pending_investigation_from_previous_year,3478.0
Jharkhand,2021,cases_pending_investigation_from_previous_year,47323.0
Karnataka,2021,cases_pending_investigation_from_previous_year,60599.0
Kerala,2021,cases_pending_investigation_from_previous_year,36756.0
Madhya Pradesh,2021,cases_pending_investigation_from_previous_year,24179.0
Maharashtra,2021,cases_pending_investigation_from_previous_year,262152.0
Manipur,2021,cases_pending_investigation_from_previous_year,16960.0
Meghalaya,2021,cases_pending_investigation_from_previous_year,3531.0
Mizoram,2021,cases_pending_investigation_from_previous_year,429.0
Nagaland,2021,cases_pending_investigation_from_previous_year,560.0
Odisha,2021,cases_pending_investigation_from_previous_year,37590.0
Punjab,2021,cases_pending_investigation_from_previous_year,54316.0
Rajasthan,2021,cases_pending_investigation_from_previous_year,28386.0
Sikkim,2021,cases_pending_investigation_from_previous_year,442.0
Tamil Nadu,2021,cases_pending_investigation_from_previous_year,739294.0
Telangana,2021,cases_pending_investigation_from_previous_year,55494.0
Tripura,2021,cases_pending_investigation_from_previous_year,2460.0
Uttar Pradesh,2021,cases_pending_investigation_from_previous_year,55633.0
Uttarakhand,2021,cases_pending_investigation_from_previous_year,11379.0
West Bengal,2021,cases_pending_investigation_from_previous_year,70834.0
Andaman & Nicobar Islands,2021,cases_pending_investigation_from_previous_year,171.0
Chandigarh,2021,cases_pending_investigation_from_previous_year,2711.0
DNH & Daman & Diu,2021,cases_pending_investigation_from_previous_year,397.0
Delhi,2021,cases_pending_investigation_from_previous_year,96771.0
Jammu & Kashmir,2021,cases_pending_investigation_from_previous_year,18013.0
Ladakh,2021,cases_pending_investigation_from_previous_year,133.0
Lakshadweep,2021,cases_pending_investigation_from_previous_year,330.0
Puducherry,2021,cases_pending_investigation_from_previous_year,2596.0
Andhra Pradesh,2021,cases_reported_during_the_year,179611.0
Arunachal Pradesh,2021,cases_reported_during_the_year,2626.0
Assam,2021,cases_reported_during_the_year,119883.0
Bihar,2021,cases_reported_during_the_year,186006.0
Chhattisgarh,2021,cases_reported_during_the_year,70519.0
Goa,2021,cases_reported_during_the_year,2099.0
Gujarat,2021,cases_reported_during_the_year,273056.0
Haryana,2021,cases_reported_during_the_year,112720.0
Himachal Pradesh,2021,cases_reported_during_the_year,13041.0
Jharkhand,2021,cases_reported_during_the_year,47684.0
Karnataka,2021,cases_reported_during_the_year,115728.0
Kerala,2021,cases_reported_during_the_year,142643.0
Madhya Pradesh,2021,cases_reported_during_the_year,304066.0
Maharashtra,2021,cases_reported_during_the_year,367218.0
Manipur,2021,cases_reported_during_the_year,2484.0
Meghalaya,2021,cases_reported_during_the_year,2672.0
Mizoram,2021,cases_reported_during_the_year,2467.0
Nagaland,2021,cases_reported_during_the_year,1033.0
Odisha,2021,cases_reported_during_the_year,124956.0
Punjab,2021,cases_reported_during_the_year,46454.0
Rajasthan,2021,cases_reported_during_the_year,214552.0
Sikkim,2021,cases_reported_during_the_year,532.0
Tamil Nadu,2021,cases_reported_during_the_year,322852.0
Telangana,2021,cases_reported_during_the_year,146131.0
Tripura,2021,cases_reported_during_the_year,4133.0
Uttar Pradesh,2021,cases_reported_during_the_year,357905.0
Uttarakhand,2021,cases_reported_during_the_year,15704.0
West Bengal,2021,cases_reported_during_the_year,157498.0
Andaman & Nicobar Islands,2021,cases_reported_during_the_year,386.0
Chandigarh,2021,cases_reported_during_the_year,2401.0
DNH & Daman & Diu,2021,cases_reported_during_the_year,490.0
Delhi,2021,cases_reported_during_the_year,291904.0
Jammu & Kashmir,2021,cases_reported_during_the_year,27447.0
Ladakh,2021,cases_reported_during_the_year,519.0
Lakshadweep,2021,cases_reported_during_the_year,89.0
Puducherry,2021,cases_reported_during_the_year,3851.0
Andhra Pradesh,2021,cases_reopened_for_investigation,73.0
Arunachal Pradesh,2021,cases_reopened_for_investigation,0.0
Assam,2021,cases_reopened_for_investigation,65.0
Bihar,2021,cases_reopened_for_investigation,0.0
Chhattisgarh,2021,cases_reopened_for_investigation,14.0
Goa,2021,cases_reopened_for_investigation,3.0
Gujarat,2021,cases_reopened_for_investigation,25.0
Haryana,2021,cases_reopened_for_investigation,30.0
Himachal Pradesh,2021,cases_reopened_for_investigation,1.0
Jharkhand,2021,cases_reopened_for_investigation,0.0
Karnataka,2021,cases_reopened_for_investigation,14.0
Kerala,2021,cases_reopened_for_investigation,487.0
Madhya Pradesh,2021,cases_reopened_for_investigation,121.0
Maharashtra,2021,cases_reopened_for_investigation,1515.0
Manipur,2021,cases_reopened_for_investigation,0.0
Meghalaya,2021,cases_reopened_for_investigation,0.0
Mizoram,2021,cases_reopened_for_investigation,0.0
Nagaland,2021,cases_reopened_for_investigation,0.0
Odisha,2021,cases_reopened_for_investigation,0.0
Punjab,2021,cases_reopened_for_investigation,4.0
Rajasthan,2021,cases_reopened_for_investigation,103.0
Sikkim,2021,cases_reopened_for_investigation,0.0
Tamil Nadu,2021,cases_reopened_for_investigation,763.0
Telangana,2021,cases_reopened_for_investigation,371.0
Tripura,2021,cases_reopened_for_investigation,26.0
Uttar Pradesh,2021,cases_reopened_for_investigation,0.0
Uttarakhand,2021,cases_reopened_for_investigation,0.0
West Bengal,2021,cases_reopened_for_investigation,34.0
Andaman & Nicobar Islands,2021,cases_reopened_for_investigation,6.0
Chandigarh,2021,cases_reopened_for_investigation,34.0
DNH & Daman & Diu,2021,cases_reopened_for_investigation,0.0
Delhi,2021,cases_reopened_for_investigation,16.0
Jammu & Kashmir,2021,cases_reopened_for_investigation,116.0
Ladakh,2021,cases_reopened_for_investigation,0.0
Lakshadweep,2021,cases_reopened_for_investigation,0.0
Puducherry,2021,cases_reopened_for_investigation,0.0
Andhra Pradesh,2021,total_cases_for_investigation,317492.0
Arunachal Pradesh,2021,total_cases_for_investigation,5562.0
Assam,2021,total_cases_for_investigation,257476.0
Bihar,2021,total_cases_for_investigation,357462.0
Chhattisgarh,2021,total_cases_for_investigation,87976.0
Goa,2021,total_cases_for_investigation,3107.0
Gujarat,2021,total_cases_for_investigation,285076.0
Haryana,2021,total_cases_for_investigation,142569.0
Himachal Pradesh,2021,total_cases_for_investigation,16520.0
Jharkhand,2021,total_cases_for_investigation,95007.0
Karnataka,2021,total_cases_for_investigation,176341.0
Kerala,2021,total_cases_for_investigation,179886.0
Madhya Pradesh,2021,total_cases_for_investigation,328366.0
Maharashtra,2021,total_cases_for_investigation,630885.0
Manipur,2021,total_cases_for_investigation,19444.0
Meghalaya,2021,total_cases_for_investigation,6203.0
Mizoram,2021,total_cases_for_investigation,2896.0
Nagaland,2021,total_cases_for_investigation,1593.0
Odisha,2021,total_cases_for_investigation,162546.0
Punjab,2021,total_cases_for_investigation,100774.0
Rajasthan,2021,total_cases_for_investigation,243041.0
Sikkim,2021,total_cases_for_investigation,974.0
Tamil Nadu,2021,total_cases_for_investigation,1062909.0
Telangana,2021,total_cases_for_investigation,201996.0
Tripura,2021,total_cases_for_investigation,6619.0
Uttar Pradesh,2021,total_cases_for_investigation,413538.0
Uttarakhand,2021,total_cases_for_investigation,27083.0
West Bengal,2021,total_cases_for_investigation,228366.0
Andaman & Nicobar Islands,2021,total_cases_for_investigation,563.0
Chandigarh,2021,total_cases_for_investigation,5146.0
DNH & Daman & Diu,2021,total_cases_for_investigation,887.0
Delhi,2021,total_cases_for_investigation,388691.0
Jammu & Kashmir,2021,total_cases_for_investigation,45576.0
Ladakh,2021,total_cases_for_investigation,652.0
Lakshadweep,2021,total_cases_for_investigation,419.0
Puducherry,2021,total_cases_for_investigation,6447.0
Andhra Pradesh,2021,cases_not_investigated_under_157_1_b_crpc,7.0
Arunachal Pradesh,2021,cases_not_investigated_under_157_1_b_crpc,0.0
Assam,2021,cases_not_investigated_under_157_1_b_crpc,0.0
Bihar,2021,cases_not_investigated_under_157_1_b_crpc,0.0
Chhattisgarh,2021,cases_not_investigated_under_157_1_b_crpc,33.0
Goa,2021,cases_not_investigated_under_157_1_b_crpc,0.0
Gujarat,2021,cases_not_investigated_under_157_1_b_crpc,0.0
Haryana,2021,cases_not_investigated_under_157_1_b_crpc,0.0
Himachal Pradesh,2021,cases_not_investigated_under_157_1_b_crpc,0.0
Jharkhand,2021,cases_not_investigated_under_157_1_b_crpc,0.0
Karnataka,2021,cases_not_investigated_under_157_1_b_crpc,25.0
Kerala,2021,cases_not_investigated_under_157_1_b_crpc,1.0
Madhya Pradesh,2021,cases_not_investigated_under_157_1_b_crpc,23.0
Maharashtra,2021,cases_not_investigated_under_157_1_b_crpc,24.0
Manipur,2021,cases_not_investigated_under_157_1_b_crpc,0.0
Meghalaya,2021,cases_not_investigated_under_157_1_b_crpc,0.0
Mizoram,2021,cases_not_investigated_under_157_1_b_crpc,0.0
Nagaland,2021,cases_not_investigated_under_157_1_b_crpc,0.0
Odisha,2021,cases_not_investigated_under_157_1_b_crpc,0.0
Punjab,2021,cases_not_investigated_under_157_1_b_crpc,0.0
Rajasthan,2021,cases_not_investigated_under_157_1_b_crpc,11.0
Sikkim,2021,cases_not_investigated_under_157_1_b_crpc,5.0
Tamil Nadu,2021,cases_not_investigated_under_157_1_b_crpc,0.0
Telangana,2021,cases_not_investigated_under_157_1_b_crpc,0.0
Tripura,2021,cases_not_investigated_under_157_1_b_crpc,0.0
Uttar Pradesh,2021,cases_not_investigated_under_157_1_b_crpc,44.0
Uttarakhand,2021,cases_not_investigated_under_157_1_b_crpc,0.0
West Bengal,2021,cases_not_investigated_under_157_1_b_crpc,0.0
Andaman & Nicobar Islands,2021,cases_not_investigated_under_157_1_b_crpc,0.0
Chandigarh,2021,cases_not_investigated_under_157_1_b_crpc,0.0
DNH & Daman & Diu,2021,cases_not_investigated_under_157_1_b_crpc,0.0
Delhi,2021,cases_not_investigated_under_157_1_b_crpc,0.0
Jammu & Kashmir,2021,cases_not_investigated_under_157_1_b_crpc,0.0
Ladakh,2021,cases_not_investigated_under_157_1_b_crpc,0.0
Lakshadweep,2021,cases_not_investigated_under_157_1_b_crpc,0.0
Puducherry,2021,cases_not_investigated_under_157_1_b_crpc,0.0
Andhra Pradesh,2021,cases_transferred_to_other_state_or_agency,77.0
Arunachal Pradesh,2021,cases_transferred_to_other_state_or_agency,0.0
Assam,2021,cases_transferred_to_other_state_or_agency,171.0
Bihar,2021,cases_transferred_to_other_state_or_agency,0.0
Chhattisgarh,2021,cases_transferred_to_other_state_or_agency,0.0
Goa,2021,cases_transferred_to_other_state_or_agency,0.0
Gujarat,2021,cases_transferred_to_other_state_or_agency,3.0
Haryana,2021,cases_transferred_to_other_state_or_agency,3.0
Himachal Pradesh,2021,cases_transferred_to_other_state_or_agency,0.0
Jharkhand,2021,cases_transferred_to_other_state_or_agency,2.0
Karnataka,2021,cases_transferred_to_other_state_or_agency,582.0
Kerala,2021,cases_transferred_to_other_state_or_agency,3851.0
Madhya Pradesh,2021,cases_transferred_to_other_state_or_agency,19.0
Maharashtra,2021,cases_transferred_to_other_state_or_agency,201.0
Manipur,2021,cases_transferred_to_other_state_or_agency,4.0
Meghalaya,2021,cases_transferred_to_other_state_or_agency,1.0
Mizoram,2021,cases_transferred_to_other_state_or_agency,3.0
Nagaland,2021,cases_transferred_to_other_state_or_agency,0.0
Odisha,2021,cases_transferred_to_other_state_or_agency,1.0
Punjab,2021,cases_transferred_to_other_state_or_agency,1.0
Rajasthan,2021,cases_transferred_to_other_state_or_agency,11.0
Sikkim,2021,cases_transferred_to_other_state_or_agency,1.0
Tamil Nadu,2021,cases_transferred_to_other_state_or_agency,234.0
Telangana,2021,cases_transferred_to_other_state_or_agency,93.0
Tripura,2021,cases_transferred_to_other_state_or_agency,1.0
Uttar Pradesh,2021,cases_transferred_to_other_state_or_agency,479.0
Uttarakhand,2021,cases_transferred_to_other_state_or_agency,1.0
West Bengal,2021,cases_transferred_to_other_state_or_agency,209.0
Andaman & Nicobar Islands,2021,cases_transferred_to_other_state_or_agency,0.0
Chandigarh,2021,cases_transferred_to_other_state_or_agency,9.0
DNH & Daman & Diu,2021,cases_transferred_to_other_state_or_agency,0.0
Delhi,2021,cases_transferred_to_other_state_or_agency,6.0
Jammu & Kashmir,2021,cases_transferred_to_other_state_or_agency,0.0
Ladakh,2021,cases_transferred_to_other_state_or_agency,0.0
Lakshadweep,2021,cases_transferred_to_other_state_or_agency,0.0
Puducherry,2021,cases_transferred_to_other_state_or_agency,1.0
Andhra Pradesh,2021,cases_withdrawn_by_the_govt_during_investigation,7.0
Arunachal Pradesh,2021,cases_withdrawn_by_the_govt_during_investigation,0.0
Assam,2021,cases_withdrawn_by_the_govt_during_investigation,0.0
Bihar,2021,cases_withdrawn_by_the_govt_during_investigation,0.0
Chhattisgarh,2021,cases_withdrawn_by_the_govt_during_investigation,25.0
Goa,2021,cases_withdrawn_by_the_govt_during_investigation,0.0
Gujarat,2021,cases_withdrawn_by_the_govt_during_investigation,466.0
Haryana,2021,cases_withdrawn_by_the_govt_during_investigation,0.0
Himachal Pradesh,2021,cases_withdrawn_by_the_govt_during_investigation,0.0
Jharkhand,2021,cases_withdrawn_by_the_govt_during_investigation,0.0
Karnataka,2021,cases_withdrawn_by_the_govt_during_investigation,0.0
Kerala,2021,cases_withdrawn_by_the_govt_during_investigation,0.0
Madhya Pradesh,2021,cases_withdrawn_by_the_govt_during_investigation,0.0
Maharashtra,2021,cases_withdrawn_by_the_govt_during_investigation,0.0
Manipur,2021,cases_withdrawn_by_the_govt_during_investigation,0.0
Meghalaya,2021,cases_withdrawn_by_the_govt_during_investigation,0.0
Mizoram,2021,cases_withdrawn_by_the_govt_during_investigation,0.0
Nagaland,2021,cases_withdrawn_by_the_govt_during_investigation,0.0
Odisha,2021,cases_withdrawn_by_the_govt_during_investigation,0.0
Punjab,2021,cases_withdrawn_by_the_govt_during_investigation,87.0
Rajasthan,2021,cases_withdrawn_by_the_govt_during_investigation,1.0
Sikkim,2021,cases_withdrawn_by_the_govt_during_investigation,0.0
Tamil Nadu,2021,cases_withdrawn_by_the_govt_during_investigation,1150.0
Telangana,2021,cases_withdrawn_by_the_govt_during_investigation,0.0
Tripura,2021,cases_withdrawn_by_the_govt_during_investigation,0.0
Uttar Pradesh,2021,cases_withdrawn_by_the_govt_during_investigation,10.0
Uttarakhand,2021,cases_withdrawn_by_the_govt_during_investigation,0.0
West Bengal,2021,cases_withdrawn_by_the_govt_during_investigation,1.0
Andaman & Nicobar Islands,2021,cases_withdrawn_by_the_govt_during_investigation,0.0
Chandigarh,2021,cases_withdrawn_by_the_govt_during_investigation,0.0
DNH & Daman & Diu,2021,cases_withdrawn_by_the_govt_during_investigation,0.0
Delhi,2021,cases_withdrawn_by_the_govt_during_investigation,0.0
Jammu & Kashmir,2021,cases_withdrawn_by_the_govt_during_investigation,0.0
Ladakh,2021,cases_withdrawn_by_the_govt_during_investigation,0.0
Lakshadweep,2021,cases_withdrawn_by_the_govt_during_investigation,0.0
Puducherry,2021,cases_withdrawn_by_the_govt_during_investigation,0.0
Andhra Pradesh,2021,final_report_cases_ended_as_fr_non_cognizable,20.0
Arunachal Pradesh,2021,final_report_cases_ended_as_fr_non_cognizable,0.0
Assam,2021,final_report_cases_ended_as_fr_non_cognizable,113.0
Bihar,2021,final_report_cases_ended_as_fr_non_cognizable,2946.0
Chhattisgarh,2021,final_report_cases_ended_as_fr_non_cognizable,1123.0
Goa,2021,final_report_cases_ended_as_fr_non_cognizable,5.0
Gujarat,2021,final_report_cases_ended_as_fr_non_cognizable,6.0
Haryana,2021,final_report_cases_ended_as_fr_non_cognizable,2.0
Himachal Pradesh,2021,final_report_cases_ended_as_fr_non_cognizable,2.0
Jharkhand,2021,final_report_cases_ended_as_fr_non_cognizable,390.0
Karnataka,2021,final_report_cases_ended_as_fr_non_cognizable,0.0
Kerala,2021,final_report_cases_ended_as_fr_non_cognizable,6.0
Madhya Pradesh,2021,final_report_cases_ended_as_fr_non_cognizable,265.0
Maharashtra,2021,final_report_cases_ended_as_fr_non_cognizable,4568.0
Manipur,2021,final_report_cases_ended_as_fr_non_cognizable,37.0
Meghalaya,2021,final_report_cases_ended_as_fr_non_cognizable,0.0
Mizoram,2021,final_report_cases_ended_as_fr_non_cognizable,0.0
Nagaland,2021,final_report_cases_ended_as_fr_non_cognizable,0.0
Odisha,2021,final_report_cases_ended_as_fr_non_cognizable,9.0
Punjab,2021,final_report_cases_ended_as_fr_non_cognizable,1.0
Rajasthan,2021,final_report_cases_ended_as_fr_non_cognizable,432.0
Sikkim,2021,final_report_cases_ended_as_fr_non_cognizable,3.0
Tamil Nadu,2021,final_report_cases_ended_as_fr_non_cognizable,0.0
Telangana,2021,final_report_cases_ended_as_fr_non_cognizable,0.0
Tripura,2021,final_report_cases_ended_as_fr_non_cognizable,16.0
Uttar Pradesh,2021,final_report_cases_ended_as_fr_non_cognizable,361.0
Uttarakhand,2021,final_report_cases_ended_as_fr_non_cognizable,5.0
West Bengal,2021,final_report_cases_ended_as_fr_non_cognizable,74.0
Andaman & Nicobar Islands,2021,final_report_cases_ended_as_fr_non_cognizable,1.0
Chandigarh,2021,final_report_cases_ended_as_fr_non_cognizable,0.0
DNH & Daman & Diu,2021,final_report_cases_ended_as_fr_non_cognizable,0.0
Delhi,2021,final_report_cases_ended_as_fr_non_cognizable,0.0
Jammu & Kashmir,2021,final_report_cases_ended_as_fr_non_cognizable,0.0
Ladakh,2021,final_report_cases_ended_as_fr_non_cognizable,0.0
Lakshadweep,2021,final_report_cases_ended_as_fr_non_cognizable,0.0
Puducherry,2021,final_report_cases_ended_as_fr_non_cognizable,0.0
Andhra Pradesh,2021,final_report_cases_ended_as_final_report_false,3826.0
Arunachal Pradesh,2021,final_report_cases_ended_as_final_report_false,36.0
Assam,2021,final_report_cases_ended_as_final_report_false,2653.0
Bihar,2021,final_report_cases_ended_as_final_report_false,6821.0
Chhattisgarh,2021,final_report_cases_ended_as_final_report_false,1729.0
Goa,2021,final_report_cases_ended_as_final_report_false,2.0
Gujarat,2021,final_report_cases_ended_as_final_report_false,150.0
Haryana,2021,final_report_cases_ended_as_final_report_false,21974.0
Himachal Pradesh,2021,final_report_cases_ended_as_final_report_false,810.0
Jharkhand,2021,final_report_cases_ended_as_final_report_false,701.0
Karnataka,2021,final_report_cases_ended_as_final_report_false,7088.0
Kerala,2021,final_report_cases_ended_as_final_report_false,2344.0
Madhya Pradesh,2021,final_report_cases_ended_as_final_report_false,5462.0
Maharashtra,2021,final_report_cases_ended_as_final_report_false,2418.0
Manipur,2021,final_report_cases_ended_as_final_report_false,6.0
Meghalaya,2021,final_report_cases_ended_as_final_report_false,2.0
Mizoram,2021,final_report_cases_ended_as_final_report_false,4.0
Nagaland,2021,final_report_cases_ended_as_final_report_false,0.0
Odisha,2021,final_report_cases_ended_as_final_report_false,1022.0
Punjab,2021,final_report_cases_ended_as_final_report_false,4910.0
Rajasthan,2021,final_report_cases_ended_as_final_report_false,44296.0
Sikkim,2021,final_report_cases_ended_as_final_report_false,0.0
Tamil Nadu,2021,final_report_cases_ended_as_final_report_false,1139.0
Telangana,2021,final_report_cases_ended_as_final_report_false,5852.0
Tripura,2021,final_report_cases_ended_as_final_report_false,51.0
Uttar Pradesh,2021,final_report_cases_ended_as_final_report_false,5471.0
Uttarakhand,2021,final_report_cases_ended_as_final_report_false,161.0
West Bengal,2021,final_report_cases_ended_as_final_report_false,109.0
Andaman & Nicobar Islands,2021,final_report_cases_ended_as_final_report_false,1.0
Chandigarh,2021,final_report_cases_ended_as_final_report_false,0.0
DNH & Daman & Diu,2021,final_report_cases_ended_as_final_report_false,1.0
Delhi,2021,final_report_cases_ended_as_final_report_false,0.0
Jammu & Kashmir,2021,final_report_cases_ended_as_final_report_false,3132.0
Ladakh,2021,final_report_cases_ended_as_final_report_false,21.0
Lakshadweep,2021,final_report_cases_ended_as_final_report_false,0.0
Puducherry,2021,final_report_cases_ended_as_final_report_false,0.0
Andhra Pradesh,2021,final_report_cases_ended_as_mistake_of_fact_or_of_law_or_civil_dispute,1648.0
Arunachal Pradesh,2021,final_report_cases_ended_as_mistake_of_fact_or_of_law_or_civil_dispute,66.0
Assam,2021,final_report_cases_ended_as_mistake_of_fact_or_of_law_or_civil_dispute,24782.0
Bihar,2021,final_report_cases_ended_as_mistake_of_fact_or_of_law_or_civil_dispute,16922.0
Chhattisgarh,2021,final_report_cases_ended_as_mistake_of_fact_or_of_law_or_civil_dispute,476.0
Goa,2021,final_report_cases_ended_as_mistake_of_fact_or_of_law_or_civil_dispute,98.0
Gujarat,2021,final_report_cases_ended_as_mistake_of_fact_or_of_law_or_civil_dispute,704.0
Haryana,2021,final_report_cases_ended_as_mistake_of_fact_or_of_law_or_civil_dispute,28.0
Himachal Pradesh,2021,final_report_cases_ended_as_mistake_of_fact_or_of_law_or_civil_dispute,353.0
Jharkhand,2021,final_report_cases_ended_as_mistake_of_fact_or_of_law_or_civil_dispute,4232.0
Karnataka,2021,final_report_cases_ended_as_mistake_of_fact_or_of_law_or_civil_dispute,1819.0
Kerala,2021,final_report_cases_ended_as_mistake_of_fact_or_of_law_or_civil_dispute,2100.0
Madhya Pradesh,2021,final_report_cases_ended_as_mistake_of_fact_or_of_law_or_civil_dispute,1327.0
Maharashtra,2021,final_report_cases_ended_as_mistake_of_fact_or_of_law_or_civil_dispute,23092.0
Manipur,2021,final_report_cases_ended_as_mistake_of_fact_or_of_law_or_civil_dispute,55.0
Meghalaya,2021,final_report_cases_ended_as_mistake_of_fact_or_of_law_or_civil_dispute,42.0
Mizoram,2021,final_report_cases_ended_as_mistake_of_fact_or_of_law_or_civil_dispute,13.0
Nagaland,2021,final_report_cases_ended_as_mistake_of_fact_or_of_law_or_civil_dispute,5.0
Odisha,2021,final_report_cases_ended_as_mistake_of_fact_or_of_law_or_civil_dispute,21239.0
Punjab,2021,final_report_cases_ended_as_mistake_of_fact_or_of_law_or_civil_dispute,962.0
Rajasthan,2021,final_report_cases_ended_as_mistake_of_fact_or_of_law_or_civil_dispute,25280.0
Sikkim,2021,final_report_cases_ended_as_mistake_of_fact_or_of_law_or_civil_dispute,13.0
Tamil Nadu,2021,final_report_cases_ended_as_mistake_of_fact_or_of_law_or_civil_dispute,15952.0
Telangana,2021,final_report_cases_ended_as_mistake_of_fact_or_of_law_or_civil_dispute,5449.0
Tripura,2021,final_report_cases_ended_as_mistake_of_fact_or_of_law_or_civil_dispute,559.0
Uttar Pradesh,2021,final_report_cases_ended_as_mistake_of_fact_or_of_law_or_civil_dispute,10825.0
Uttarakhand,2021,final_report_cases_ended_as_mistake_of_fact_or_of_law_or_civil_dispute,51.0
West Bengal,2021,final_report_cases_ended_as_mistake_of_fact_or_of_law_or_civil_dispute,1647.0
Andaman & Nicobar Islands,2021,final_report_cases_ended_as_mistake_of_fact_or_of_law_or_civil_dispute,6.0
Chandigarh,2021,final_report_cases_ended_as_mistake_of_fact_or_of_law_or_civil_dispute,238.0
DNH & Daman & Diu,2021,final_report_cases_ended_as_mistake_of_fact_or_of_law_or_civil_dispute,68.0
Delhi,2021,final_report_cases_ended_as_mistake_of_fact_or_of_law_or_civil_dispute,35788.0
Jammu & Kashmir,2021,final_report_cases_ended_as_mistake_of_fact_or_of_law_or_civil_dispute,7.0
Ladakh,2021,final_report_cases_ended_as_mistake_of_fact_or_of_law_or_civil_dispute,7.0
Lakshadweep,2021,final_report_cases_ended_as_mistake_of_fact_or_of_law_or_civil_dispute,0.0
Puducherry,2021,final_report_cases_ended_as_mistake_of_fact_or_of_law_or_civil_dispute,55.0
Andhra Pradesh,2021,final_report_cases_true_but_insufficient_evidence_or_untraced_or_no_clue,7628.0
Arunachal Pradesh,2021,final_report_cases_true_but_insufficient_evidence_or_untraced_or_no_clue,1184.0
Assam,2021,final_report_cases_true_but_insufficient_evidence_or_untraced_or_no_clue,56910.0
Bihar,2021,final_report_cases_true_but_insufficient_evidence_or_untraced_or_no_clue,30620.0
Chhattisgarh,2021,final_report_cases_true_but_insufficient_evidence_or_untraced_or_no_clue,10097.0
Goa,2021,final_report_cases_true_but_insufficient_evidence_or_untraced_or_no_clue,362.0
Gujarat,2021,final_report_cases_true_but_insufficient_evidence_or_untraced_or_no_clue,9391.0
Haryana,2021,final_report_cases_true_but_insufficient_evidence_or_untraced_or_no_clue,36891.0
Himachal Pradesh,2021,final_report_cases_true_but_insufficient_evidence_or_untraced_or_no_clue,977.0
Jharkhand,2021,final_report_cases_true_but_insufficient_evidence_or_untraced_or_no_clue,8821.0
Karnataka,2021,final_report_cases_true_but_insufficient_evidence_or_untraced_or_no_clue,16016.0
Kerala,2021,final_report_cases_true_but_insufficient_evidence_or_untraced_or_no_clue,4191.0
Madhya Pradesh,2021,final_report_cases_true_but_insufficient_evidence_or_untraced_or_no_clue,31030.0
Maharashtra,2021,final_report_cases_true_but_insufficient_evidence_or_untraced_or_no_clue,59652.0
Manipur,2021,final_report_cases_true_but_insufficient_evidence_or_untraced_or_no_clue,1531.0
Meghalaya,2021,final_report_cases_true_but_insufficient_evidence_or_untraced_or_no_clue,1719.0
Mizoram,2021,final_report_cases_true_but_insufficient_evidence_or_untraced_or_no_clue,633.0
Nagaland,2021,final_report_cases_true_but_insufficient_evidence_or_untraced_or_no_clue,357.0
Odisha,2021,final_report_cases_true_but_insufficient_evidence_or_untraced_or_no_clue,8823.0
Punjab,2021,final_report_cases_true_but_insufficient_evidence_or_untraced_or_no_clue,8497.0
Rajasthan,2021,final_report_cases_true_but_insufficient_evidence_or_untraced_or_no_clue,35832.0
Sikkim,2021,final_report_cases_true_but_insufficient_evidence_or_untraced_or_no_clue,120.0
Tamil Nadu,2021,final_report_cases_true_but_insufficient_evidence_or_untraced_or_no_clue,98677.0
Telangana,2021,final_report_cases_true_but_insufficient_evidence_or_untraced_or_no_clue,17077.0
Tripura,2021,final_report_cases_true_but_insufficient_evidence_or_untraced_or_no_clue,839.0
Uttar Pradesh,2021,final_report_cases_true_but_insufficient_evidence_or_untraced_or_no_clue,69796.0
Uttarakhand,2021,final_report_cases_true_but_insufficient_evidence_or_untraced_or_no_clue,3325.0
West Bengal,2021,final_report_cases_true_but_insufficient_evidence_or_untraced_or_no_clue,10959.0
Andaman & Nicobar Islands,2021,final_report_cases_true_but_insufficient_evidence_or_untraced_or_no_clue,42.0
Chandigarh,2021,final_report_cases_true_but_insufficient_evidence_or_untraced_or_no_clue,622.0
DNH & Daman & Diu,2021,final_report_cases_true_but_insufficient_evidence_or_untraced_or_no_clue,52.0
Delhi,2021,final_report_cases_true_but_insufficient_evidence_or_untraced_or_no_clue,161944.0
Jammu & Kashmir,2021,final_report_cases_true_but_insufficient_evidence_or_untraced_or_no_clue,3067.0
Ladakh,2021,final_report_cases_true_but_insufficient_evidence_or_untraced_or_no_clue,23.0
Lakshadweep,2021,final_report_cases_true_but_insufficient_evidence_or_untraced_or_no_clue,70.0
Puducherry,2021,final_report_cases_true_but_insufficient_evidence_or_untraced_or_no_clue,124.0
Andhra Pradesh,2021,final_report_cases_abated_during_investigation,1205.0
Arunachal Pradesh,2021,final_report_cases_abated_during_investigation,9.0
Assam,2021,final_report_cases_abated_during_investigation,1638.0
Bihar,2021,final_report_cases_abated_during_investigation,0.0
Chhattisgarh,2021,final_report_cases_abated_during_investigation,900.0
Goa,2021,final_report_cases_abated_during_investigation,16.0
Gujarat,2021,final_report_cases_abated_during_investigation,1097.0
Haryana,2021,final_report_cases_abated_during_investigation,1.0
Himachal Pradesh,2021,final_report_cases_abated_during_investigation,65.0
Jharkhand,2021,final_report_cases_abated_during_investigation,19.0
Karnataka,2021,final_report_cases_abated_during_investigation,561.0
Kerala,2021,final_report_cases_abated_during_investigation,35.0
Madhya Pradesh,2021,final_report_cases_abated_during_investigation,17.0
Maharashtra,2021,final_report_cases_abated_during_investigation,2400.0
Manipur,2021,final_report_cases_abated_during_investigation,5.0
Meghalaya,2021,final_report_cases_abated_during_investigation,4.0
Mizoram,2021,final_report_cases_abated_during_investigation,0.0
Nagaland,2021,final_report_cases_abated_during_investigation,0.0
Odisha,2021,final_report_cases_abated_during_investigation,129.0
Punjab,2021,final_report_cases_abated_during_investigation,10.0
Rajasthan,2021,final_report_cases_abated_during_investigation,251.0
Sikkim,2021,final_report_cases_abated_during_investigation,2.0
Tamil Nadu,2021,final_report_cases_abated_during_investigation,1769.0
Telangana,2021,final_report_cases_abated_during_investigation,1658.0
Tripura,2021,final_report_cases_abated_during_investigation,0.0
Uttar Pradesh,2021,final_report_cases_abated_during_investigation,0.0
Uttarakhand,2021,final_report_cases_abated_during_investigation,3.0
West Bengal,2021,final_report_cases_abated_during_investigation,0.0
Andaman & Nicobar Islands,2021,final_report_cases_abated_during_investigation,1.0
Chandigarh,2021,final_report_cases_abated_during_investigation,0.0
DNH & Daman & Diu,2021,final_report_cases_abated_during_investigation,16.0
Delhi,2021,final_report_cases_abated_during_investigation,35.0
Jammu & Kashmir,2021,final_report_cases_abated_during_investigation,0.0
Ladakh,2021,final_report_cases_abated_during_investigation,0.0
Lakshadweep,2021,final_report_cases_abated_during_investigation,0.0
Puducherry,2021,final_report_cases_abated_during_investigation,0.0
Andhra Pradesh,2021,final_report_total,14327.0
Arunachal Pradesh,2021,final_report_total,1295.0
Assam,2021,final_report_total,86096.0
Bihar,2021,final_report_total,57309.0
Chhattisgarh,2021,final_report_total,14325.0
Goa,2021,final_report_total,483.0
Gujarat,2021,final_report_total,11348.0
Haryana,2021,final_report_total,58896.0
Himachal Pradesh,2021,final_report_total,2207.0
Jharkhand,2021,final_report_total,14163.0
Karnataka,2021,final_report_total,25484.0
Kerala,2021,final_report_total,8676.0
Madhya Pradesh,2021,final_report_total,38101.0
Maharashtra,2021,final_report_total,92130.0
Manipur,2021,final_report_total,1634.0
Meghalaya,2021,final_report_total,1767.0
Mizoram,2021,final_report_total,650.0
Nagaland,2021,final_report_total,362.0
Odisha,2021,final_report_total,31222.0
Punjab,2021,final_report_total,14380.0
Rajasthan,2021,final_report_total,106091.0
Sikkim,2021,final_report_total,138.0
Tamil Nadu,2021,final_report_total,117537.0
Telangana,2021,final_report_total,30036.0
Tripura,2021,final_report_total,1465.0
Uttar Pradesh,2021,final_report_total,86453.0
Uttarakhand,2021,final_report_total,3545.0
West Bengal,2021,final_report_total,12789.0
Andaman & Nicobar Islands,2021,final_report_total,51.0
Chandigarh,2021,final_report_total,860.0
DNH & Daman & Diu,2021,final_report_total,137.0
Delhi,2021,final_report_total,197767.0
Jammu & Kashmir,2021,final_report_total,6206.0
Ladakh,2021,final_report_total,51.0
Lakshadweep,2021,final_report_total,70.0
Puducherry,2021,final_report_total,179.0
Andhra Pradesh,2021,charge_sheets_submitted_cases_chargesheeted_out_of_cases_from_prev_year,79549.0
Arunachal Pradesh,2021,charge_sheets_submitted_cases_chargesheeted_out_of_cases_from_prev_year,596.0
Assam,2021,charge_sheets_submitted_cases_chargesheeted_out_of_cases_from_prev_year,16223.0
Bihar,2021,charge_sheets_submitted_cases_chargesheeted_out_of_cases_from_prev_year,62842.0
Chhattisgarh,2021,charge_sheets_submitted_cases_chargesheeted_out_of_cases_from_prev_year,7894.0
Goa,2021,charge_sheets_submitted_cases_chargesheeted_out_of_cases_from_prev_year,484.0
Gujarat,2021,charge_sheets_submitted_cases_chargesheeted_out_of_cases_from_prev_year,8048.0
Haryana,2021,charge_sheets_submitted_cases_chargesheeted_out_of_cases_from_prev_year,16925.0
Himachal Pradesh,2021,charge_sheets_submitted_cases_chargesheeted_out_of_cases_from_prev_year,2222.0
Jharkhand,2021,charge_sheets_submitted_cases_chargesheeted_out_of_cases_from_prev_year,10746.0
Karnataka,2021,charge_sheets_submitted_cases_chargesheeted_out_of_cases_from_prev_year,33314.0
Kerala,2021,charge_sheets_submitted_cases_chargesheeted_out_of_cases_from_prev_year,20604.0
Madhya Pradesh,2021,charge_sheets_submitted_cases_chargesheeted_out_of_cases_from_prev_year,11786.0
Maharashtra,2021,charge_sheets_submitted_cases_chargesheeted_out_of_cases_from_prev_year,104792.0
Manipur,2021,charge_sheets_submitted_cases_chargesheeted_out_of_cases_from_prev_year,187.0
Meghalaya,2021,charge_sheets_submitted_cases_chargesheeted_out_of_cases_from_prev_year,407.0
Mizoram,2021,charge_sheets_submitted_cases_chargesheeted_out_of_cases_from_prev_year,103.0
Nagaland,2021,charge_sheets_submitted_cases_chargesheeted_out_of_cases_from_prev_year,161.0
Odisha,2021,charge_sheets_submitted_cases_chargesheeted_out_of_cases_from_prev_year,12880.0
Punjab,2021,charge_sheets_submitted_cases_chargesheeted_out_of_cases_from_prev_year,19467.0
Rajasthan,2021,charge_sheets_submitted_cases_chargesheeted_out_of_cases_from_prev_year,11303.0
Sikkim,2021,charge_sheets_submitted_cases_chargesheeted_out_of_cases_from_prev_year,44.0
Tamil Nadu,2021,charge_sheets_submitted_cases_chargesheeted_out_of_cases_from_prev_year,90661.0
Telangana,2021,charge_sheets_submitted_cases_chargesheeted_out_of_cases_from_prev_year,36337.0
Tripura,2021,charge_sheets_submitted_cases_chargesheeted_out_of_cases_from_prev_year,1203.0
Uttar Pradesh,2021,charge_sheets_submitted_cases_chargesheeted_out_of_cases_from_prev_year,34141.0
Uttarakhand,2021,charge_sheets_submitted_cases_chargesheeted_out_of_cases_from_prev_year,1848.0
West Bengal,2021,charge_sheets_submitted_cases_chargesheeted_out_of_cases_from_prev_year,39287.0
Andaman & Nicobar Islands,2021,charge_sheets_submitted_cases_chargesheeted_out_of_cases_from_prev_year,97.0
Chandigarh,2021,charge_sheets_submitted_cases_chargesheeted_out_of_cases_from_prev_year,1148.0
DNH & Daman & Diu,2021,charge_sheets_submitted_cases_chargesheeted_out_of_cases_from_prev_year,179.0
Delhi,2021,charge_sheets_submitted_cases_chargesheeted_out_of_cases_from_prev_year,19795.0
Jammu & Kashmir,2021,charge_sheets_submitted_cases_chargesheeted_out_of_cases_from_prev_year,7369.0
Ladakh,2021,charge_sheets_submitted_cases_chargesheeted_out_of_cases_from_prev_year,69.0
Lakshadweep,2021,charge_sheets_submitted_cases_chargesheeted_out_of_cases_from_prev_year,57.0
Puducherry,2021,charge_sheets_submitted_cases_chargesheeted_out_of_cases_from_prev_year,549.0
Andhra Pradesh,2021,charge_sheets_submitted_cases_charge_sheeted_out_of_cases_during_the_year,108326.0
Arunachal Pradesh,2021,charge_sheets_submitted_cases_charge_sheeted_out_of_cases_during_the_year,792.0
Assam,2021,charge_sheets_submitted_cases_charge_sheeted_out_of_cases_during_the_year,37181.0
Bihar,2021,charge_sheets_submitted_cases_charge_sheeted_out_of_cases_during_the_year,74411.0
Chhattisgarh,2021,charge_sheets_submitted_cases_charge_sheeted_out_of_cases_during_the_year,50135.0
Goa,2021,charge_sheets_submitted_cases_charge_sheeted_out_of_cases_during_the_year,857.0
Gujarat,2021,charge_sheets_submitted_cases_charge_sheeted_out_of_cases_during_the_year,256030.0
Haryana,2021,charge_sheets_submitted_cases_charge_sheeted_out_of_cases_during_the_year,39986.0
Himachal Pradesh,2021,charge_sheets_submitted_cases_charge_sheeted_out_of_cases_during_the_year,9299.0
Jharkhand,2021,charge_sheets_submitted_cases_charge_sheeted_out_of_cases_during_the_year,18654.0
Karnataka,2021,charge_sheets_submitted_cases_charge_sheeted_out_of_cases_during_the_year,64461.0
Kerala,2021,charge_sheets_submitted_cases_charge_sheeted_out_of_cases_during_the_year,119400.0
Madhya Pradesh,2021,charge_sheets_submitted_cases_charge_sheeted_out_of_cases_during_the_year,250852.0
Maharashtra,2021,charge_sheets_submitted_cases_charge_sheeted_out_of_cases_during_the_year,194499.0
Manipur,2021,charge_sheets_submitted_cases_charge_sheeted_out_of_cases_during_the_year,98.0
Meghalaya,2021,charge_sheets_submitted_cases_charge_sheeted_out_of_cases_during_the_year,432.0
Mizoram,2021,charge_sheets_submitted_cases_charge_sheeted_out_of_cases_during_the_year,1348.0
Nagaland,2021,charge_sheets_submitted_cases_charge_sheeted_out_of_cases_during_the_year,447.0
Odisha,2021,charge_sheets_submitted_cases_charge_sheeted_out_of_cases_during_the_year,83370.0
Punjab,2021,charge_sheets_submitted_cases_charge_sheeted_out_of_cases_during_the_year,11439.0
Rajasthan,2021,charge_sheets_submitted_cases_charge_sheeted_out_of_cases_during_the_year,101170.0
Sikkim,2021,charge_sheets_submitted_cases_charge_sheeted_out_of_cases_during_the_year,147.0
Tamil Nadu,2021,charge_sheets_submitted_cases_charge_sheeted_out_of_cases_during_the_year,109665.0
Telangana,2021,charge_sheets_submitted_cases_charge_sheeted_out_of_cases_during_the_year,90843.0
Tripura,2021,charge_sheets_submitted_cases_charge_sheeted_out_of_cases_during_the_year,2160.0
Uttar Pradesh,2021,charge_sheets_submitted_cases_charge_sheeted_out_of_cases_during_the_year,234073.0
Uttarakhand,2021,charge_sheets_submitted_cases_charge_sheeted_out_of_cases_during_the_year,8577.0
West Bengal,2021,charge_sheets_submitted_cases_charge_sheeted_out_of_cases_during_the_year,108567.0
Andaman & Nicobar Islands,2021,charge_sheets_submitted_cases_charge_sheeted_out_of_cases_during_the_year,284.0
Chandigarh,2021,charge_sheets_submitted_cases_charge_sheeted_out_of_cases_during_the_year,673.0
DNH & Daman & Diu,2021,charge_sheets_submitted_cases_charge_sheeted_out_of_cases_during_the_year,259.0
Delhi,2021,charge_sheets_submitted_cases_charge_sheeted_out_of_cases_during_the_year,68934.0
Jammu & Kashmir,2021,charge_sheets_submitted_cases_charge_sheeted_out_of_cases_during_the_year,17362.0
Ladakh,2021,charge_sheets_submitted_cases_charge_sheeted_out_of_cases_during_the_year,366.0
Lakshadweep,2021,charge_sheets_submitted_cases_charge_sheeted_out_of_cases_during_the_year,8.0
Puducherry,2021,charge_sheets_submitted_cases_charge_sheeted_out_of_cases_during_the_year,1843.0
Andhra Pradesh,2021,charge_sheets_submitted_cases_charge_sheeted,187875.0
Arunachal Pradesh,2021,charge_sheets_submitted_cases_charge_sheeted,1388.0
Assam,2021,charge_sheets_submitted_cases_charge_sheeted,53404.0
Bihar,2021,charge_sheets_submitted_cases_charge_sheeted,137253.0
Chhattisgarh,2021,charge_sheets_submitted_cases_charge_sheeted,58029.0
Goa,2021,charge_sheets_submitted_cases_charge_sheeted,1341.0
Gujarat,2021,charge_sheets_submitted_cases_charge_sheeted,264078.0
Haryana,2021,charge_sheets_submitted_cases_charge_sheeted,56911.0
Himachal Pradesh,2021,charge_sheets_submitted_cases_charge_sheeted,11521.0
Jharkhand,2021,charge_sheets_submitted_cases_charge_sheeted,29400.0
Karnataka,2021,charge_sheets_submitted_cases_charge_sheeted,97775.0
Kerala,2021,charge_sheets_submitted_cases_charge_sheeted,140004.0
Madhya Pradesh,2021,charge_sheets_submitted_cases_charge_sheeted,262638.0
Maharashtra,2021,charge_sheets_submitted_cases_charge_sheeted,299291.0
Manipur,2021,charge_sheets_submitted_cases_charge_sheeted,285.0
Meghalaya,2021,charge_sheets_submitted_cases_charge_sheeted,839.0
Mizoram,2021,charge_sheets_submitted_cases_charge_sheeted,1451.0
Nagaland,2021,charge_sheets_submitted_cases_charge_sheeted,608.0
Odisha,2021,charge_sheets_submitted_cases_charge_sheeted,96250.0
Punjab,2021,charge_sheets_submitted_cases_charge_sheeted,30906.0
Rajasthan,2021,charge_sheets_submitted_cases_charge_sheeted,112473.0
Sikkim,2021,charge_sheets_submitted_cases_charge_sheeted,191.0
Tamil Nadu,2021,charge_sheets_submitted_cases_charge_sheeted,200326.0
Telangana,2021,charge_sheets_submitted_cases_charge_sheeted,127180.0
Tripura,2021,charge_sheets_submitted_cases_charge_sheeted,3363.0
Uttar Pradesh,2021,charge_sheets_submitted_cases_charge_sheeted,268214.0
Uttarakhand,2021,charge_sheets_submitted_cases_charge_sheeted,10425.0
West Bengal,2021,charge_sheets_submitted_cases_charge_sheeted,147854.0
Andaman & Nicobar Islands,2021,charge_sheets_submitted_cases_charge_sheeted,381.0
Chandigarh,2021,charge_sheets_submitted_cases_charge_sheeted,1821.0
DNH & Daman & Diu,2021,charge_sheets_submitted_cases_charge_sheeted,438.0
Delhi,2021,charge_sheets_submitted_cases_charge_sheeted,88729.0
Jammu & Kashmir,2021,charge_sheets_submitted_cases_charge_sheeted,24731.0
Ladakh,2021,charge_sheets_submitted_cases_charge_sheeted,435.0
Lakshadweep,2021,charge_sheets_submitted_cases_charge_sheeted,65.0
Puducherry,2021,charge_sheets_submitted_cases_charge_sheeted,2392.0
Andhra Pradesh,2021,total_cases_disposed_off_by_police,202286.0
Arunachal Pradesh,2021,total_cases_disposed_off_by_police,2683.0
Assam,2021,total_cases_disposed_off_by_police,139671.0
Bihar,2021,total_cases_disposed_off_by_police,194562.0
Chhattisgarh,2021,total_cases_disposed_off_by_police,72387.0
Goa,2021,total_cases_disposed_off_by_police,1824.0
Gujarat,2021,total_cases_disposed_off_by_police,275429.0
Haryana,2021,total_cases_disposed_off_by_police,115810.0
Himachal Pradesh,2021,total_cases_disposed_off_by_police,13728.0
Jharkhand,2021,total_cases_disposed_off_by_police,43565.0
Karnataka,2021,total_cases_disposed_off_by_police,123866.0
Kerala,2021,total_cases_disposed_off_by_police,152532.0
Madhya Pradesh,2021,total_cases_disposed_off_by_police,300781.0
Maharashtra,2021,total_cases_disposed_off_by_police,391646.0
Manipur,2021,total_cases_disposed_off_by_police,1923.0
Meghalaya,2021,total_cases_disposed_off_by_police,2607.0
Mizoram,2021,total_cases_disposed_off_by_police,2104.0
Nagaland,2021,total_cases_disposed_off_by_police,970.0
Odisha,2021,total_cases_disposed_off_by_police,127473.0
Punjab,2021,total_cases_disposed_off_by_police,45287.0
Rajasthan,2021,total_cases_disposed_off_by_police,218586.0
Sikkim,2021,total_cases_disposed_off_by_police,335.0
Tamil Nadu,2021,total_cases_disposed_off_by_police,318097.0
Telangana,2021,total_cases_disposed_off_by_police,157309.0
Tripura,2021,total_cases_disposed_off_by_police,4829.0
Uttar Pradesh,2021,total_cases_disposed_off_by_police,355190.0
Uttarakhand,2021,total_cases_disposed_off_by_police,13971.0
West Bengal,2021,total_cases_disposed_off_by_police,160852.0
Andaman & Nicobar Islands,2021,total_cases_disposed_off_by_police,432.0
Chandigarh,2021,total_cases_disposed_off_by_police,2690.0
DNH & Daman & Diu,2021,total_cases_disposed_off_by_police,575.0
Delhi,2021,total_cases_disposed_off_by_police,286502.0
Jammu & Kashmir,2021,total_cases_disposed_off_by_police,30937.0
Ladakh,2021,total_cases_disposed_off_by_police,486.0
Lakshadweep,2021,total_cases_disposed_off_by_police,135.0
Puducherry,2021,total_cases_disposed_off_by_police,2572.0
Andhra Pradesh,2021,cases_quashed_at_investigation_stage,54.0
Arunachal Pradesh,2021,cases_quashed_at_investigation_stage,2.0
Assam,2021,cases_quashed_at_investigation_stage,2.0
Bihar,2021,cases_quashed_at_investigation_stage,0.0
Chhattisgarh,2021,cases_quashed_at_investigation_stage,6.0
Goa,2021,cases_quashed_at_investigation_stage,2.0
Gujarat,2021,cases_quashed_at_investigation_stage,242.0
Haryana,2021,cases_quashed_at_investigation_stage,4.0
Himachal Pradesh,2021,cases_quashed_at_investigation_stage,1.0
Jharkhand,2021,cases_quashed_at_investigation_stage,8.0
Karnataka,2021,cases_quashed_at_investigation_stage,22.0
Kerala,2021,cases_quashed_at_investigation_stage,128.0
Madhya Pradesh,2021,cases_quashed_at_investigation_stage,7.0
Maharashtra,2021,cases_quashed_at_investigation_stage,116.0
Manipur,2021,cases_quashed_at_investigation_stage,0.0
Meghalaya,2021,cases_quashed_at_investigation_stage,1.0
Mizoram,2021,cases_quashed_at_investigation_stage,0.0
Nagaland,2021,cases_quashed_at_investigation_stage,0.0
Odisha,2021,cases_quashed_at_investigation_stage,0.0
Punjab,2021,cases_quashed_at_investigation_stage,169.0
Rajasthan,2021,cases_quashed_at_investigation_stage,18.0
Sikkim,2021,cases_quashed_at_investigation_stage,0.0
Tamil Nadu,2021,cases_quashed_at_investigation_stage,124.0
Telangana,2021,cases_quashed_at_investigation_stage,59.0
Tripura,2021,cases_quashed_at_investigation_stage,0.0
Uttar Pradesh,2021,cases_quashed_at_investigation_stage,489.0
Uttarakhand,2021,cases_quashed_at_investigation_stage,0.0
West Bengal,2021,cases_quashed_at_investigation_stage,2.0
Andaman & Nicobar Islands,2021,cases_quashed_at_investigation_stage,0.0
Chandigarh,2021,cases_quashed_at_investigation_stage,1.0
DNH & Daman & Diu,2021,cases_quashed_at_investigation_stage,0.0
Delhi,2021,cases_quashed_at_investigation_stage,197.0
Jammu & Kashmir,2021,cases_quashed_at_investigation_stage,9.0
Ladakh,2021,cases_quashed_at_investigation_stage,1.0
Lakshadweep,2021,cases_quashed_at_investigation_stage,0.0
Puducherry,2021,cases_quashed_at_investigation_stage,0.0
Andhra Pradesh,2021,cases_stayed_at_investigation_stage,120.0
Arunachal Pradesh,2021,cases_stayed_at_investigation_stage,0.0
Assam,2021,cases_stayed_at_investigation_stage,0.0
Bihar,2021,cases_stayed_at_investigation_stage,0.0
Chhattisgarh,2021,cases_stayed_at_investigation_stage,0.0
Goa,2021,cases_stayed_at_investigation_stage,1.0
Gujarat,2021,cases_stayed_at_investigation_stage,439.0
Haryana,2021,cases_stayed_at_investigation_stage,26.0
Himachal Pradesh,2021,cases_stayed_at_investigation_stage,0.0
Jharkhand,2021,cases_stayed_at_investigation_stage,146.0
Karnataka,2021,cases_stayed_at_investigation_stage,136.0
Kerala,2021,cases_stayed_at_investigation_stage,21.0
Madhya Pradesh,2021,cases_stayed_at_investigation_stage,3.0
Maharashtra,2021,cases_stayed_at_investigation_stage,112.0
Manipur,2021,cases_stayed_at_investigation_stage,0.0
Meghalaya,2021,cases_stayed_at_investigation_stage,0.0
Mizoram,2021,cases_stayed_at_investigation_stage,2.0
Nagaland,2021,cases_stayed_at_investigation_stage,0.0
Odisha,2021,cases_stayed_at_investigation_stage,2.0
Punjab,2021,cases_stayed_at_investigation_stage,14.0
Rajasthan,2021,cases_stayed_at_investigation_stage,27.0
Sikkim,2021,cases_stayed_at_investigation_stage,8.0
Tamil Nadu,2021,cases_stayed_at_investigation_stage,6.0
Telangana,2021,cases_stayed_at_investigation_stage,352.0
Tripura,2021,cases_stayed_at_investigation_stage,0.0
Uttar Pradesh,2021,cases_stayed_at_investigation_stage,5088.0
Uttarakhand,2021,cases_stayed_at_investigation_stage,0.0
West Bengal,2021,cases_stayed_at_investigation_stage,0.0
Andaman & Nicobar Islands,2021,cases_stayed_at_investigation_stage,0.0
Chandigarh,2021,cases_stayed_at_investigation_stage,0.0
DNH & Daman & Diu,2021,cases_stayed_at_investigation_stage,0.0
Delhi,2021,cases_stayed_at_investigation_stage,0.0
Jammu & Kashmir,2021,cases_stayed_at_investigation_stage,194.0
Ladakh,2021,cases_stayed_at_investigation_stage,0.0
Lakshadweep,2021,cases_stayed_at_investigation_stage,0.0
Puducherry,2021,cases_stayed_at_investigation_stage,0.0
Andhra Pradesh,2021,cases_pending_invsgn_at_end_of_the_year,115145.0
Arunachal Pradesh,2021,cases_pending_invsgn_at_end_of_the_year,2877.0
Assam,2021,cases_pending_invsgn_at_end_of_the_year,117803.0
Bihar,2021,cases_pending_invsgn_at_end_of_the_year,162900.0
Chhattisgarh,2021,cases_pending_invsgn_at_end_of_the_year,15558.0
Goa,2021,cases_pending_invsgn_at_end_of_the_year,1281.0
Gujarat,2021,cases_pending_invsgn_at_end_of_the_year,8939.0
Haryana,2021,cases_pending_invsgn_at_end_of_the_year,26755.0
Himachal Pradesh,2021,cases_pending_invsgn_at_end_of_the_year,2791.0
Jharkhand,2021,cases_pending_invsgn_at_end_of_the_year,51434.0
Karnataka,2021,cases_pending_invsgn_at_end_of_the_year,52453.0
Kerala,2021,cases_pending_invsgn_at_end_of_the_year,27226.0
Madhya Pradesh,2021,cases_pending_invsgn_at_end_of_the_year,27578.0
Maharashtra,2021,cases_pending_invsgn_at_end_of_the_year,239123.0
Manipur,2021,cases_pending_invsgn_at_end_of_the_year,17521.0
Meghalaya,2021,cases_pending_invsgn_at_end_of_the_year,3595.0
Mizoram,2021,cases_pending_invsgn_at_end_of_the_year,792.0
Nagaland,2021,cases_pending_invsgn_at_end_of_the_year,623.0
Odisha,2021,cases_pending_invsgn_at_end_of_the_year,35073.0
Punjab,2021,cases_pending_invsgn_at_end_of_the_year,55231.0
Rajasthan,2021,cases_pending_invsgn_at_end_of_the_year,24436.0
Sikkim,2021,cases_pending_invsgn_at_end_of_the_year,639.0
Tamil Nadu,2021,cases_pending_invsgn_at_end_of_the_year,743538.0
Telangana,2021,cases_pending_invsgn_at_end_of_the_year,44628.0
Tripura,2021,cases_pending_invsgn_at_end_of_the_year,1790.0
Uttar Pradesh,2021,cases_pending_invsgn_at_end_of_the_year,57849.0
Uttarakhand,2021,cases_pending_invsgn_at_end_of_the_year,13112.0
West Bengal,2021,cases_pending_invsgn_at_end_of_the_year,67511.0
Andaman & Nicobar Islands,2021,cases_pending_invsgn_at_end_of_the_year,131.0
Chandigarh,2021,cases_pending_invsgn_at_end_of_the_year,2455.0
DNH & Daman & Diu,2021,cases_pending_invsgn_at_end_of_the_year,312.0
Delhi,2021,cases_pending_invsgn_at_end_of_the_year,101992.0
Jammu & Kashmir,2021,cases_pending_invsgn_at_end_of_the_year,14630.0
Ladakh,2021,cases_pending_invsgn_at_end_of_the_year,165.0
Lakshadweep,2021,cases_pending_invsgn_at_end_of_the_year,284.0
Puducherry,2021,cases_pending_invsgn_at_end_of_the_year,3875.0
Andhra Pradesh,2021,chargesheeting_rate,92.9
Arunachal Pradesh,2021,chargesheeting_rate,51.7
Assam,2021,chargesheeting_rate,38.2
Bihar,2021,chargesheeting_rate,70.5
Chhattisgarh,2021,chargesheeting_rate,80.2
Goa,2021,chargesheeting_rate,73.5
Gujarat,2021,chargesheeting_rate,95.9
Haryana,2021,chargesheeting_rate,49.1
Himachal Pradesh,2021,chargesheeting_rate,83.9
Jharkhand,2021,chargesheeting_rate,67.5
Karnataka,2021,chargesheeting_rate,78.9
Kerala,2021,chargesheeting_rate,91.8
Madhya Pradesh,2021,chargesheeting_rate,87.3
Maharashtra,2021,chargesheeting_rate,76.4
Manipur,2021,chargesheeting_rate,14.8
Meghalaya,2021,chargesheeting_rate,32.2
Mizoram,2021,chargesheeting_rate,69.0
Nagaland,2021,chargesheeting_rate,62.7
Odisha,2021,chargesheeting_rate,75.5
Punjab,2021,chargesheeting_rate,68.2
Rajasthan,2021,chargesheeting_rate,51.5
Sikkim,2021,chargesheeting_rate,57.0
Tamil Nadu,2021,chargesheeting_rate,63.0
Telangana,2021,chargesheeting_rate,80.8
Tripura,2021,chargesheeting_rate,69.6
Uttar Pradesh,2021,chargesheeting_rate,75.5
Uttarakhand,2021,chargesheeting_rate,74.6
West Bengal,2021,chargesheeting_rate,91.9
Andaman & Nicobar Islands,2021,chargesheeting_rate,88.2
Chandigarh,2021,chargesheeting_rate,67.7
DNH & Daman & Diu,2021,chargesheeting_rate,76.2
Delhi,2021,chargesheeting_rate,31.0
Jammu & Kashmir,2021,chargesheeting_rate,79.9
Ladakh,2021,chargesheeting_rate,89.5
Lakshadweep,2021,chargesheeting_rate,48.1
Puducherry,2021,chargesheeting_rate,93.0
Andhra Pradesh,2021,pendency_percentage,36.3
Arunachal Pradesh,2021,pendency_percentage,51.7
Assam,2021,pendency_percentage,45.8
Bihar,2021,pendency_percentage,45.6
Chhattisgarh,2021,pendency_percentage,17.7
Goa,2021,pendency_percentage,41.2
Gujarat,2021,pendency_percentage,3.1
Haryana,2021,pendency_percentage,18.8
Himachal Pradesh,2021,pendency_percentage,16.9
Jharkhand,2021,pendency_percentage,54.1
Karnataka,2021,pendency_percentage,29.7
Kerala,2021,pendency_percentage,15.1
Madhya Pradesh,2021,pendency_percentage,8.4
Maharashtra,2021,pendency_percentage,37.9
Manipur,2021,pendency_percentage,90.1
Meghalaya,2021,pendency_percentage,58.0
Mizoram,2021,pendency_percentage,27.3
Nagaland,2021,pendency_percentage,39.1
Odisha,2021,pendency_percentage,21.6
Punjab,2021,pendency_percentage,54.8
Rajasthan,2021,pendency_percentage,10.1
Sikkim,2021,pendency_percentage,65.6
Tamil Nadu,2021,pendency_percentage,70.0
Telangana,2021,pendency_percentage,22.1
Tripura,2021,pendency_percentage,27.0
Uttar Pradesh,2021,pendency_percentage,14.0
Uttarakhand,2021,pendency_percentage,48.4
West Bengal,2021,pendency_percentage,29.6
Andaman & Nicobar Islands,2021,pendency_percentage,23.3
Chandigarh,2021,pendency_percentage,47.7
DNH & Daman & Diu,2021,pendency_percentage,35.2
Delhi,2021,pendency_percentage,26.2
Jammu & Kashmir,2021,pendency_percentage,32.1
Ladakh,2021,pendency_percentage,25.3
Lakshadweep,2021,pendency_percentage,67.8
Puducherry,2021,pendency_percentage,60.1
Andhra Pradesh,2024,cases_pending_investigation_from_previous_year,85746.0
Arunachal Pradesh,2024,cases_pending_investigation_from_previous_year,2067.0
Assam,2024,cases_pending_investigation_from_previous_year,19074.0
Bihar,2024,cases_pending_investigation_from_previous_year,175959.0
Chhattisgarh,2024,cases_pending_investigation_from_previous_year,15365.0
Goa,2024,cases_pending_investigation_from_previous_year,1165.0
Gujarat,2024,cases_pending_investigation_from_previous_year,10902.0
Haryana,2024,cases_pending_investigation_from_previous_year,33596.0
Himachal Pradesh,2024,cases_pending_investigation_from_previous_year,3347.0
Jharkhand,2024,cases_pending_investigation_from_previous_year,48276.0
Karnataka,2024,cases_pending_investigation_from_previous_year,47971.0
Kerala,2024,cases_pending_investigation_from_previous_year,32706.0
Madhya Pradesh,2024,cases_pending_investigation_from_previous_year,36354.0
Maharashtra,2024,cases_pending_investigation_from_previous_year,248523.0
Manipur,2024,cases_pending_investigation_from_previous_year,37168.0
Meghalaya,2024,cases_pending_investigation_from_previous_year,3888.0
Mizoram,2024,cases_pending_investigation_from_previous_year,435.0
Nagaland,2024,cases_pending_investigation_from_previous_year,879.0
Odisha,2024,cases_pending_investigation_from_previous_year,43239.0
Punjab,2024,cases_pending_investigation_from_previous_year,53255.0
Rajasthan,2024,cases_pending_investigation_from_previous_year,37723.0
Sikkim,2024,cases_pending_investigation_from_previous_year,814.0
Tamil Nadu,2024,cases_pending_investigation_from_previous_year,318641.0
Telangana,2024,cases_pending_investigation_from_previous_year,59922.0
Tripura,2024,cases_pending_investigation_from_previous_year,933.0
Uttar Pradesh,2024,cases_pending_investigation_from_previous_year,56941.0
Uttarakhand,2024,cases_pending_investigation_from_previous_year,15095.0
West Bengal,2024,cases_pending_investigation_from_previous_year,69112.0
Andaman & Nicobar Islands,2024,cases_pending_investigation_from_previous_year,163.0
Chandigarh,2024,cases_pending_investigation_from_previous_year,3189.0
DNH & Daman & Diu,2024,cases_pending_investigation_from_previous_year,510.0
Delhi,2024,cases_pending_investigation_from_previous_year,96928.0
Jammu & Kashmir,2024,cases_pending_investigation_from_previous_year,10852.0
Ladakh,2024,cases_pending_investigation_from_previous_year,281.0
Lakshadweep,2024,cases_pending_investigation_from_previous_year,310.0
Puducherry,2024,cases_pending_investigation_from_previous_year,3872.0
Andhra Pradesh,2024,cases_reported_during_the_year,116076.0
Arunachal Pradesh,2024,cases_reported_during_the_year,2479.0
Assam,2024,cases_reported_during_the_year,39816.0
Bihar,2024,cases_reported_during_the_year,238753.0
Chhattisgarh,2024,cases_reported_during_the_year,72410.0
Goa,2024,cases_reported_during_the_year,2121.0
Gujarat,2024,cases_reported_during_the_year,165419.0
Haryana,2024,cases_reported_during_the_year,113101.0
Himachal Pradesh,2024,cases_reported_during_the_year,12071.0
Jharkhand,2024,cases_reported_during_the_year,47250.0
Karnataka,2024,cases_reported_during_the_year,138784.0
Kerala,2024,cases_reported_during_the_year,184528.0
Madhya Pradesh,2024,cases_reported_during_the_year,282874.0
Maharashtra,2024,cases_reported_during_the_year,383044.0
Manipur,2024,cases_reported_during_the_year,4572.0
Meghalaya,2024,cases_reported_during_the_year,3233.0
Mizoram,2024,cases_reported_during_the_year,2701.0
Nagaland,2024,cases_reported_during_the_year,802.0
Odisha,2024,cases_reported_during_the_year,171193.0
Punjab,2024,cases_reported_during_the_year,47677.0
Rajasthan,2024,cases_reported_during_the_year,213352.0
Sikkim,2024,cases_reported_during_the_year,507.0
Tamil Nadu,2024,cases_reported_during_the_year,197149.0
Telangana,2024,cases_reported_during_the_year,190704.0
Tripura,2024,cases_reported_during_the_year,2994.0
Uttar Pradesh,2024,cases_reported_during_the_year,430552.0
Uttarakhand,2024,cases_reported_during_the_year,15853.0
West Bengal,2024,cases_reported_during_the_year,157909.0
Andaman & Nicobar Islands,2024,cases_reported_during_the_year,522.0
Chandigarh,2024,cases_reported_during_the_year,3621.0
DNH & Daman & Diu,2024,cases_reported_during_the_year,540.0
Delhi,2024,cases_reported_during_the_year,275402.0
Jammu & Kashmir,2024,cases_reported_during_the_year,22577.0
Ladakh,2024,cases_reported_during_the_year,460.0
Lakshadweep,2024,cases_reported_during_the_year,47.0
Puducherry,2024,cases_reported_during_the_year,3515.0
Andhra Pradesh,2024,cases_reopened_for_investigation,41.0
Arunachal Pradesh,2024,cases_reopened_for_investigation,0.0
Assam,2024,cases_reopened_for_investigation,388.0
Bihar,2024,cases_reopened_for_investigation,0.0
Chhattisgarh,2024,cases_reopened_for_investigation,24.0
Goa,2024,cases_reopened_for_investigation,0.0
Gujarat,2024,cases_reopened_for_investigation,60.0
Haryana,2024,cases_reopened_for_investigation,420.0
Himachal Pradesh,2024,cases_reopened_for_investigation,1.0
Jharkhand,2024,cases_reopened_for_investigation,0.0
Karnataka,2024,cases_reopened_for_investigation,28.0
Kerala,2024,cases_reopened_for_investigation,1927.0
Madhya Pradesh,2024,cases_reopened_for_investigation,221.0
Maharashtra,2024,cases_reopened_for_investigation,429.0
Manipur,2024,cases_reopened_for_investigation,0.0
Meghalaya,2024,cases_reopened_for_investigation,0.0
Mizoram,2024,cases_reopened_for_investigation,52.0
Nagaland,2024,cases_reopened_for_investigation,0.0
Odisha,2024,cases_reopened_for_investigation,0.0
Punjab,2024,cases_reopened_for_investigation,13.0
Rajasthan,2024,cases_reopened_for_investigation,17.0
Sikkim,2024,cases_reopened_for_investigation,0.0
Tamil Nadu,2024,cases_reopened_for_investigation,33.0
Telangana,2024,cases_reopened_for_investigation,361.0
Tripura,2024,cases_reopened_for_investigation,23.0
Uttar Pradesh,2024,cases_reopened_for_investigation,0.0
Uttarakhand,2024,cases_reopened_for_investigation,10.0
West Bengal,2024,cases_reopened_for_investigation,77.0
Andaman & Nicobar Islands,2024,cases_reopened_for_investigation,2.0
Chandigarh,2024,cases_reopened_for_investigation,2.0
DNH & Daman & Diu,2024,cases_reopened_for_investigation,0.0
Delhi,2024,cases_reopened_for_investigation,12.0
Jammu & Kashmir,2024,cases_reopened_for_investigation,255.0
Ladakh,2024,cases_reopened_for_investigation,0.0
Lakshadweep,2024,cases_reopened_for_investigation,0.0
Puducherry,2024,cases_reopened_for_investigation,0.0
Andhra Pradesh,2024,total_cases_for_investigation,201863.0
Arunachal Pradesh,2024,total_cases_for_investigation,4546.0
Assam,2024,total_cases_for_investigation,59278.0
Bihar,2024,total_cases_for_investigation,414712.0
Chhattisgarh,2024,total_cases_for_investigation,87799.0
Goa,2024,total_cases_for_investigation,3286.0
Gujarat,2024,total_cases_for_investigation,176381.0
Haryana,2024,total_cases_for_investigation,147117.0
Himachal Pradesh,2024,total_cases_for_investigation,15419.0
Jharkhand,2024,total_cases_for_investigation,95526.0
Karnataka,2024,total_cases_for_investigation,186783.0
Kerala,2024,total_cases_for_investigation,219161.0
Madhya Pradesh,2024,total_cases_for_investigation,319449.0
Maharashtra,2024,total_cases_for_investigation,631996.0
Manipur,2024,total_cases_for_investigation,41740.0
Meghalaya,2024,total_cases_for_investigation,7121.0
Mizoram,2024,total_cases_for_investigation,3188.0
Nagaland,2024,total_cases_for_investigation,1681.0
Odisha,2024,total_cases_for_investigation,214432.0
Punjab,2024,total_cases_for_investigation,100945.0
Rajasthan,2024,total_cases_for_investigation,251092.0
Sikkim,2024,total_cases_for_investigation,1321.0
Tamil Nadu,2024,total_cases_for_investigation,515823.0
Telangana,2024,total_cases_for_investigation,250987.0
Tripura,2024,total_cases_for_investigation,3950.0
Uttar Pradesh,2024,total_cases_for_investigation,487493.0
Uttarakhand,2024,total_cases_for_investigation,30958.0
West Bengal,2024,total_cases_for_investigation,227098.0
Andaman & Nicobar Islands,2024,total_cases_for_investigation,687.0
Chandigarh,2024,total_cases_for_investigation,6812.0
DNH & Daman & Diu,2024,total_cases_for_investigation,1050.0
Delhi,2024,total_cases_for_investigation,372342.0
Jammu & Kashmir,2024,total_cases_for_investigation,33684.0
Ladakh,2024,total_cases_for_investigation,741.0
Lakshadweep,2024,total_cases_for_investigation,357.0
Puducherry,2024,total_cases_for_investigation,7387.0
Andhra Pradesh,2024,cases_not_investigated,7.0
Arunachal Pradesh,2024,cases_not_investigated,0.0
Assam,2024,cases_not_investigated,0.0
Bihar,2024,cases_not_investigated,0.0
Chhattisgarh,2024,cases_not_investigated,0.0
Goa,2024,cases_not_investigated,0.0
Gujarat,2024,cases_not_investigated,0.0
Haryana,2024,cases_not_investigated,0.0
Himachal Pradesh,2024,cases_not_investigated,0.0
Jharkhand,2024,cases_not_investigated,0.0
Karnataka,2024,cases_not_investigated,2.0
Kerala,2024,cases_not_investigated,0.0
Madhya Pradesh,2024,cases_not_investigated,8.0
Maharashtra,2024,cases_not_investigated,42.0
Manipur,2024,cases_not_investigated,0.0
Meghalaya,2024,cases_not_investigated,0.0
Mizoram,2024,cases_not_investigated,0.0
Nagaland,2024,cases_not_investigated,0.0
Odisha,2024,cases_not_investigated,0.0
Punjab,2024,cases_not_investigated,0.0
Rajasthan,2024,cases_not_investigated,0.0
Sikkim,2024,cases_not_investigated,0.0
Tamil Nadu,2024,cases_not_investigated,4.0
Telangana,2024,cases_not_investigated,0.0
Tripura,2024,cases_not_investigated,0.0
Uttar Pradesh,2024,cases_not_investigated,43.0
Uttarakhand,2024,cases_not_investigated,0.0
West Bengal,2024,cases_not_investigated,1.0
Andaman & Nicobar Islands,2024,cases_not_investigated,0.0
Chandigarh,2024,cases_not_investigated,0.0
DNH & Daman & Diu,2024,cases_not_investigated,0.0
Delhi,2024,cases_not_investigated,0.0
Jammu & Kashmir,2024,cases_not_investigated,0.0
Ladakh,2024,cases_not_investigated,0.0
Lakshadweep,2024,cases_not_investigated,0.0
Puducherry,2024,cases_not_investigated,0.0
Andhra Pradesh,2024,cases_transferred_to_other_state_or_agency,41.0
Arunachal Pradesh,2024,cases_transferred_to_other_state_or_agency,0.0
Assam,2024,cases_transferred_to_other_state_or_agency,0.0
Bihar,2024,cases_transferred_to_other_state_or_agency,0.0
Chhattisgarh,2024,cases_transferred_to_other_state_or_agency,3.0
Goa,2024,cases_transferred_to_other_state_or_agency,0.0
Gujarat,2024,cases_transferred_to_other_state_or_agency,0.0
Haryana,2024,cases_transferred_to_other_state_or_agency,2.0
Himachal Pradesh,2024,cases_transferred_to_other_state_or_agency,1.0
Jharkhand,2024,cases_transferred_to_other_state_or_agency,0.0
Karnataka,2024,cases_transferred_to_other_state_or_agency,642.0
Kerala,2024,cases_transferred_to_other_state_or_agency,1128.0
Madhya Pradesh,2024,cases_transferred_to_other_state_or_agency,11.0
Maharashtra,2024,cases_transferred_to_other_state_or_agency,11.0
Manipur,2024,cases_transferred_to_other_state_or_agency,6.0
Meghalaya,2024,cases_transferred_to_other_state_or_agency,1.0
Mizoram,2024,cases_transferred_to_other_state_or_agency,5.0
Nagaland,2024,cases_transferred_to_other_state_or_agency,0.0
Odisha,2024,cases_transferred_to_other_state_or_agency,2.0
Punjab,2024,cases_transferred_to_other_state_or_agency,4.0
Rajasthan,2024,cases_transferred_to_other_state_or_agency,23.0
Sikkim,2024,cases_transferred_to_other_state_or_agency,2.0
Tamil Nadu,2024,cases_transferred_to_other_state_or_agency,195.0
Telangana,2024,cases_transferred_to_other_state_or_agency,103.0
Tripura,2024,cases_transferred_to_other_state_or_agency,0.0
Uttar Pradesh,2024,cases_transferred_to_other_state_or_agency,586.0
Uttarakhand,2024,cases_transferred_to_other_state_or_agency,6.0
West Bengal,2024,cases_transferred_to_other_state_or_agency,95.0
Andaman & Nicobar Islands,2024,cases_transferred_to_other_state_or_agency,0.0
Chandigarh,2024,cases_transferred_to_other_state_or_agency,8.0
DNH & Daman & Diu,2024,cases_transferred_to_other_state_or_agency,0.0
Delhi,2024,cases_transferred_to_other_state_or_agency,1.0
Jammu & Kashmir,2024,cases_transferred_to_other_state_or_agency,18.0
Ladakh,2024,cases_transferred_to_other_state_or_agency,2.0
Lakshadweep,2024,cases_transferred_to_other_state_or_agency,0.0
Puducherry,2024,cases_transferred_to_other_state_or_agency,0.0
Andhra Pradesh,2024,cases_withdrawn_by_the_govt_during_investigation,1.0
Arunachal Pradesh,2024,cases_withdrawn_by_the_govt_during_investigation,0.0
Assam,2024,cases_withdrawn_by_the_govt_during_investigation,0.0
Bihar,2024,cases_withdrawn_by_the_govt_during_investigation,0.0
Chhattisgarh,2024,cases_withdrawn_by_the_govt_during_investigation,0.0
Goa,2024,cases_withdrawn_by_the_govt_during_investigation,0.0
Gujarat,2024,cases_withdrawn_by_the_govt_during_investigation,19.0
Haryana,2024,cases_withdrawn_by_the_govt_during_investigation,0.0
Himachal Pradesh,2024,cases_withdrawn_by_the_govt_during_investigation,0.0
Jharkhand,2024,cases_withdrawn_by_the_govt_during_investigation,2.0
Karnataka,2024,cases_withdrawn_by_the_govt_during_investigation,0.0
Kerala,2024,cases_withdrawn_by_the_govt_during_investigation,0.0
Madhya Pradesh,2024,cases_withdrawn_by_the_govt_during_investigation,0.0
Maharashtra,2024,cases_withdrawn_by_the_govt_during_investigation,5.0
Manipur,2024,cases_withdrawn_by_the_govt_during_investigation,0.0
Meghalaya,2024,cases_withdrawn_by_the_govt_during_investigation,0.0
Mizoram,2024,cases_withdrawn_by_the_govt_during_investigation,0.0
Nagaland,2024,cases_withdrawn_by_the_govt_during_investigation,0.0
Odisha,2024,cases_withdrawn_by_the_govt_during_investigation,0.0
Punjab,2024,cases_withdrawn_by_the_govt_during_investigation,1.0
Rajasthan,2024,cases_withdrawn_by_the_govt_during_investigation,7.0
Sikkim,2024,cases_withdrawn_by_the_govt_during_investigation,0.0
Tamil Nadu,2024,cases_withdrawn_by_the_govt_during_investigation,608.0
Telangana,2024,cases_withdrawn_by_the_govt_during_investigation,0.0
Tripura,2024,cases_withdrawn_by_the_govt_during_investigation,0.0
Uttar Pradesh,2024,cases_withdrawn_by_the_govt_during_investigation,0.0
Uttarakhand,2024,cases_withdrawn_by_the_govt_during_investigation,0.0
West Bengal,2024,cases_withdrawn_by_the_govt_during_investigation,0.0
Andaman & Nicobar Islands,2024,cases_withdrawn_by_the_govt_during_investigation,0.0
Chandigarh,2024,cases_withdrawn_by_the_govt_during_investigation,0.0
DNH & Daman & Diu,2024,cases_withdrawn_by_the_govt_during_investigation,0.0
Delhi,2024,cases_withdrawn_by_the_govt_during_investigation,0.0
Jammu & Kashmir,2024,cases_withdrawn_by_the_govt_during_investigation,0.0
Ladakh,2024,cases_withdrawn_by_the_govt_during_investigation,0.0
Lakshadweep,2024,cases_withdrawn_by_the_govt_during_investigation,0.0
Puducherry,2024,cases_withdrawn_by_the_govt_during_investigation,0.0
Andhra Pradesh,2024,final_report_cases_ended_as_fr_non_cognizable,21.0
Arunachal Pradesh,2024,final_report_cases_ended_as_fr_non_cognizable,1.0
Assam,2024,final_report_cases_ended_as_fr_non_cognizable,5.0
Bihar,2024,final_report_cases_ended_as_fr_non_cognizable,1228.0
Chhattisgarh,2024,final_report_cases_ended_as_fr_non_cognizable,637.0
Goa,2024,final_report_cases_ended_as_fr_non_cognizable,4.0
Gujarat,2024,final_report_cases_ended_as_fr_non_cognizable,6.0
Haryana,2024,final_report_cases_ended_as_fr_non_cognizable,59.0
Himachal Pradesh,2024,final_report_cases_ended_as_fr_non_cognizable,0.0
Jharkhand,2024,final_report_cases_ended_as_fr_non_cognizable,328.0
Karnataka,2024,final_report_cases_ended_as_fr_non_cognizable,20.0
Kerala,2024,final_report_cases_ended_as_fr_non_cognizable,0.0
Madhya Pradesh,2024,final_report_cases_ended_as_fr_non_cognizable,162.0
Maharashtra,2024,final_report_cases_ended_as_fr_non_cognizable,1125.0
Manipur,2024,final_report_cases_ended_as_fr_non_cognizable,17.0
Meghalaya,2024,final_report_cases_ended_as_fr_non_cognizable,0.0
Mizoram,2024,final_report_cases_ended_as_fr_non_cognizable,0.0
Nagaland,2024,final_report_cases_ended_as_fr_non_cognizable,0.0
Odisha,2024,final_report_cases_ended_as_fr_non_cognizable,1.0
Punjab,2024,final_report_cases_ended_as_fr_non_cognizable,1.0
Rajasthan,2024,final_report_cases_ended_as_fr_non_cognizable,1032.0
Sikkim,2024,final_report_cases_ended_as_fr_non_cognizable,2.0
Tamil Nadu,2024,final_report_cases_ended_as_fr_non_cognizable,1.0
Telangana,2024,final_report_cases_ended_as_fr_non_cognizable,0.0
Tripura,2024,final_report_cases_ended_as_fr_non_cognizable,2.0
Uttar Pradesh,2024,final_report_cases_ended_as_fr_non_cognizable,2480.0
Uttarakhand,2024,final_report_cases_ended_as_fr_non_cognizable,57.0
West Bengal,2024,final_report_cases_ended_as_fr_non_cognizable,159.0
Andaman & Nicobar Islands,2024,final_report_cases_ended_as_fr_non_cognizable,2.0
Chandigarh,2024,final_report_cases_ended_as_fr_non_cognizable,0.0
DNH & Daman & Diu,2024,final_report_cases_ended_as_fr_non_cognizable,0.0
Delhi,2024,final_report_cases_ended_as_fr_non_cognizable,0.0
Jammu & Kashmir,2024,final_report_cases_ended_as_fr_non_cognizable,0.0
Ladakh,2024,final_report_cases_ended_as_fr_non_cognizable,0.0
Lakshadweep,2024,final_report_cases_ended_as_fr_non_cognizable,0.0
Puducherry,2024,final_report_cases_ended_as_fr_non_cognizable,0.0
Andhra Pradesh,2024,final_report_cases_ended_as_final_report_false,2349.0
Arunachal Pradesh,2024,final_report_cases_ended_as_final_report_false,18.0
Assam,2024,final_report_cases_ended_as_final_report_false,315.0
Bihar,2024,final_report_cases_ended_as_final_report_false,3205.0
Chhattisgarh,2024,final_report_cases_ended_as_final_report_false,3062.0
Goa,2024,final_report_cases_ended_as_final_report_false,0.0
Gujarat,2024,final_report_cases_ended_as_final_report_false,112.0
Haryana,2024,final_report_cases_ended_as_final_report_false,24747.0
Himachal Pradesh,2024,final_report_cases_ended_as_final_report_false,904.0
Jharkhand,2024,final_report_cases_ended_as_final_report_false,357.0
Karnataka,2024,final_report_cases_ended_as_final_report_false,10639.0
Kerala,2024,final_report_cases_ended_as_final_report_false,2081.0
Madhya Pradesh,2024,final_report_cases_ended_as_final_report_false,14773.0
Maharashtra,2024,final_report_cases_ended_as_final_report_false,1424.0
Manipur,2024,final_report_cases_ended_as_final_report_false,2.0
Meghalaya,2024,final_report_cases_ended_as_final_report_false,9.0
Mizoram,2024,final_report_cases_ended_as_final_report_false,0.0
Nagaland,2024,final_report_cases_ended_as_final_report_false,1.0
Odisha,2024,final_report_cases_ended_as_final_report_false,483.0
Punjab,2024,final_report_cases_ended_as_final_report_false,1100.0
Rajasthan,2024,final_report_cases_ended_as_final_report_false,43656.0
Sikkim,2024,final_report_cases_ended_as_final_report_false,4.0
Tamil Nadu,2024,final_report_cases_ended_as_final_report_false,14.0
Telangana,2024,final_report_cases_ended_as_final_report_false,6329.0
Tripura,2024,final_report_cases_ended_as_final_report_false,90.0
Uttar Pradesh,2024,final_report_cases_ended_as_final_report_false,9073.0
Uttarakhand,2024,final_report_cases_ended_as_final_report_false,286.0
West Bengal,2024,final_report_cases_ended_as_final_report_false,481.0
Andaman & Nicobar Islands,2024,final_report_cases_ended_as_final_report_false,0.0
Chandigarh,2024,final_report_cases_ended_as_final_report_false,181.0
DNH & Daman & Diu,2024,final_report_cases_ended_as_final_report_false,3.0
Delhi,2024,final_report_cases_ended_as_final_report_false,0.0
Jammu & Kashmir,2024,final_report_cases_ended_as_final_report_false,2519.0
Ladakh,2024,final_report_cases_ended_as_final_report_false,31.0
Lakshadweep,2024,final_report_cases_ended_as_final_report_false,0.0
Puducherry,2024,final_report_cases_ended_as_final_report_false,0.0
Andhra Pradesh,2024,final_report_cases_ended_as_mistake_of_fact_or_of_law_or_civil_dispute,1701.0
Arunachal Pradesh,2024,final_report_cases_ended_as_mistake_of_fact_or_of_law_or_civil_dispute,112.0
Assam,2024,final_report_cases_ended_as_mistake_of_fact_or_of_law_or_civil_dispute,1449.0
Bihar,2024,final_report_cases_ended_as_mistake_of_fact_or_of_law_or_civil_dispute,12695.0
Chhattisgarh,2024,final_report_cases_ended_as_mistake_of_fact_or_of_law_or_civil_dispute,995.0
Goa,2024,final_report_cases_ended_as_mistake_of_fact_or_of_law_or_civil_dispute,127.0
Gujarat,2024,final_report_cases_ended_as_mistake_of_fact_or_of_law_or_civil_dispute,1002.0
Haryana,2024,final_report_cases_ended_as_mistake_of_fact_or_of_law_or_civil_dispute,1277.0
Himachal Pradesh,2024,final_report_cases_ended_as_mistake_of_fact_or_of_law_or_civil_dispute,389.0
Jharkhand,2024,final_report_cases_ended_as_mistake_of_fact_or_of_law_or_civil_dispute,2719.0
Karnataka,2024,final_report_cases_ended_as_mistake_of_fact_or_of_law_or_civil_dispute,2445.0
Kerala,2024,final_report_cases_ended_as_mistake_of_fact_or_of_law_or_civil_dispute,1664.0
Madhya Pradesh,2024,final_report_cases_ended_as_mistake_of_fact_or_of_law_or_civil_dispute,1522.0
Maharashtra,2024,final_report_cases_ended_as_mistake_of_fact_or_of_law_or_civil_dispute,14212.0
Manipur,2024,final_report_cases_ended_as_mistake_of_fact_or_of_law_or_civil_dispute,102.0
Meghalaya,2024,final_report_cases_ended_as_mistake_of_fact_or_of_law_or_civil_dispute,108.0
Mizoram,2024,final_report_cases_ended_as_mistake_of_fact_or_of_law_or_civil_dispute,9.0
Nagaland,2024,final_report_cases_ended_as_mistake_of_fact_or_of_law_or_civil_dispute,1.0
Odisha,2024,final_report_cases_ended_as_mistake_of_fact_or_of_law_or_civil_dispute,14221.0
Punjab,2024,final_report_cases_ended_as_mistake_of_fact_or_of_law_or_civil_dispute,3836.0
Rajasthan,2024,final_report_cases_ended_as_mistake_of_fact_or_of_law_or_civil_dispute,28326.0
Sikkim,2024,final_report_cases_ended_as_mistake_of_fact_or_of_law_or_civil_dispute,3.0
Tamil Nadu,2024,final_report_cases_ended_as_mistake_of_fact_or_of_law_or_civil_dispute,19659.0
Telangana,2024,final_report_cases_ended_as_mistake_of_fact_or_of_law_or_civil_dispute,5223.0
Tripura,2024,final_report_cases_ended_as_mistake_of_fact_or_of_law_or_civil_dispute,329.0
Uttar Pradesh,2024,final_report_cases_ended_as_mistake_of_fact_or_of_law_or_civil_dispute,9470.0
Uttarakhand,2024,final_report_cases_ended_as_mistake_of_fact_or_of_law_or_civil_dispute,202.0
West Bengal,2024,final_report_cases_ended_as_mistake_of_fact_or_of_law_or_civil_dispute,5763.0
Andaman & Nicobar Islands,2024,final_report_cases_ended_as_mistake_of_fact_or_of_law_or_civil_dispute,21.0
Chandigarh,2024,final_report_cases_ended_as_mistake_of_fact_or_of_law_or_civil_dispute,2.0
DNH & Daman & Diu,2024,final_report_cases_ended_as_mistake_of_fact_or_of_law_or_civil_dispute,44.0
Delhi,2024,final_report_cases_ended_as_mistake_of_fact_or_of_law_or_civil_dispute,25820.0
Jammu & Kashmir,2024,final_report_cases_ended_as_mistake_of_fact_or_of_law_or_civil_dispute,7.0
Ladakh,2024,final_report_cases_ended_as_mistake_of_fact_or_of_law_or_civil_dispute,12.0
Lakshadweep,2024,final_report_cases_ended_as_mistake_of_fact_or_of_law_or_civil_dispute,0.0
Puducherry,2024,final_report_cases_ended_as_mistake_of_fact_or_of_law_or_civil_dispute,106.0
Andhra Pradesh,2024,final_report_cases_true_but_insufficient_evidence_or_untraced_or_no_clue,7756.0
Arunachal Pradesh,2024,final_report_cases_true_but_insufficient_evidence_or_untraced_or_no_clue,975.0
Assam,2024,final_report_cases_true_but_insufficient_evidence_or_untraced_or_no_clue,15557.0
Bihar,2024,final_report_cases_true_but_insufficient_evidence_or_untraced_or_no_clue,41889.0
Chhattisgarh,2024,final_report_cases_true_but_insufficient_evidence_or_untraced_or_no_clue,10999.0
Goa,2024,final_report_cases_true_but_insufficient_evidence_or_untraced_or_no_clue,412.0
Gujarat,2024,final_report_cases_true_but_insufficient_evidence_or_untraced_or_no_clue,14178.0
Haryana,2024,final_report_cases_true_but_insufficient_evidence_or_untraced_or_no_clue,37761.0
Himachal Pradesh,2024,final_report_cases_true_but_insufficient_evidence_or_untraced_or_no_clue,928.0
Jharkhand,2024,final_report_cases_true_but_insufficient_evidence_or_untraced_or_no_clue,10600.0
Karnataka,2024,final_report_cases_true_but_insufficient_evidence_or_untraced_or_no_clue,22500.0
Kerala,2024,final_report_cases_true_but_insufficient_evidence_or_untraced_or_no_clue,4827.0
Madhya Pradesh,2024,final_report_cases_true_but_insufficient_evidence_or_untraced_or_no_clue,29051.0
Maharashtra,2024,final_report_cases_true_but_insufficient_evidence_or_untraced_or_no_clue,74170.0
Manipur,2024,final_report_cases_true_but_insufficient_evidence_or_untraced_or_no_clue,1589.0
Meghalaya,2024,final_report_cases_true_but_insufficient_evidence_or_untraced_or_no_clue,1927.0
Mizoram,2024,final_report_cases_true_but_insufficient_evidence_or_untraced_or_no_clue,887.0
Nagaland,2024,final_report_cases_true_but_insufficient_evidence_or_untraced_or_no_clue,309.0
Odisha,2024,final_report_cases_true_but_insufficient_evidence_or_untraced_or_no_clue,18906.0
Punjab,2024,final_report_cases_true_but_insufficient_evidence_or_untraced_or_no_clue,7976.0
Rajasthan,2024,final_report_cases_true_but_insufficient_evidence_or_untraced_or_no_clue,36862.0
Sikkim,2024,final_report_cases_true_but_insufficient_evidence_or_untraced_or_no_clue,603.0
Tamil Nadu,2024,final_report_cases_true_but_insufficient_evidence_or_untraced_or_no_clue,39159.0
Telangana,2024,final_report_cases_true_but_insufficient_evidence_or_untraced_or_no_clue,34871.0
Tripura,2024,final_report_cases_true_but_insufficient_evidence_or_untraced_or_no_clue,334.0
Uttar Pradesh,2024,final_report_cases_true_but_insufficient_evidence_or_untraced_or_no_clue,81382.0
Uttarakhand,2024,final_report_cases_true_but_insufficient_evidence_or_untraced_or_no_clue,5783.0
West Bengal,2024,final_report_cases_true_but_insufficient_evidence_or_untraced_or_no_clue,7988.0
Andaman & Nicobar Islands,2024,final_report_cases_true_but_insufficient_evidence_or_untraced_or_no_clue,24.0
Chandigarh,2024,final_report_cases_true_but_insufficient_evidence_or_untraced_or_no_clue,418.0
DNH & Daman & Diu,2024,final_report_cases_true_but_insufficient_evidence_or_untraced_or_no_clue,229.0
Delhi,2024,final_report_cases_true_but_insufficient_evidence_or_untraced_or_no_clue,162538.0
Jammu & Kashmir,2024,final_report_cases_true_but_insufficient_evidence_or_untraced_or_no_clue,2564.0
Ladakh,2024,final_report_cases_true_but_insufficient_evidence_or_untraced_or_no_clue,83.0
Lakshadweep,2024,final_report_cases_true_but_insufficient_evidence_or_untraced_or_no_clue,31.0
Puducherry,2024,final_report_cases_true_but_insufficient_evidence_or_untraced_or_no_clue,124.0
Andhra Pradesh,2024,final_report_cases_abated_during_investigation,1122.0
Arunachal Pradesh,2024,final_report_cases_abated_during_investigation,1.0
Assam,2024,final_report_cases_abated_during_investigation,2.0
Bihar,2024,final_report_cases_abated_during_investigation,3.0
Chhattisgarh,2024,final_report_cases_abated_during_investigation,694.0
Goa,2024,final_report_cases_abated_during_investigation,25.0
Gujarat,2024,final_report_cases_abated_during_investigation,1202.0
Haryana,2024,final_report_cases_abated_during_investigation,12.0
Himachal Pradesh,2024,final_report_cases_abated_during_investigation,38.0
Jharkhand,2024,final_report_cases_abated_during_investigation,19.0
Karnataka,2024,final_report_cases_abated_during_investigation,428.0
Kerala,2024,final_report_cases_abated_during_investigation,0.0
Madhya Pradesh,2024,final_report_cases_abated_during_investigation,122.0
Maharashtra,2024,final_report_cases_abated_during_investigation,2834.0
Manipur,2024,final_report_cases_abated_during_investigation,2.0
Meghalaya,2024,final_report_cases_abated_during_investigation,15.0
Mizoram,2024,final_report_cases_abated_during_investigation,2.0
Nagaland,2024,final_report_cases_abated_during_investigation,4.0
Odisha,2024,final_report_cases_abated_during_investigation,262.0
Punjab,2024,final_report_cases_abated_during_investigation,27.0
Rajasthan,2024,final_report_cases_abated_during_investigation,327.0
Sikkim,2024,final_report_cases_abated_during_investigation,16.0
Tamil Nadu,2024,final_report_cases_abated_during_investigation,1436.0
Telangana,2024,final_report_cases_abated_during_investigation,1657.0
Tripura,2024,final_report_cases_abated_during_investigation,9.0
Uttar Pradesh,2024,final_report_cases_abated_during_investigation,24.0
Uttarakhand,2024,final_report_cases_abated_during_investigation,78.0
West Bengal,2024,final_report_cases_abated_during_investigation,1.0
Andaman & Nicobar Islands,2024,final_report_cases_abated_during_investigation,6.0
Chandigarh,2024,final_report_cases_abated_during_investigation,13.0
DNH & Daman & Diu,2024,final_report_cases_abated_during_investigation,10.0
Delhi,2024,final_report_cases_abated_during_investigation,52.0
Jammu & Kashmir,2024,final_report_cases_abated_during_investigation,0.0
Ladakh,2024,final_report_cases_abated_during_investigation,0.0
Lakshadweep,2024,final_report_cases_abated_during_investigation,0.0
Puducherry,2024,final_report_cases_abated_during_investigation,13.0
Andhra Pradesh,2024,final_report_total,12949.0
Arunachal Pradesh,2024,final_report_total,1107.0
Assam,2024,final_report_total,17328.0
Bihar,2024,final_report_total,59020.0
Chhattisgarh,2024,final_report_total,16387.0
Goa,2024,final_report_total,568.0
Gujarat,2024,final_report_total,16500.0
Haryana,2024,final_report_total,63856.0
Himachal Pradesh,2024,final_report_total,2259.0
Jharkhand,2024,final_report_total,14023.0
Karnataka,2024,final_report_total,36032.0
Kerala,2024,final_report_total,8572.0
Madhya Pradesh,2024,final_report_total,45630.0
Maharashtra,2024,final_report_total,93765.0
Manipur,2024,final_report_total,1712.0
Meghalaya,2024,final_report_total,2059.0
Mizoram,2024,final_report_total,898.0
Nagaland,2024,final_report_total,315.0
Odisha,2024,final_report_total,33873.0
Punjab,2024,final_report_total,12940.0
Rajasthan,2024,final_report_total,110203.0
Sikkim,2024,final_report_total,628.0
Tamil Nadu,2024,final_report_total,60269.0
Telangana,2024,final_report_total,48080.0
Tripura,2024,final_report_total,764.0
Uttar Pradesh,2024,final_report_total,102429.0
Uttarakhand,2024,final_report_total,6406.0
West Bengal,2024,final_report_total,14392.0
Andaman & Nicobar Islands,2024,final_report_total,53.0
Chandigarh,2024,final_report_total,614.0
DNH & Daman & Diu,2024,final_report_total,286.0
Delhi,2024,final_report_total,188410.0
Jammu & Kashmir,2024,final_report_total,5090.0
Ladakh,2024,final_report_total,126.0
Lakshadweep,2024,final_report_total,31.0
Puducherry,2024,final_report_total,243.0
Andhra Pradesh,2024,charge_sheets_submitted_cases_chargesheeted_out_of_cases_from_prev_year,30625.0
Arunachal Pradesh,2024,charge_sheets_submitted_cases_chargesheeted_out_of_cases_from_prev_year,436.0
Assam,2024,charge_sheets_submitted_cases_chargesheeted_out_of_cases_from_prev_year,6956.0
Bihar,2024,charge_sheets_submitted_cases_chargesheeted_out_of_cases_from_prev_year,58051.0
Chhattisgarh,2024,charge_sheets_submitted_cases_chargesheeted_out_of_cases_from_prev_year,6655.0
Goa,2024,charge_sheets_submitted_cases_chargesheeted_out_of_cases_from_prev_year,593.0
Gujarat,2024,charge_sheets_submitted_cases_chargesheeted_out_of_cases_from_prev_year,4782.0
Haryana,2024,charge_sheets_submitted_cases_chargesheeted_out_of_cases_from_prev_year,12381.0
Himachal Pradesh,2024,charge_sheets_submitted_cases_chargesheeted_out_of_cases_from_prev_year,1825.0
Jharkhand,2024,charge_sheets_submitted_cases_chargesheeted_out_of_cases_from_prev_year,10408.0
Karnataka,2024,charge_sheets_submitted_cases_chargesheeted_out_of_cases_from_prev_year,23933.0
Kerala,2024,charge_sheets_submitted_cases_chargesheeted_out_of_cases_from_prev_year,16857.0
Madhya Pradesh,2024,charge_sheets_submitted_cases_chargesheeted_out_of_cases_from_prev_year,13036.0
Maharashtra,2024,charge_sheets_submitted_cases_chargesheeted_out_of_cases_from_prev_year,97646.0
Manipur,2024,charge_sheets_submitted_cases_chargesheeted_out_of_cases_from_prev_year,162.0
Meghalaya,2024,charge_sheets_submitted_cases_chargesheeted_out_of_cases_from_prev_year,194.0
Mizoram,2024,charge_sheets_submitted_cases_chargesheeted_out_of_cases_from_prev_year,124.0
Nagaland,2024,charge_sheets_submitted_cases_chargesheeted_out_of_cases_from_prev_year,114.0
Odisha,2024,charge_sheets_submitted_cases_chargesheeted_out_of_cases_from_prev_year,11712.0
Punjab,2024,charge_sheets_submitted_cases_chargesheeted_out_of_cases_from_prev_year,17554.0
Rajasthan,2024,charge_sheets_submitted_cases_chargesheeted_out_of_cases_from_prev_year,12263.0
Sikkim,2024,charge_sheets_submitted_cases_chargesheeted_out_of_cases_from_prev_year,206.0
Tamil Nadu,2024,charge_sheets_submitted_cases_chargesheeted_out_of_cases_from_prev_year,86961.0
Telangana,2024,charge_sheets_submitted_cases_chargesheeted_out_of_cases_from_prev_year,31515.0
Tripura,2024,charge_sheets_submitted_cases_chargesheeted_out_of_cases_from_prev_year,429.0
Uttar Pradesh,2024,charge_sheets_submitted_cases_chargesheeted_out_of_cases_from_prev_year,31533.0
Uttarakhand,2024,charge_sheets_submitted_cases_chargesheeted_out_of_cases_from_prev_year,5805.0
West Bengal,2024,charge_sheets_submitted_cases_chargesheeted_out_of_cases_from_prev_year,38262.0
Andaman & Nicobar Islands,2024,charge_sheets_submitted_cases_chargesheeted_out_of_cases_from_prev_year,39.0
Chandigarh,2024,charge_sheets_submitted_cases_chargesheeted_out_of_cases_from_prev_year,570.0
DNH & Daman & Diu,2024,charge_sheets_submitted_cases_chargesheeted_out_of_cases_from_prev_year,130.0
Delhi,2024,charge_sheets_submitted_cases_chargesheeted_out_of_cases_from_prev_year,20912.0
Jammu & Kashmir,2024,charge_sheets_submitted_cases_chargesheeted_out_of_cases_from_prev_year,2842.0
Ladakh,2024,charge_sheets_submitted_cases_chargesheeted_out_of_cases_from_prev_year,108.0
Lakshadweep,2024,charge_sheets_submitted_cases_chargesheeted_out_of_cases_from_prev_year,33.0
Puducherry,2024,charge_sheets_submitted_cases_chargesheeted_out_of_cases_from_prev_year,595.0
Andhra Pradesh,2024,charge_sheets_submitted_cases_charge_sheeted_out_of_cases_during_the_year,57843.0
Arunachal Pradesh,2024,charge_sheets_submitted_cases_charge_sheeted_out_of_cases_during_the_year,860.0
Assam,2024,charge_sheets_submitted_cases_charge_sheeted_out_of_cases_during_the_year,24018.0
Bihar,2024,charge_sheets_submitted_cases_charge_sheeted_out_of_cases_during_the_year,104443.0
Chhattisgarh,2024,charge_sheets_submitted_cases_charge_sheeted_out_of_cases_during_the_year,53039.0
Goa,2024,charge_sheets_submitted_cases_charge_sheeted_out_of_cases_during_the_year,1013.0
Gujarat,2024,charge_sheets_submitted_cases_charge_sheeted_out_of_cases_during_the_year,146849.0
Haryana,2024,charge_sheets_submitted_cases_charge_sheeted_out_of_cases_during_the_year,38407.0
Himachal Pradesh,2024,charge_sheets_submitted_cases_charge_sheeted_out_of_cases_during_the_year,7633.0
Jharkhand,2024,charge_sheets_submitted_cases_charge_sheeted_out_of_cases_during_the_year,15411.0
Karnataka,2024,charge_sheets_submitted_cases_charge_sheeted_out_of_cases_during_the_year,83878.0
Kerala,2024,charge_sheets_submitted_cases_charge_sheeted_out_of_cases_during_the_year,150873.0
Madhya Pradesh,2024,charge_sheets_submitted_cases_charge_sheeted_out_of_cases_during_the_year,220856.0
Maharashtra,2024,charge_sheets_submitted_cases_charge_sheeted_out_of_cases_during_the_year,193430.0
Manipur,2024,charge_sheets_submitted_cases_charge_sheeted_out_of_cases_during_the_year,37.0
Meghalaya,2024,charge_sheets_submitted_cases_charge_sheeted_out_of_cases_during_the_year,346.0
Mizoram,2024,charge_sheets_submitted_cases_charge_sheeted_out_of_cases_during_the_year,1765.0
Nagaland,2024,charge_sheets_submitted_cases_charge_sheeted_out_of_cases_during_the_year,322.0
Odisha,2024,charge_sheets_submitted_cases_charge_sheeted_out_of_cases_during_the_year,90705.0
Punjab,2024,charge_sheets_submitted_cases_charge_sheeted_out_of_cases_during_the_year,10904.0
Rajasthan,2024,charge_sheets_submitted_cases_charge_sheeted_out_of_cases_during_the_year,94129.0
Sikkim,2024,charge_sheets_submitted_cases_charge_sheeted_out_of_cases_during_the_year,212.0
Tamil Nadu,2024,charge_sheets_submitted_cases_charge_sheeted_out_of_cases_during_the_year,89113.0
Telangana,2024,charge_sheets_submitted_cases_charge_sheeted_out_of_cases_during_the_year,104065.0
Tripura,2024,charge_sheets_submitted_cases_charge_sheeted_out_of_cases_during_the_year,1785.0
Uttar Pradesh,2024,charge_sheets_submitted_cases_charge_sheeted_out_of_cases_during_the_year,308126.0
Uttarakhand,2024,charge_sheets_submitted_cases_charge_sheeted_out_of_cases_during_the_year,7276.0
West Bengal,2024,charge_sheets_submitted_cases_charge_sheeted_out_of_cases_during_the_year,101341.0
Andaman & Nicobar Islands,2024,charge_sheets_submitted_cases_charge_sheeted_out_of_cases_during_the_year,308.0
Chandigarh,2024,charge_sheets_submitted_cases_charge_sheeted_out_of_cases_during_the_year,517.0
DNH & Daman & Diu,2024,charge_sheets_submitted_cases_charge_sheeted_out_of_cases_during_the_year,366.0
Delhi,2024,charge_sheets_submitted_cases_charge_sheeted_out_of_cases_during_the_year,67151.0
Jammu & Kashmir,2024,charge_sheets_submitted_cases_charge_sheeted_out_of_cases_during_the_year,15257.0
Ladakh,2024,charge_sheets_submitted_cases_charge_sheeted_out_of_cases_during_the_year,288.0
Lakshadweep,2024,charge_sheets_submitted_cases_charge_sheeted_out_of_cases_during_the_year,1.0
Puducherry,2024,charge_sheets_submitted_cases_charge_sheeted_out_of_cases_during_the_year,1854.0
Andhra Pradesh,2024,charge_sheets_submitted_cases_charge_sheeted,88468.0
Arunachal Pradesh,2024,charge_sheets_submitted_cases_charge_sheeted,1296.0
Assam,2024,charge_sheets_submitted_cases_charge_sheeted,30974.0
Bihar,2024,charge_sheets_submitted_cases_charge_sheeted,162494.0
Chhattisgarh,2024,charge_sheets_submitted_cases_charge_sheeted,59694.0
Goa,2024,charge_sheets_submitted_cases_charge_sheeted,1606.0
Gujarat,2024,charge_sheets_submitted_cases_charge_sheeted,151631.0
Haryana,2024,charge_sheets_submitted_cases_charge_sheeted,50788.0
Himachal Pradesh,2024,charge_sheets_submitted_cases_charge_sheeted,9458.0
Jharkhand,2024,charge_sheets_submitted_cases_charge_sheeted,25819.0
Karnataka,2024,charge_sheets_submitted_cases_charge_sheeted,107811.0
Kerala,2024,charge_sheets_submitted_cases_charge_sheeted,167730.0
Madhya Pradesh,2024,charge_sheets_submitted_cases_charge_sheeted,233892.0
Maharashtra,2024,charge_sheets_submitted_cases_charge_sheeted,291076.0
Manipur,2024,charge_sheets_submitted_cases_charge_sheeted,199.0
Meghalaya,2024,charge_sheets_submitted_cases_charge_sheeted,540.0
Mizoram,2024,charge_sheets_submitted_cases_charge_sheeted,1889.0
Nagaland,2024,charge_sheets_submitted_cases_charge_sheeted,436.0
Odisha,2024,charge_sheets_submitted_cases_charge_sheeted,102417.0
Punjab,2024,charge_sheets_submitted_cases_charge_sheeted,28458.0
Rajasthan,2024,charge_sheets_submitted_cases_charge_sheeted,106392.0
Sikkim,2024,charge_sheets_submitted_cases_charge_sheeted,418.0
Tamil Nadu,2024,charge_sheets_submitted_cases_charge_sheeted,176074.0
Telangana,2024,charge_sheets_submitted_cases_charge_sheeted,135580.0
Tripura,2024,charge_sheets_submitted_cases_charge_sheeted,2214.0
Uttar Pradesh,2024,charge_sheets_submitted_cases_charge_sheeted,339659.0
Uttarakhand,2024,charge_sheets_submitted_cases_charge_sheeted,13081.0
West Bengal,2024,charge_sheets_submitted_cases_charge_sheeted,139603.0
Andaman & Nicobar Islands,2024,charge_sheets_submitted_cases_charge_sheeted,347.0
Chandigarh,2024,charge_sheets_submitted_cases_charge_sheeted,1087.0
DNH & Daman & Diu,2024,charge_sheets_submitted_cases_charge_sheeted,496.0
Delhi,2024,charge_sheets_submitted_cases_charge_sheeted,88063.0
Jammu & Kashmir,2024,charge_sheets_submitted_cases_charge_sheeted,18099.0
Ladakh,2024,charge_sheets_submitted_cases_charge_sheeted,396.0
Lakshadweep,2024,charge_sheets_submitted_cases_charge_sheeted,34.0
Puducherry,2024,charge_sheets_submitted_cases_charge_sheeted,2449.0
Andhra Pradesh,2024,total_cases_disposed_off_by_police,101465.0
Arunachal Pradesh,2024,total_cases_disposed_off_by_police,2403.0
Assam,2024,total_cases_disposed_off_by_police,48302.0
Bihar,2024,total_cases_disposed_off_by_police,221514.0
Chhattisgarh,2024,total_cases_disposed_off_by_police,76084.0
Goa,2024,total_cases_disposed_off_by_police,2174.0
Gujarat,2024,total_cases_disposed_off_by_police,168131.0
Haryana,2024,total_cases_disposed_off_by_police,114646.0
Himachal Pradesh,2024,total_cases_disposed_off_by_police,11718.0
Jharkhand,2024,total_cases_disposed_off_by_police,39842.0
Karnataka,2024,total_cases_disposed_off_by_police,144487.0
Kerala,2024,total_cases_disposed_off_by_police,177430.0
Madhya Pradesh,2024,total_cases_disposed_off_by_police,279541.0
Maharashtra,2024,total_cases_disposed_off_by_police,384894.0
Manipur,2024,total_cases_disposed_off_by_police,1917.0
Meghalaya,2024,total_cases_disposed_off_by_police,2600.0
Mizoram,2024,total_cases_disposed_off_by_police,2792.0
Nagaland,2024,total_cases_disposed_off_by_police,751.0
Odisha,2024,total_cases_disposed_off_by_police,136292.0
Punjab,2024,total_cases_disposed_off_by_police,41402.0
Rajasthan,2024,total_cases_disposed_off_by_police,216618.0
Sikkim,2024,total_cases_disposed_off_by_police,1048.0
Tamil Nadu,2024,total_cases_disposed_off_by_police,236542.0
Telangana,2024,total_cases_disposed_off_by_police,183763.0
Tripura,2024,total_cases_disposed_off_by_police,2978.0
Uttar Pradesh,2024,total_cases_disposed_off_by_police,442717.0
Uttarakhand,2024,total_cases_disposed_off_by_police,19493.0
West Bengal,2024,total_cases_disposed_off_by_police,154091.0
Andaman & Nicobar Islands,2024,total_cases_disposed_off_by_police,400.0
Chandigarh,2024,total_cases_disposed_off_by_police,1709.0
DNH & Daman & Diu,2024,total_cases_disposed_off_by_police,782.0
Delhi,2024,total_cases_disposed_off_by_police,276474.0
Jammu & Kashmir,2024,total_cases_disposed_off_by_police,23207.0
Ladakh,2024,total_cases_disposed_off_by_police,524.0
Lakshadweep,2024,total_cases_disposed_off_by_police,65.0
Puducherry,2024,total_cases_disposed_off_by_police,2692.0
Andhra Pradesh,2024,cases_quashed_at_investigation_stage,276.0
Arunachal Pradesh,2024,cases_quashed_at_investigation_stage,0.0
Assam,2024,cases_quashed_at_investigation_stage,0.0
Bihar,2024,cases_quashed_at_investigation_stage,0.0
Chhattisgarh,2024,cases_quashed_at_investigation_stage,2.0
Goa,2024,cases_quashed_at_investigation_stage,6.0
Gujarat,2024,cases_quashed_at_investigation_stage,321.0
Haryana,2024,cases_quashed_at_investigation_stage,8.0
Himachal Pradesh,2024,cases_quashed_at_investigation_stage,1.0
Jharkhand,2024,cases_quashed_at_investigation_stage,1.0
Karnataka,2024,cases_quashed_at_investigation_stage,87.0
Kerala,2024,cases_quashed_at_investigation_stage,135.0
Madhya Pradesh,2024,cases_quashed_at_investigation_stage,31.0
Maharashtra,2024,cases_quashed_at_investigation_stage,126.0
Manipur,2024,cases_quashed_at_investigation_stage,0.0
Meghalaya,2024,cases_quashed_at_investigation_stage,0.0
Mizoram,2024,cases_quashed_at_investigation_stage,0.0
Nagaland,2024,cases_quashed_at_investigation_stage,1.0
Odisha,2024,cases_quashed_at_investigation_stage,0.0
Punjab,2024,cases_quashed_at_investigation_stage,1071.0
Rajasthan,2024,cases_quashed_at_investigation_stage,131.0
Sikkim,2024,cases_quashed_at_investigation_stage,0.0
Tamil Nadu,2024,cases_quashed_at_investigation_stage,147.0
Telangana,2024,cases_quashed_at_investigation_stage,73.0
Tripura,2024,cases_quashed_at_investigation_stage,8.0
Uttar Pradesh,2024,cases_quashed_at_investigation_stage,0.0
Uttarakhand,2024,cases_quashed_at_investigation_stage,1.0
West Bengal,2024,cases_quashed_at_investigation_stage,7.0
Andaman & Nicobar Islands,2024,cases_quashed_at_investigation_stage,0.0
Chandigarh,2024,cases_quashed_at_investigation_stage,79.0
DNH & Daman & Diu,2024,cases_quashed_at_investigation_stage,1.0
Delhi,2024,cases_quashed_at_investigation_stage,2800.0
Jammu & Kashmir,2024,cases_quashed_at_investigation_stage,24.0
Ladakh,2024,cases_quashed_at_investigation_stage,2.0
Lakshadweep,2024,cases_quashed_at_investigation_stage,0.0
Puducherry,2024,cases_quashed_at_investigation_stage,0.0
Andhra Pradesh,2024,cases_stayed_at_investigation_stage,291.0
Arunachal Pradesh,2024,cases_stayed_at_investigation_stage,0.0
Assam,2024,cases_stayed_at_investigation_stage,2.0
Bihar,2024,cases_stayed_at_investigation_stage,0.0
Chhattisgarh,2024,cases_stayed_at_investigation_stage,3.0
Goa,2024,cases_stayed_at_investigation_stage,0.0
Gujarat,2024,cases_stayed_at_investigation_stage,298.0
Haryana,2024,cases_stayed_at_investigation_stage,2.0
Himachal Pradesh,2024,cases_stayed_at_investigation_stage,0.0
Jharkhand,2024,cases_stayed_at_investigation_stage,2.0
Karnataka,2024,cases_stayed_at_investigation_stage,868.0
Kerala,2024,cases_stayed_at_investigation_stage,185.0
Madhya Pradesh,2024,cases_stayed_at_investigation_stage,2.0
Maharashtra,2024,cases_stayed_at_investigation_stage,120.0
Manipur,2024,cases_stayed_at_investigation_stage,0.0
Meghalaya,2024,cases_stayed_at_investigation_stage,0.0
Mizoram,2024,cases_stayed_at_investigation_stage,0.0
Nagaland,2024,cases_stayed_at_investigation_stage,0.0
Odisha,2024,cases_stayed_at_investigation_stage,0.0
Punjab,2024,cases_stayed_at_investigation_stage,10.0
Rajasthan,2024,cases_stayed_at_investigation_stage,69.0
Sikkim,2024,cases_stayed_at_investigation_stage,0.0
Tamil Nadu,2024,cases_stayed_at_investigation_stage,37.0
Telangana,2024,cases_stayed_at_investigation_stage,255.0
Tripura,2024,cases_stayed_at_investigation_stage,0.0
Uttar Pradesh,2024,cases_stayed_at_investigation_stage,15.0
Uttarakhand,2024,cases_stayed_at_investigation_stage,52.0
West Bengal,2024,cases_stayed_at_investigation_stage,1.0
Andaman & Nicobar Islands,2024,cases_stayed_at_investigation_stage,0.0
Chandigarh,2024,cases_stayed_at_investigation_stage,0.0
DNH & Daman & Diu,2024,cases_stayed_at_investigation_stage,0.0
Delhi,2024,cases_stayed_at_investigation_stage,3.0
Jammu & Kashmir,2024,cases_stayed_at_investigation_stage,308.0
Ladakh,2024,cases_stayed_at_investigation_stage,0.0
Lakshadweep,2024,cases_stayed_at_investigation_stage,0.0
Puducherry,2024,cases_stayed_at_investigation_stage,0.0
Andhra Pradesh,2024,cases_pending_invsgn_at_end_of_the_year,100121.0
Arunachal Pradesh,2024,cases_pending_invsgn_at_end_of_the_year,2143.0
Assam,2024,cases_pending_invsgn_at_end_of_the_year,10976.0
Bihar,2024,cases_pending_invsgn_at_end_of_the_year,193198.0
Chhattisgarh,2024,cases_pending_invsgn_at_end_of_the_year,11713.0
Goa,2024,cases_pending_invsgn_at_end_of_the_year,1106.0
Gujarat,2024,cases_pending_invsgn_at_end_of_the_year,7910.0
Haryana,2024,cases_pending_invsgn_at_end_of_the_year,32463.0
Himachal Pradesh,2024,cases_pending_invsgn_at_end_of_the_year,3700.0
Jharkhand,2024,cases_pending_invsgn_at_end_of_the_year,55681.0
Karnataka,2024,cases_pending_invsgn_at_end_of_the_year,42209.0
Kerala,2024,cases_pending_invsgn_at_end_of_the_year,41596.0
Madhya Pradesh,2024,cases_pending_invsgn_at_end_of_the_year,39877.0
Maharashtra,2024,cases_pending_invsgn_at_end_of_the_year,246971.0
Manipur,2024,cases_pending_invsgn_at_end_of_the_year,39823.0
Meghalaya,2024,cases_pending_invsgn_at_end_of_the_year,4521.0
Mizoram,2024,cases_pending_invsgn_at_end_of_the_year,396.0
Nagaland,2024,cases_pending_invsgn_at_end_of_the_year,929.0
Odisha,2024,cases_pending_invsgn_at_end_of_the_year,78140.0
Punjab,2024,cases_pending_invsgn_at_end_of_the_year,58471.0
Rajasthan,2024,cases_pending_invsgn_at_end_of_the_year,34336.0
Sikkim,2024,cases_pending_invsgn_at_end_of_the_year,273.0
Tamil Nadu,2024,cases_pending_invsgn_at_end_of_the_year,278526.0
Telangana,2024,cases_pending_invsgn_at_end_of_the_year,67151.0
Tripura,2024,cases_pending_invsgn_at_end_of_the_year,964.0
Uttar Pradesh,2024,cases_pending_invsgn_at_end_of_the_year,44776.0
Uttarakhand,2024,cases_pending_invsgn_at_end_of_the_year,11464.0
West Bengal,2024,cases_pending_invsgn_at_end_of_the_year,73000.0
Andaman & Nicobar Islands,2024,cases_pending_invsgn_at_end_of_the_year,287.0
Chandigarh,2024,cases_pending_invsgn_at_end_of_the_year,5024.0
DNH & Daman & Diu,2024,cases_pending_invsgn_at_end_of_the_year,267.0
Delhi,2024,cases_pending_invsgn_at_end_of_the_year,93068.0
Jammu & Kashmir,2024,cases_pending_invsgn_at_end_of_the_year,10453.0
Ladakh,2024,cases_pending_invsgn_at_end_of_the_year,215.0
Lakshadweep,2024,cases_pending_invsgn_at_end_of_the_year,292.0
Puducherry,2024,cases_pending_invsgn_at_end_of_the_year,4695.0
Andhra Pradesh,2024,chargesheeting_rate,87.2
Arunachal Pradesh,2024,chargesheeting_rate,53.9
Assam,2024,chargesheeting_rate,64.1
Bihar,2024,chargesheeting_rate,73.4
Chhattisgarh,2024,chargesheeting_rate,78.5
Goa,2024,chargesheeting_rate,73.9
Gujarat,2024,chargesheeting_rate,90.2
Haryana,2024,chargesheeting_rate,44.3
Himachal Pradesh,2024,chargesheeting_rate,80.7
Jharkhand,2024,chargesheeting_rate,64.8
Karnataka,2024,chargesheeting_rate,74.6
Kerala,2024,chargesheeting_rate,94.5
Madhya Pradesh,2024,chargesheeting_rate,83.7
Maharashtra,2024,chargesheeting_rate,75.6
Manipur,2024,chargesheeting_rate,10.4
Meghalaya,2024,chargesheeting_rate,20.8
Mizoram,2024,chargesheeting_rate,67.7
Nagaland,2024,chargesheeting_rate,58.1
Odisha,2024,chargesheeting_rate,75.1
Punjab,2024,chargesheeting_rate,68.7
Rajasthan,2024,chargesheeting_rate,49.1
Sikkim,2024,chargesheeting_rate,39.9
Tamil Nadu,2024,chargesheeting_rate,74.4
Telangana,2024,chargesheeting_rate,73.8
Tripura,2024,chargesheeting_rate,74.3
Uttar Pradesh,2024,chargesheeting_rate,76.7
Uttarakhand,2024,chargesheeting_rate,67.1
West Bengal,2024,chargesheeting_rate,90.6
Andaman & Nicobar Islands,2024,chargesheeting_rate,86.8
Chandigarh,2024,chargesheeting_rate,63.6
DNH & Daman & Diu,2024,chargesheeting_rate,63.4
Delhi,2024,chargesheeting_rate,31.9
Jammu & Kashmir,2024,chargesheeting_rate,78.0
Ladakh,2024,chargesheeting_rate,75.6
Lakshadweep,2024,chargesheeting_rate,52.3
Puducherry,2024,chargesheeting_rate,91.0
Andhra Pradesh,2024,pendency_percentage,49.6
Arunachal Pradesh,2024,pendency_percentage,47.1
Assam,2024,pendency_percentage,18.5
Bihar,2024,pendency_percentage,46.6
Chhattisgarh,2024,pendency_percentage,13.3
Goa,2024,pendency_percentage,33.7
Gujarat,2024,pendency_percentage,4.5
Haryana,2024,pendency_percentage,22.1
Himachal Pradesh,2024,pendency_percentage,24.0
Jharkhand,2024,pendency_percentage,58.3
Karnataka,2024,pendency_percentage,22.6
Kerala,2024,pendency_percentage,19.0
Madhya Pradesh,2024,pendency_percentage,12.5
Maharashtra,2024,pendency_percentage,39.1
Manipur,2024,pendency_percentage,95.4
Meghalaya,2024,pendency_percentage,63.5
Mizoram,2024,pendency_percentage,12.4
Nagaland,2024,pendency_percentage,55.3
Odisha,2024,pendency_percentage,36.4
Punjab,2024,pendency_percentage,57.9
Rajasthan,2024,pendency_percentage,13.7
Sikkim,2024,pendency_percentage,20.7
Tamil Nadu,2024,pendency_percentage,54.0
Telangana,2024,pendency_percentage,26.8
Tripura,2024,pendency_percentage,24.4
Uttar Pradesh,2024,pendency_percentage,9.2
Uttarakhand,2024,pendency_percentage,37.0
West Bengal,2024,pendency_percentage,32.1
Andaman & Nicobar Islands,2024,pendency_percentage,41.8
Chandigarh,2024,pendency_percentage,73.8
DNH & Daman & Diu,2024,pendency_percentage,25.4
Delhi,2024,pendency_percentage,25.0
Jammu & Kashmir,2024,pendency_percentage,31.0
Ladakh,2024,pendency_percentage,29.0
Lakshadweep,2024,pendency_percentage,81.8
Puducherry,2024,pendency_percentage,63.6
