state,year,category,cases,edition,source_file
Andhra Pradesh,2016,crime_against_children,1847.0,cii_2018,Crime Against Children (IPC + SLL) - 2016-2018.xlsx
Andhra Pradesh,2017,crime_against_children,2397.0,cii_2018,Crime Against Children (IPC + SLL) - 2016-2018.xlsx
Andhra Pradesh,2018,crime_against_children,2672.0,cii_2018,Crime Against Children (IPC + SLL) - 2016-2018.xlsx
Arunachal Pradesh,2016,crime_against_children,133.0,cii_2018,Crime Against Children (IPC + SLL) - 2016-2018.xlsx
Arunachal Pradesh,2017,crime_against_children,138.0,cii_2018,Crime Against Children (IPC + SLL) - 2016-2018.xlsx
Arunachal Pradesh,2018,crime_against_children,166.0,cii_2018,Crime Against Children (IPC + SLL) - 2016-2018.xlsx
Assam,2016,crime_against_children,3964.0,cii_2018,Crime Against Children (IPC + SLL) - 2016-2018.xlsx
Assam,2017,crime_against_children,4951.0,cii_2018,Crime Against Children (IPC + SLL) - 2016-2018.xlsx
Assam,2018,crime_against_children,5447.0,cii_2018,Crime Against Children (IPC + SLL) - 2016-2018.xlsx
Bihar,2016,crime_against_children,3932.0,cii_2018,Crime Against Children (IPC + SLL) - 2016-2018.xlsx
Bihar,2017,crime_against_children,5386.0,cii_2018,Crime Against Children (IPC + SLL) - 2016-2018.xlsx
Bihar,2018,crime_against_children,7340.0,cii_2018,Crime Against Children (IPC + SLL) - 2016-2018.xlsx
Chhattisgarh,2016,crime_against_children,4746.0,cii_2018,Crime Against Children (IPC + SLL) - 2016-2018.xlsx
Chhattisgarh,2017,crime_against_children,6518.0,cii_2018,Crime Against Children (IPC + SLL) - 2016-2018.xlsx
Chhattisgarh,2018,crime_against_children,6924.0,cii_2018,Crime Against Children (IPC + SLL) - 2016-2018.xlsx
Goa,2016,crime_against_children,230.0,cii_2018,Crime Against Children (IPC + SLL) - 2016-2018.xlsx
Goa,2017,crime_against_children,196.0,cii_2018,Crime Against Children (IPC + SLL) - 2016-2018.xlsx
Goa,2018,crime_against_children,182.0,cii_2018,Crime Against Children (IPC + SLL) - 2016-2018.xlsx
Gujarat,2016,crime_against_children,3637.0,cii_2018,Crime Against Children (IPC + SLL) - 2016-2018.xlsx
Gujarat,2017,crime_against_children,3955.0,cii_2018,Crime Against Children (IPC + SLL) - 2016-2018.xlsx
Gujarat,2018,crime_against_children,4929.0,cii_2018,Crime Against Children (IPC + SLL) - 2016-2018.xlsx
Haryana,2016,crime_against_children,3099.0,cii_2018,Crime Against Children (IPC + SLL) - 2016-2018.xlsx
Haryana,2017,crime_against_children,4169.0,cii_2018,Crime Against Children (IPC + SLL) - 2016-2018.xlsx
Haryana,2018,crime_against_children,4869.0,cii_2018,Crime Against Children (IPC + SLL) - 2016-2018.xlsx
Himachal Pradesh,2016,crime_against_children,467.0,cii_2018,Crime Against Children (IPC + SLL) - 2016-2018.xlsx
Himachal Pradesh,2017,crime_against_children,528.0,cii_2018,Crime Against Children (IPC + SLL) - 2016-2018.xlsx
Himachal Pradesh,2018,crime_against_children,772.0,cii_2018,Crime Against Children (IPC + SLL) - 2016-2018.xlsx
Jammu & Kashmir,2016,crime_against_children,222.0,cii_2018,Crime Against Children (IPC + SLL) - 2016-2018.xlsx
Jammu & Kashmir,2017,crime_against_children,359.0,cii_2018,Crime Against Children (IPC + SLL) - 2016-2018.xlsx
Jammu & Kashmir,2018,crime_against_children,473.0,cii_2018,Crime Against Children (IPC + SLL) - 2016-2018.xlsx
Jharkhand,2016,crime_against_children,717.0,cii_2018,Crime Against Children (IPC + SLL) - 2016-2018.xlsx
Jharkhand,2017,crime_against_children,1247.0,cii_2018,Crime Against Children (IPC + SLL) - 2016-2018.xlsx
Jharkhand,2018,crime_against_children,1479.0,cii_2018,Crime Against Children (IPC + SLL) - 2016-2018.xlsx
Karnataka,2016,crime_against_children,4455.0,cii_2018,Crime Against Children (IPC + SLL) - 2016-2018.xlsx
Karnataka,2017,crime_against_children,5890.0,cii_2018,Crime Against Children (IPC + SLL) - 2016-2018.xlsx
Karnataka,2018,crime_against_children,6131.0,cii_2018,Crime Against Children (IPC + SLL) - 2016-2018.xlsx
Kerala,2016,crime_against_children,2879.0,cii_2018,Crime Against Children (IPC + SLL) - 2016-2018.xlsx
Kerala,2017,crime_against_children,3562.0,cii_2018,Crime Against Children (IPC + SLL) - 2016-2018.xlsx
Kerala,2018,crime_against_children,4253.0,cii_2018,Crime Against Children (IPC + SLL) - 2016-2018.xlsx
Madhya Pradesh,2016,crime_against_children,13746.0,cii_2018,Crime Against Children (IPC + SLL) - 2016-2018.xlsx
Madhya Pradesh,2017,crime_against_children,19038.0,cii_2018,Crime Against Children (IPC + SLL) - 2016-2018.xlsx
Madhya Pradesh,2018,crime_against_children,18992.0,cii_2018,Crime Against Children (IPC + SLL) - 2016-2018.xlsx
Maharashtra,2016,crime_against_children,14559.0,cii_2018,Crime Against Children (IPC + SLL) - 2016-2018.xlsx
Maharashtra,2017,crime_against_children,16918.0,cii_2018,Crime Against Children (IPC + SLL) - 2016-2018.xlsx
Maharashtra,2018,crime_against_children,18892.0,cii_2018,Crime Against Children (IPC + SLL) - 2016-2018.xlsx
Manipur,2016,crime_against_children,134.0,cii_2018,Crime Against Children (IPC + SLL) - 2016-2018.xlsx
Manipur,2017,crime_against_children,109.0,cii_2018,Crime Against Children (IPC + SLL) - 2016-2018.xlsx
Manipur,2018,crime_against_children,128.0,cii_2018,Crime Against Children (IPC + SLL) - 2016-2018.xlsx
Meghalaya,2016,crime_against_children,240.0,cii_2018,Crime Against Children (IPC + SLL) - 2016-2018.xlsx
Meghalaya,2017,crime_against_children,379.0,cii_2018,Crime Against Children (IPC + SLL) - 2016-2018.xlsx
Meghalaya,2018,crime_against_children,385.0,cii_2018,Crime Against Children (IPC + SLL) - 2016-2018.xlsx
Mizoram,2016,crime_against_children,188.0,cii_2018,Crime Against Children (IPC + SLL) - 2016-2018.xlsx
Mizoram,2017,crime_against_children,220.0,cii_2018,Crime Against Children (IPC + SLL) - 2016-2018.xlsx
Mizoram,2018,crime_against_children,198.0,cii_2018,Crime Against Children (IPC + SLL) - 2016-2018.xlsx
Nagaland,2016,crime_against_children,78.0,cii_2018,Crime Against Children (IPC + SLL) - 2016-2018.xlsx
Nagaland,2017,crime_against_children,93.0,cii_2018,Crime Against Children (IPC + SLL) - 2016-2018.xlsx
Nagaland,2018,crime_against_children,70.0,cii_2018,Crime Against Children (IPC + SLL) - 2016-2018.xlsx
Odisha,2016,crime_against_children,3286.0,cii_2018,Crime Against Children (IPC + SLL) - 2016-2018.xlsx
Odisha,2017,crime_against_children,3185.0,cii_2018,Crime Against Children (IPC + SLL) - 2016-2018.xlsx
Odisha,2018,crime_against_children,5217.0,cii_2018,Crime Against Children (IPC + SLL) - 2016-2018.xlsx
Punjab,2016,crime_against_children,1843.0,cii_2018,Crime Against Children (IPC + SLL) - 2016-2018.xlsx
Punjab,2017,crime_against_children,2133.0,cii_2018,Crime Against Children (IPC + SLL) - 2016-2018.xlsx
Punjab,2018,crime_against_children,2308.0,cii_2018,Crime Against Children (IPC + SLL) - 2016-2018.xlsx
Rajasthan,2016,crime_against_children,4034.0,cii_2018,Crime Against Children (IPC + SLL) - 2016-2018.xlsx
Rajasthan,2017,crime_against_children,5180.0,cii_2018,Crime Against Children (IPC + SLL) - 2016-2018.xlsx
Rajasthan,2018,crime_against_children,5150.0,cii_2018,Crime Against Children (IPC + SLL) - 2016-2018.xlsx
Sikkim,2016,crime_against_children,110.0,cii_2018,Crime Against Children (IPC + SLL) - 2016-2018.xlsx
Sikkim,2017,crime_against_children,190.0,cii_2018,Crime Against Children (IPC + SLL) - 2016-2018.xlsx
Sikkim,2018,crime_against_children,221.0,cii_2018,Crime Against Children (IPC + SLL) - 2016-2018.xlsx
Tamil Nadu,2016,crime_against_children,2856.0,cii_2018,Crime Against Children (IPC + SLL) - 2016-2018.xlsx
Tamil Nadu,2017,crime_against_children,3529.0,cii_2018,Crime Against Children (IPC + SLL) - 2016-2018.xlsx
Tamil Nadu,2018,crime_against_children,4155.0,cii_2018,Crime Against Children (IPC + SLL) - 2016-2018.xlsx
Telangana,2016,crime_against_children,2909.0,cii_2018,Crime Against Children (IPC + SLL) - 2016-2018.xlsx
Telangana,2017,crime_against_children,3580.0,cii_2018,Crime Against Children (IPC + SLL) - 2016-2018.xlsx
Telangana,2018,crime_against_children,3747.0,cii_2018,Crime Against Children (IPC + SLL) - 2016-2018.xlsx
Tripura,2016,crime_against_children,274.0,cii_2018,Crime Against Children (IPC + SLL) - 2016-2018.xlsx
Tripura,2017,crime_against_children,276.0,cii_2018,Crime Against Children (IPC + SLL) - 2016-2018.xlsx
Tripura,2018,crime_against_children,271.0,cii_2018,Crime Against Children (IPC + SLL) - 2016-2018.xlsx
Uttar Pradesh,2016,crime_against_children,16079.0,cii_2018,Crime Against Children (IPC + SLL) - 2016-2018.xlsx
Uttar Pradesh,2017,crime_against_children,19145.0,cii_2018,Crime Against Children (IPC + SLL) - 2016-2018.xlsx
Uttar Pradesh,2018,crime_against_children,19936.0,cii_2018,Crime Against Children (IPC + SLL) - 2016-2018.xlsx
Uttarakhand,2016,crime_against_children,676.0,cii_2018,Crime Against Children (IPC + SLL) - 2016-2018.xlsx
Uttarakhand,2017,crime_against_children,829.0,cii_2018,Crime Against Children (IPC + SLL) - 2016-2018.xlsx
Uttarakhand,2018,crime_against_children,1306.0,cii_2018,Crime Against Children (IPC + SLL) - 2016-2018.xlsx
West Bengal,2016,crime_against_children,7004.0,cii_2018,Crime Against Children (IPC + SLL) - 2016-2018.xlsx
West Bengal,2017,crime_against_children,6551.0,cii_2018,Crime Against Children (IPC + SLL) - 2016-2018.xlsx
West Bengal,2018,crime_against_children,6286.0,cii_2018,Crime Against Children (IPC + SLL) - 2016-2018.xlsx
Andaman & Nicobar Islands,2016,crime_against_children,86.0,cii_2018,Crime Against Children (IPC + SLL) - 2016-2018.xlsx
Andaman & Nicobar Islands,2017,crime_against_children,119.0,cii_2018,Crime Against Children (IPC + SLL) - 2016-2018.xlsx
Andaman & Nicobar Islands,2018,crime_against_children,162.0,cii_2018,Crime Against Children (IPC + SLL) - 2016-2018.xlsx
Chandigarh,2016,crime_against_children,222.0,cii_2018,Crime Against Children (IPC + SLL) - 2016-2018.xlsx
Chandigarh,2017,crime_against_children,275.0,cii_2018,Crime Against Children (IPC + SLL) - 2016-2018.xlsx
Chandigarh,2018,crime_against_children,288.0,cii_2018,Crime Against Children (IPC + SLL) - 2016-2018.xlsx
Dadra & Nagar Haveli,2016,crime_against_children,21.0,cii_2018,Crime Against Children (IPC + SLL) - 2016-2018.xlsx
Dadra & Nagar Haveli,2017,crime_against_children,31.0,cii_2018,Crime Against Children (IPC + SLL) - 2016-2018.xlsx
Dadra & Nagar Haveli,2018,crime_against_children,38.0,cii_2018,Crime Against Children (IPC + SLL) - 2016-2018.xlsx
Daman & Diu,2016,crime_against_children,31.0,cii_2018,Crime Against Children (IPC + SLL) - 2016-2018.xlsx
Daman & Diu,2017,crime_against_children,24.0,cii_2018,Crime Against Children (IPC + SLL) - 2016-2018.xlsx
Daman & Diu,2018,crime_against_children,34.0,cii_2018,Crime Against Children (IPC + SLL) - 2016-2018.xlsx
Delhi,2016,crime_against_children,8178.0,cii_2018,Crime Against Children (IPC + SLL) - 2016-2018.xlsx
Delhi,2017,crime_against_children,7852.0,cii_2018,Crime Against Children (IPC + SLL) - 2016-2018.xlsx
Delhi,2018,crime_against_children,8246.0,cii_2018,Crime Against Children (IPC + SLL) - 2016-2018.xlsx
Lakshadweep,2016,crime_against_children,5.0,cii_2018,Crime Against Children (IPC + SLL) - 2016-2018.xlsx
Lakshadweep,2017,crime_against_children,4.0,cii_2018,Crime Against Children (IPC + SLL) - 2016-2018.xlsx
Lakshadweep,2018,crime_against_children,8.0,cii_2018,Crime Against Children (IPC + SLL) - 2016-2018.xlsx
Puducherry,2016,crime_against_children,71.0,cii_2018,Crime Against Children (IPC + SLL) - 2016-2018.xlsx
Puducherry,2017,crime_against_children,76.0,cii_2018,Crime Against Children (IPC + SLL) - 2016-2018.xlsx
Puducherry,2018,crime_against_children,89.0,cii_2018,Crime Against Children (IPC + SLL) - 2016-2018.xlsx
Andhra Pradesh,2016,crime_against_women,16362.0,cii_2018,Crime against Women (IPC + SLL) - 2016-2018.xlsx
Andhra Pradesh,2017,crime_against_women,17909.0,cii_2018,Crime against Women (IPC + SLL) - 2016-2018.xlsx
Andhra Pradesh,2018,crime_against_women,16438.0,cii_2018,Crime against Women (IPC + SLL) - 2016-2018.xlsx
Arunachal Pradesh,2016,crime_against_women,367.0,cii_2018,Crime against Women (IPC + SLL) - 2016-2018.xlsx
Arunachal Pradesh,2017,crime_against_women,337.0,cii_2018,Crime against Women (IPC + SLL) - 2016-2018.xlsx
Arunachal Pradesh,2018,crime_against_women,368.0,cii_2018,Crime against Women (IPC + SLL) - 2016-2018.xlsx
Assam,2016,crime_against_women,20869.0,cii_2018,Crime against Women (IPC + SLL) - 2016-2018.xlsx
Assam,2017,crime_against_women,23082.0,cii_2018,Crime against Women (IPC + SLL) - 2016-2018.xlsx
Assam,2018,crime_against_women,27728.0,cii_2018,Crime against Women (IPC + SLL) - 2016-2018.xlsx
Bihar,2016,crime_against_women,13400.0,cii_2018,Crime against Women (IPC + SLL) - 2016-2018.xlsx
Bihar,2017,crime_against_women,14711.0,cii_2018,Crime against Women (IPC + SLL) - 2016-2018.xlsx
Bihar,2018,crime_against_women,16920.0,cii_2018,Crime against Women (IPC + SLL) - 2016-2018.xlsx
Chhattisgarh,2016,crime_against_women,5947.0,cii_2018,Crime against Women (IPC + SLL) - 2016-2018.xlsx
Chhattisgarh,2017,crime_against_women,7996.0,cii_2018,Crime against Women (IPC + SLL) - 2016-2018.xlsx
Chhattisgarh,2018,crime_against_women,8587.0,cii_2018,Crime against Women (IPC + SLL) - 2016-2018.xlsx
Goa,2016,crime_against_women,371.0,cii_2018,Crime against Women (IPC + SLL) - 2016-2018.xlsx
Goa,2017,crime_against_women,369.0,cii_2018,Crime against Women (IPC + SLL) - 2016-2018.xlsx
Goa,2018,crime_against_women,362.0,cii_2018,Crime against Women (IPC + SLL) - 2016-2018.xlsx
Gujarat,2016,crime_against_women,8532.0,cii_2018,Crime against Women (IPC + SLL) - 2016-2018.xlsx
Gujarat,2017,crime_against_women,8133.0,cii_2018,Crime against Women (IPC + SLL) - 2016-2018.xlsx
Gujarat,2018,crime_against_women,8329.0,cii_2018,Crime against Women (IPC + SLL) - 2016-2018.xlsx
Haryana,2016,crime_against_women,9839.0,cii_2018,Crime against Women (IPC + SLL) - 2016-2018.xlsx
Haryana,2017,crime_against_women,11370.0,cii_2018,Crime against Women (IPC + SLL) - 2016-2018.xlsx
Haryana,2018,crime_against_women,14326.0,cii_2018,Crime against Women (IPC + SLL) - 2016-2018.xlsx
Himachal Pradesh,2016,crime_against_women,1222.0,cii_2018,Crime against Women (IPC + SLL) - 2016-2018.xlsx
Himachal Pradesh,2017,crime_against_women,1246.0,cii_2018,Crime against Women (IPC + SLL) - 2016-2018.xlsx
Himachal Pradesh,2018,crime_against_women,1633.0,cii_2018,Crime against Women (IPC + SLL) - 2016-2018.xlsx
Jammu & Kashmir,2016,crime_against_women,2850.0,cii_2018,Crime against Women (IPC + SLL) - 2016-2018.xlsx
Jammu & Kashmir,2017,crime_against_women,3129.0,cii_2018,Crime against Women (IPC + SLL) - 2016-2018.xlsx
Jammu & Kashmir,2018,crime_against_women,3437.0,cii_2018,Crime against Women (IPC + SLL) - 2016-2018.xlsx
Jharkhand,2016,crime_against_women,5453.0,cii_2018,Crime against Women (IPC + SLL) - 2016-2018.xlsx
Jharkhand,2017,crime_against_women,5911.0,cii_2018,Crime against Women (IPC + SLL) - 2016-2018.xlsx
Jharkhand,2018,crime_against_women,7083.0,cii_2018,Crime against Women (IPC + SLL) - 2016-2018.xlsx
Karnataka,2016,crime_against_women,14131.0,cii_2018,Crime against Women (IPC + SLL) - 2016-2018.xlsx
Karnataka,2017,crime_against_women,14078.0,cii_2018,Crime against Women (IPC + SLL) - 2016-2018.xlsx
Karnataka,2018,crime_against_women,13514.0,cii_2018,Crime against Women (IPC + SLL) - 2016-2018.xlsx
Kerala,2016,crime_against_women,10034.0,cii_2018,Crime against Women (IPC + SLL) - 2016-2018.xlsx
Kerala,2017,crime_against_women,11057.0,cii_2018,Crime against Women (IPC + SLL) - 2016-2018.xlsx
Kerala,2018,crime_against_women,10461.0,cii_2018,Crime against Women (IPC + SLL) - 2016-2018.xlsx
Madhya Pradesh,2016,crime_against_women,26604.0,cii_2018,Crime against Women (IPC + SLL) - 2016-2018.xlsx
Madhya Pradesh,2017,crime_against_women,29788.0,cii_2018,Crime against Women (IPC + SLL) - 2016-2018.xlsx
Madhya Pradesh,2018,crime_against_women,28942.0,cii_2018,Crime against Women (IPC + SLL) - 2016-2018.xlsx
Maharashtra,2016,crime_against_women,31388.0,cii_2018,Crime against Women (IPC + SLL) - 2016-2018.xlsx
Maharashtra,2017,crime_against_women,31979.0,cii_2018,Crime against Women (IPC + SLL) - 2016-2018.xlsx
Maharashtra,2018,crime_against_women,35497.0,cii_2018,Crime against Women (IPC + SLL) - 2016-2018.xlsx
Manipur,2016,crime_against_women,253.0,cii_2018,Crime against Women (IPC + SLL) - 2016-2018.xlsx
Manipur,2017,crime_against_women,236.0,cii_2018,Crime against Women (IPC + SLL) - 2016-2018.xlsx
Manipur,2018,crime_against_women,271.0,cii_2018,Crime against Women (IPC + SLL) - 2016-2018.xlsx
Meghalaya,2016,crime_against_women,372.0,cii_2018,Crime against Women (IPC + SLL) - 2016-2018.xlsx
Meghalaya,2017,crime_against_women,567.0,cii_2018,Crime against Women (IPC + SLL) - 2016-2018.xlsx
Meghalaya,2018,crime_against_women,571.0,cii_2018,Crime against Women (IPC + SLL) - 2016-2018.xlsx
Mizoram,2016,crime_against_women,120.0,cii_2018,Crime against Women (IPC + SLL) - 2016-2018.xlsx
Mizoram,2017,crime_against_women,301.0,cii_2018,Crime against Women (IPC + SLL) - 2016-2018.xlsx
Mizoram,2018,crime_against_women,249.0,cii_2018,Crime against Women (IPC + SLL) - 2016-2018.xlsx
Nagaland,2016,crime_against_women,105.0,cii_2018,Crime against Women (IPC + SLL) - 2016-2018.xlsx
Nagaland,2017,crime_against_women,79.0,cii_2018,Crime against Women (IPC + SLL) - 2016-2018.xlsx
Nagaland,2018,crime_against_women,75.0,cii_2018,Crime against Women (IPC + SLL) - 2016-2018.xlsx
Odisha,2016,crime_against_women,17837.0,cii_2018,Crime against Women (IPC + SLL) - 2016-2018.xlsx
Odisha,2017,crime_against_women,20098.0,cii_2018,Crime against Women (IPC + SLL) - 2016-2018.xlsx
Odisha,2018,crime_against_women,20274.0,cii_2018,Crime against Women (IPC + SLL) - 2016-2018.xlsx
Punjab,2016,crime_against_women,5105.0,cii_2018,Crime against Women (IPC + SLL) - 2016-2018.xlsx
Punjab,2017,crime_against_women,4620.0,cii_2018,Crime against Women (IPC + SLL) - 2016-2018.xlsx
Punjab,2018,crime_against_women,5302.0,cii_2018,Crime against Women (IPC + SLL) - 2016-2018.xlsx
Rajasthan,2016,crime_against_women,27422.0,cii_2018,Crime against Women (IPC + SLL) - 2016-2018.xlsx
Rajasthan,2017,crime_against_women,25993.0,cii_2018,Crime against Women (IPC + SLL) - 2016-2018.xlsx
Rajasthan,2018,crime_against_women,27866.0,cii_2018,Crime against Women (IPC + SLL) - 2016-2018.xlsx
Sikkim,2016,crime_against_women,153.0,cii_2018,Crime against Women (IPC + SLL) - 2016-2018.xlsx
Sikkim,2017,crime_against_women,163.0,cii_2018,Crime against Women (IPC + SLL) - 2016-2018.xlsx
Sikkim,2018,crime_against_women,172.0,cii_2018,Crime against Women (IPC + SLL) - 2016-2018.xlsx
Tamil Nadu,2016,crime_against_women,4463.0,cii_2018,Crime against Women (IPC + SLL) - 2016-2018.xlsx
Tamil Nadu,2017,crime_against_women,5397.0,cii_2018,Crime against Women (IPC + SLL) - 2016-2018.xlsx
Tamil Nadu,2018,crime_against_women,5822.0,cii_2018,Crime against Women (IPC + SLL) - 2016-2018.xlsx
Telangana,2016,crime_against_women,15374.0,cii_2018,Crime against Women (IPC + SLL) - 2016-2018.xlsx
Telangana,2017,crime_against_women,17521.0,cii_2018,Crime against Women (IPC + SLL) - 2016-2018.xlsx
Telangana,2018,crime_against_women,16027.0,cii_2018,Crime against Women (IPC + SLL) - 2016-2018.xlsx
Tripura,2016,crime_against_women,1013.0,cii_2018,Crime against Women (IPC + SLL) - 2016-2018.xlsx
Tripura,2017,crime_against_women,972.0,cii_2018,Crime against Women (IPC + SLL) - 2016-2018.xlsx
Tripura,2018,crime_against_women,907.0,cii_2018,Crime against Women (IPC + SLL) - 2016-2018.xlsx
Uttar Pradesh,2016,crime_against_women,49262.0,cii_2018,Crime against Women (IPC + SLL) - 2016-2018.xlsx
Uttar Pradesh,2017,crime_against_women,56011.0,cii_2018,Crime against Women (IPC + SLL) - 2016-2018.xlsx
Uttar Pradesh,2018,crime_against_women,59445.0,cii_2018,Crime against Women (IPC + SLL) - 2016-2018.xlsx
Uttarakhand,2016,crime_against_women,1588.0,cii_2018,Crime against Women (IPC + SLL) - 2016-2018.xlsx
Uttarakhand,2017,crime_against_women,1944.0,cii_2018,Crime against Women (IPC + SLL) - 2016-2018.xlsx
Uttarakhand,2018,crime_against_women,2817.0,cii_2018,Crime against Women (IPC + SLL) - 2016-2018.xlsx
West Bengal,2016,crime_against_women,32513.0,cii_2018,Crime against Women (IPC + SLL) - 2016-2018.xlsx
West Bengal,2017,crime_against_women,30992.0,cii_2018,Crime against Women (IPC + SLL) - 2016-2018.xlsx
West Bengal,2018,crime_against_women,30394.0,cii_2018,Crime against Women (IPC + SLL) - 2016-2018.xlsx
Andaman & Nicobar Islands,2016,crime_against_women,108.0,cii_2018,Crime against Women (IPC + SLL) - 2016-2018.xlsx
Andaman & Nicobar Islands,2017,crime_against_women,132.0,cii_2018,Crime against Women (IPC + SLL) - 2016-2018.xlsx
Andaman & Nicobar Islands,2018,crime_against_women,147.0,cii_2018,Crime against Women (IPC + SLL) - 2016-2018.xlsx
Chandigarh,2016,crime_against_women,414.0,cii_2018,Crime against Women (IPC + SLL) - 2016-2018.xlsx
Chandigarh,2017,crime_against_women,453.0,cii_2018,Crime against Women (IPC + SLL) - 2016-2018.xlsx
Chandigarh,2018,crime_against_women,442.0,cii_2018,Crime against Women (IPC + SLL) - 2016-2018.xlsx
Dadra & Nagar Haveli,2016,crime_against_women,28.0,cii_2018,Crime against Women (IPC + SLL) - 2016-2018.xlsx
Dadra & Nagar Haveli,2017,crime_against_women,20.0,cii_2018,Crime against Women (IPC + SLL) - 2016-2018.xlsx
Dadra & Nagar Haveli,2018,crime_against_women,38.0,cii_2018,Crime against Women (IPC + SLL) - 2016-2018.xlsx
Daman & Diu,2016,crime_against_women,41.0,cii_2018,Crime against Women (IPC + SLL) - 2016-2018.xlsx
Daman & Diu,2017,crime_against_women,26.0,cii_2018,Crime against Women (IPC + SLL) - 2016-2018.xlsx
Daman & Diu,2018,crime_against_women,16.0,cii_2018,Crime against Women (IPC + SLL) - 2016-2018.xlsx
Delhi,2016,crime_against_women,15310.0,cii_2018,Crime against Women (IPC + SLL) - 2016-2018.xlsx
Delhi,2017,crime_against_women,13076.0,cii_2018,Crime against Women (IPC + SLL) - 2016-2018.xlsx
Delhi,2018,crime_against_women,13640.0,cii_2018,Crime against Women (IPC + SLL) - 2016-2018.xlsx
Lakshadweep,2016,crime_against_women,9.0,cii_2018,Crime against Women (IPC + SLL) - 2016-2018.xlsx
Lakshadweep,2017,crime_against_women,6.0,cii_2018,Crime against Women (IPC + SLL) - 2016-2018.xlsx
Lakshadweep,2018,crime_against_women,11.0,cii_2018,Crime against Women (IPC + SLL) - 2016-2018.xlsx
Puducherry,2016,crime_against_women,95.0,cii_2018,Crime against Women (IPC + SLL) - 2016-2018.xlsx
Puducherry,2017,crime_against_women,147.0,cii_2018,Crime against Women (IPC + SLL) - 2016-2018.xlsx
Puducherry,2018,crime_against_women,166.0,cii_2018,Crime against Women (IPC + SLL) - 2016-2018.xlsx
Andhra Pradesh,2016,cyber_crime,616.0,cii_2018,Cyber Crimes (StateUT-wise) – 2016-2018.xlsx
Andhra Pradesh,2017,cyber_crime,931.0,cii_2018,Cyber Crimes (StateUT-wise) – 2016-2018.xlsx
Andhra Pradesh,2018,cyber_crime,1207.0,cii_2018,Cyber Crimes (StateUT-wise) – 2016-2018.xlsx
Arunachal Pradesh,2016,cyber_crime,4.0,cii_2018,Cyber Crimes (StateUT-wise) – 2016-2018.xlsx
Arunachal Pradesh,2017,cyber_crime,1.0,cii_2018,Cyber Crimes (StateUT-wise) – 2016-2018.xlsx
Arunachal Pradesh,2018,cyber_crime,7.0,cii_2018,Cyber Crimes (StateUT-wise) – 2016-2018.xlsx
Assam,2016,cyber_crime,696.0,cii_2018,Cyber Crimes (StateUT-wise) – 2016-2018.xlsx
Assam,2017,cyber_crime,1120.0,cii_2018,Cyber Crimes (StateUT-wise) – 2016-2018.xlsx
Assam,2018,cyber_crime,2022.0,cii_2018,Cyber Crimes (StateUT-wise) – 2016-2018.xlsx
Bihar,2016,cyber_crime,309.0,cii_2018,Cyber Crimes (StateUT-wise) – 2016-2018.xlsx
Bihar,2017,cyber_crime,433.0,cii_2018,Cyber Crimes (StateUT-wise) – 2016-2018.xlsx
Bihar,2018,cyber_crime,374.0,cii_2018,Cyber Crimes (StateUT-wise) – 2016-2018.xlsx
Chhattisgarh,2016,cyber_crime,90.0,cii_2018,Cyber Crimes (StateUT-wise) – 2016-2018.xlsx
Chhattisgarh,2017,cyber_crime,171.0,cii_2018,Cyber Crimes (StateUT-wise) – 2016-2018.xlsx
Chhattisgarh,2018,cyber_crime,139.0,cii_2018,Cyber Crimes (StateUT-wise) – 2016-2018.xlsx
Goa,2016,cyber_crime,31.0,cii_2018,Cyber Crimes (StateUT-wise) – 2016-2018.xlsx
Goa,2017,cyber_crime,13.0,cii_2018,Cyber Crimes (StateUT-wise) – 2016-2018.xlsx
Goa,2018,cyber_crime,29.0,cii_2018,Cyber Crimes (StateUT-wise) – 2016-2018.xlsx
Gujarat,2016,cyber_crime,362.0,cii_2018,Cyber Crimes (StateUT-wise) – 2016-2018.xlsx
Gujarat,2017,cyber_crime,458.0,cii_2018,Cyber Crimes (StateUT-wise) – 2016-2018.xlsx
Gujarat,2018,cyber_crime,702.0,cii_2018,Cyber Crimes (StateUT-wise) – 2016-2018.xlsx
Haryana,2016,cyber_crime,401.0,cii_2018,Cyber Crimes (StateUT-wise) – 2016-2018.xlsx
Haryana,2017,cyber_crime,504.0,cii_2018,Cyber Crimes (StateUT-wise) – 2016-2018.xlsx
Haryana,2018,cyber_crime,418.0,cii_2018,Cyber Crimes (StateUT-wise) – 2016-2018.xlsx
Himachal Pradesh,2016,cyber_crime,31.0,cii_2018,Cyber Crimes (StateUT-wise) – 2016-2018.xlsx
Himachal Pradesh,2017,cyber_crime,56.0,cii_2018,Cyber Crimes (StateUT-wise) – 2016-2018.xlsx
Himachal Pradesh,2018,cyber_crime,69.0,cii_2018,Cyber Crimes (StateUT-wise) – 2016-2018.xlsx
Jammu & Kashmir,2016,cyber_crime,28.0,cii_2018,Cyber Crimes (StateUT-wise) – 2016-2018.xlsx
Jammu & Kashmir,2017,cyber_crime,63.0,cii_2018,Cyber Crimes (StateUT-wise) – 2016-2018.xlsx
Jammu & Kashmir,2018,cyber_crime,73.0,cii_2018,Cyber Crimes (StateUT-wise) – 2016-2018.xlsx
Jharkhand,2016,cyber_crime,259.0,cii_2018,Cyber Crimes (StateUT-wise) – 2016-2018.xlsx
Jharkhand,2017,cyber_crime,720.0,cii_2018,Cyber Crimes (StateUT-wise) – 2016-2018.xlsx
Jharkhand,2018,cyber_crime,930.0,cii_2018,Cyber Crimes (StateUT-wise) – 2016-2018.xlsx
Karnataka,2016,cyber_crime,1101.0,cii_2018,Cyber Crimes (StateUT-wise) – 2016-2018.xlsx
Karnataka,2017,cyber_crime,3174.0,cii_2018,Cyber Crimes (StateUT-wise) – 2016-2018.xlsx
Karnataka,2018,cyber_crime,5839.0,cii_2018,Cyber Crimes (StateUT-wise) – 2016-2018.xlsx
Kerala,2016,cyber_crime,283.0,cii_2018,Cyber Crimes (StateUT-wise) – 2016-2018.xlsx
Kerala,2017,cyber_crime,320.0,cii_2018,Cyber Crimes (StateUT-wise) – 2016-2018.xlsx
Kerala,2018,cyber_crime,340.0,cii_2018,Cyber Crimes (StateUT-wise) – 2016-2018.xlsx
Madhya Pradesh,2016,cyber_crime,258.0,cii_2018,Cyber Crimes (StateUT-wise) – 2016-2018.xlsx
Madhya Pradesh,2017,cyber_crime,490.0,cii_2018,Cyber Crimes (StateUT-wise) – 2016-2018.xlsx
Madhya Pradesh,2018,cyber_crime,740.0,cii_2018,Cyber Crimes (StateUT-wise) – 2016-2018.xlsx
Maharashtra,2016,cyber_crime,2380.0,cii_2018,Cyber Crimes (StateUT-wise) – 2016-2018.xlsx
Maharashtra,2017,cyber_crime,3604.0,cii_2018,Cyber Crimes (StateUT-wise) – 2016-2018.xlsx
Maharashtra,2018,cyber_crime,3511.0,cii_2018,Cyber Crimes (StateUT-wise) – 2016-2018.xlsx
Manipur,2016,cyber_crime,11.0,cii_2018,Cyber Crimes (StateUT-wise) – 2016-2018.xlsx
Manipur,2017,cyber_crime,74.0,cii_2018,Cyber Crimes (StateUT-wise) – 2016-2018.xlsx
Manipur,2018,cyber_crime,29.0,cii_2018,Cyber Crimes (StateUT-wise) – 2016-2018.xlsx
Meghalaya,2016,cyber_crime,39.0,cii_2018,Cyber Crimes (StateUT-wise) – 2016-2018.xlsx
Meghalaya,2017,cyber_crime,39.0,cii_2018,Cyber Crimes (StateUT-wise) – 2016-2018.xlsx
Meghalaya,2018,cyber_crime,74.0,cii_2018,Cyber Crimes (StateUT-wise) – 2016-2018.xlsx
Mizoram,2016,cyber_crime,1.0,cii_2018,Cyber Crimes (StateUT-wise) – 2016-2018.xlsx
Mizoram,2017,cyber_crime,10.0,cii_2018,Cyber Crimes (StateUT-wise) – 2016-2018.xlsx
Mizoram,2018,cyber_crime,6.0,cii_2018,Cyber Crimes (StateUT-wise) – 2016-2018.xlsx
Nagaland,2016,cyber_crime,2.0,cii_2018,Cyber Crimes (StateUT-wise) – 2016-2018.xlsx
Nagaland,2017,cyber_crime,0.0,cii_2018,Cyber Crimes (StateUT-wise) – 2016-2018.xlsx
Nagaland,2018,cyber_crime,2.0,cii_2018,Cyber Crimes (StateUT-wise) – 2016-2018.xlsx
Odisha,2016,cyber_crime,317.0,cii_2018,Cyber Crimes (StateUT-wise) – 2016-2018.xlsx
Odisha,2017,cyber_crime,824.0,cii_2018,Cyber Crimes (StateUT-wise) – 2016-2018.xlsx
Odisha,2018,cyber_crime,843.0,cii_2018,Cyber Crimes (StateUT-wise) – 2016-2018.xlsx
Punjab,2016,cyber_crime,102.0,cii_2018,Cyber Crimes (StateUT-wise) – 2016-2018.xlsx
Punjab,2017,cyber_crime,176.0,cii_2018,Cyber Crimes (StateUT-wise) – 2016-2018.xlsx
Punjab,2018,cyber_crime,239.0,cii_2018,Cyber Crimes (StateUT-wise) – 2016-2018.xlsx
Rajasthan,2016,cyber_crime,941.0,cii_2018,Cyber Crimes (StateUT-wise) – 2016-2018.xlsx
Rajasthan,2017,cyber_crime,1304.0,cii_2018,Cyber Crimes (StateUT-wise) – 2016-2018.xlsx
Rajasthan,2018,cyber_crime,1104.0,cii_2018,Cyber Crimes (StateUT-wise) – 2016-2018.xlsx
Sikkim,2016,cyber_crime,1.0,cii_2018,Cyber Crimes (StateUT-wise) – 2016-2018.xlsx
Sikkim,2017,cyber_crime,1.0,cii_2018,Cyber Crimes (StateUT-wise) – 2016-2018.xlsx
Sikkim,2018,cyber_crime,1.0,cii_2018,Cyber Crimes (StateUT-wise) – 2016-2018.xlsx
Tamil Nadu,2016,cyber_crime,144.0,cii_2018,Cyber Crimes (StateUT-wise) – 2016-2018.xlsx
Tamil Nadu,2017,cyber_crime,228.0,cii_2018,Cyber Crimes (StateUT-wise) – 2016-2018.xlsx
Tamil Nadu,2018,cyber_crime,295.0,cii_2018,Cyber Crimes (StateUT-wise) – 2016-2018.xlsx
Telangana,2016,cyber_crime,593.0,cii_2018,Cyber Crimes (StateUT-wise) – 2016-2018.xlsx
Telangana,2017,cyber_crime,1209.0,cii_2018,Cyber Crimes (StateUT-wise) – 2016-2018.xlsx
Telangana,2018,cyber_crime,1205.0,cii_2018,Cyber Crimes (StateUT-wise) – 2016-2018.xlsx
Tripura,2016,cyber_crime,8.0,cii_2018,Cyber Crimes (StateUT-wise) – 2016-2018.xlsx
Tripura,2017,cyber_crime,7.0,cii_2018,Cyber Crimes (StateUT-wise) – 2016-2018.xlsx
Tripura,2018,cyber_crime,20.0,cii_2018,Cyber Crimes (StateUT-wise) – 2016-2018.xlsx
Uttar Pradesh,2016,cyber_crime,2639.0,cii_2018,Cyber Crimes (StateUT-wise) – 2016-2018.xlsx
Uttar Pradesh,2017,cyber_crime,4971.0,cii_2018,Cyber Crimes (StateUT-wise) – 2016-2018.xlsx
Uttar Pradesh,2018,cyber_crime,6280.0,cii_2018,Cyber Crimes (StateUT-wise) – 2016-2018.xlsx
Uttarakhand,2016,cyber_crime,62.0,cii_2018,Cyber Crimes (StateUT-wise) – 2016-2018.xlsx
Uttarakhand,2017,cyber_crime,124.0,cii_2018,Cyber Crimes (StateUT-wise) – 2016-2018.xlsx
Uttarakhand,2018,cyber_crime,171.0,cii_2018,Cyber Crimes (StateUT-wise) – 2016-2018.xlsx
West Bengal,2016,cyber_crime,478.0,cii_2018,Cyber Crimes (StateUT-wise) – 2016-2018.xlsx
West Bengal,2017,cyber_crime,568.0,cii_2018,Cyber Crimes (StateUT-wise) – 2016-2018.xlsx
West Bengal,2018,cyber_crime,335.0,cii_2018,Cyber Crimes (StateUT-wise) – 2016-2018.xlsx
Andaman & Nicobar Islands,2016,cyber_crime,3.0,cii_2018,Cyber Crimes (StateUT-wise) – 2016-2018.xlsx
Andaman & Nicobar Islands,2017,cyber_crime,3.0,cii_2018,Cyber Crimes (StateUT-wise) – 2016-2018.xlsx
Andaman & Nicobar Islands,2018,cyber_crime,7.0,cii_2018,Cyber Crimes (StateUT-wise) – 2016-2018.xlsx
Chandigarh,2016,cyber_crime,26.0,cii_2018,Cyber Crimes (StateUT-wise) – 2016-2018.xlsx
Chandigarh,2017,cyber_crime,32.0,cii_2018,Cyber Crimes (StateUT-wise) – 2016-2018.xlsx
Chandigarh,2018,cyber_crime,30.0,cii_2018,Cyber Crimes (StateUT-wise) – 2016-2018.xlsx
Dadra & Nagar Haveli,2016,cyber_crime,1.0,cii_2018,Cyber Crimes (StateUT-wise) – 2016-2018.xlsx
Dadra & Nagar Haveli,2017,cyber_crime,1.0,cii_2018,Cyber Crimes (StateUT-wise) – 2016-2018.xlsx
Dadra & Nagar Haveli,2018,cyber_crime,0.0,cii_2018,Cyber Crimes (StateUT-wise) – 2016-2018.xlsx
Daman & Diu,2016,cyber_crime,0.0,cii_2018,Cyber Crimes (StateUT-wise) – 2016-2018.xlsx
Daman & Diu,2017,cyber_crime,0.0,cii_2018,Cyber Crimes (StateUT-wise) – 2016-2018.xlsx
Daman & Diu,2018,cyber_crime,0.0,cii_2018,Cyber Crimes (StateUT-wise) – 2016-2018.xlsx
Delhi,2016,cyber_crime,98.0,cii_2018,Cyber Crimes (StateUT-wise) – 2016-2018.xlsx
Delhi,2017,cyber_crime,162.0,cii_2018,Cyber Crimes (StateUT-wise) – 2016-2018.xlsx
Delhi,2018,cyber_crime,189.0,cii_2018,Cyber Crimes (StateUT-wise) – 2016-2018.xlsx
Lakshadweep,2016,cyber_crime,0.0,cii_2018,Cyber Crimes (StateUT-wise) – 2016-2018.xlsx
Lakshadweep,2017,cyber_crime,0.0,cii_2018,Cyber Crimes (StateUT-wise) – 2016-2018.xlsx
Lakshadweep,2018,cyber_crime,4.0,cii_2018,Cyber Crimes (StateUT-wise) – 2016-2018.xlsx
Puducherry,2016,cyber_crime,2.0,cii_2018,Cyber Crimes (StateUT-wise) – 2016-2018.xlsx
Puducherry,2017,cyber_crime,5.0,cii_2018,Cyber Crimes (StateUT-wise) – 2016-2018.xlsx
Puducherry,2018,cyber_crime,14.0,cii_2018,Cyber Crimes (StateUT-wise) – 2016-2018.xlsx
Andhra Pradesh,2016,ipc_bns_crime,106774.0,cii_2018,IPC Crimes (StateUT-wise) - 2016-2018.xlsx
Andhra Pradesh,2017,ipc_bns_crime,132336.0,cii_2018,IPC Crimes (StateUT-wise) - 2016-2018.xlsx
Andhra Pradesh,2018,ipc_bns_crime,126635.0,cii_2018,IPC Crimes (StateUT-wise) - 2016-2018.xlsx
Arunachal Pradesh,2016,ipc_bns_crime,2534.0,cii_2018,IPC Crimes (StateUT-wise) - 2016-2018.xlsx
Arunachal Pradesh,2017,ipc_bns_crime,2565.0,cii_2018,IPC Crimes (StateUT-wise) - 2016-2018.xlsx
Arunachal Pradesh,2018,ipc_bns_crime,2613.0,cii_2018,IPC Crimes (StateUT-wise) - 2016-2018.xlsx
Assam,2016,ipc_bns_crime,102250.0,cii_2018,IPC Crimes (StateUT-wise) - 2016-2018.xlsx
Assam,2017,ipc_bns_crime,104324.0,cii_2018,IPC Crimes (StateUT-wise) - 2016-2018.xlsx
Assam,2018,ipc_bns_crime,112232.0,cii_2018,IPC Crimes (StateUT-wise) - 2016-2018.xlsx
Bihar,2016,ipc_bns_crime,164163.0,cii_2018,IPC Crimes (StateUT-wise) - 2016-2018.xlsx
Bihar,2017,ipc_bns_crime,180573.0,cii_2018,IPC Crimes (StateUT-wise) - 2016-2018.xlsx
Bihar,2018,ipc_bns_crime,196911.0,cii_2018,IPC Crimes (StateUT-wise) - 2016-2018.xlsx
Chhattisgarh,2016,ipc_bns_crime,55029.0,cii_2018,IPC Crimes (StateUT-wise) - 2016-2018.xlsx
Chhattisgarh,2017,ipc_bns_crime,58481.0,cii_2018,IPC Crimes (StateUT-wise) - 2016-2018.xlsx
Chhattisgarh,2018,ipc_bns_crime,60178.0,cii_2018,IPC Crimes (StateUT-wise) - 2016-2018.xlsx
Goa,2016,ipc_bns_crime,2692.0,cii_2018,IPC Crimes (StateUT-wise) - 2016-2018.xlsx
Goa,2017,ipc_bns_crime,2965.0,cii_2018,IPC Crimes (StateUT-wise) - 2016-2018.xlsx
Goa,2018,ipc_bns_crime,2740.0,cii_2018,IPC Crimes (StateUT-wise) - 2016-2018.xlsx
Gujarat,2016,ipc_bns_crime,147122.0,cii_2018,IPC Crimes (StateUT-wise) - 2016-2018.xlsx
Gujarat,2017,ipc_bns_crime,128775.0,cii_2018,IPC Crimes (StateUT-wise) - 2016-2018.xlsx
Gujarat,2018,ipc_bns_crime,147574.0,cii_2018,IPC Crimes (StateUT-wise) - 2016-2018.xlsx
Haryana,2016,ipc_bns_crime,88527.0,cii_2018,IPC Crimes (StateUT-wise) - 2016-2018.xlsx
Haryana,2017,ipc_bns_crime,97924.0,cii_2018,IPC Crimes (StateUT-wise) - 2016-2018.xlsx
Haryana,2018,ipc_bns_crime,108212.0,cii_2018,IPC Crimes (StateUT-wise) - 2016-2018.xlsx
Himachal Pradesh,2016,ipc_bns_crime,13386.0,cii_2018,IPC Crimes (StateUT-wise) - 2016-2018.xlsx
Himachal Pradesh,2017,ipc_bns_crime,13007.0,cii_2018,IPC Crimes (StateUT-wise) - 2016-2018.xlsx
Himachal Pradesh,2018,ipc_bns_crime,14604.0,cii_2018,IPC Crimes (StateUT-wise) - 2016-2018.xlsx
Jammu & Kashmir,2016,ipc_bns_crime,24501.0,cii_2018,IPC Crimes (StateUT-wise) - 2016-2018.xlsx
Jammu & Kashmir,2017,ipc_bns_crime,22667.0,cii_2018,IPC Crimes (StateUT-wise) - 2016-2018.xlsx
Jammu & Kashmir,2018,ipc_bns_crime,24216.0,cii_2018,IPC Crimes (StateUT-wise) - 2016-2018.xlsx
Jharkhand,2016,ipc_bns_crime,40710.0,cii_2018,IPC Crimes (StateUT-wise) - 2016-2018.xlsx
Jharkhand,2017,ipc_bns_crime,44595.0,cii_2018,IPC Crimes (StateUT-wise) - 2016-2018.xlsx
Jharkhand,2018,ipc_bns_crime,45287.0,cii_2018,IPC Crimes (StateUT-wise) - 2016-2018.xlsx
Karnataka,2016,ipc_bns_crime,148402.0,cii_2018,IPC Crimes (StateUT-wise) - 2016-2018.xlsx
Karnataka,2017,ipc_bns_crime,146354.0,cii_2018,IPC Crimes (StateUT-wise) - 2016-2018.xlsx
Karnataka,2018,ipc_bns_crime,126534.0,cii_2018,IPC Crimes (StateUT-wise) - 2016-2018.xlsx
Kerala,2016,ipc_bns_crime,260097.0,cii_2018,IPC Crimes (StateUT-wise) - 2016-2018.xlsx
Kerala,2017,ipc_bns_crime,235846.0,cii_2018,IPC Crimes (StateUT-wise) - 2016-2018.xlsx
Kerala,2018,ipc_bns_crime,186958.0,cii_2018,IPC Crimes (StateUT-wise) - 2016-2018.xlsx
Madhya Pradesh,2016,ipc_bns_crime,264418.0,cii_2018,IPC Crimes (StateUT-wise) - 2016-2018.xlsx
Madhya Pradesh,2017,ipc_bns_crime,269512.0,cii_2018,IPC Crimes (StateUT-wise) - 2016-2018.xlsx
Madhya Pradesh,2018,ipc_bns_crime,248354.0,cii_2018,IPC Crimes (StateUT-wise) - 2016-2018.xlsx
Maharashtra,2016,ipc_bns_crime,261714.0,cii_2018,IPC Crimes (StateUT-wise) - 2016-2018.xlsx
Maharashtra,2017,ipc_bns_crime,288879.0,cii_2018,IPC Crimes (StateUT-wise) - 2016-2018.xlsx
Maharashtra,2018,ipc_bns_crime,346291.0,cii_2018,IPC Crimes (StateUT-wise) - 2016-2018.xlsx
Manipur,2016,ipc_bns_crime,3170.0,cii_2018,IPC Crimes (StateUT-wise) - 2016-2018.xlsx
Manipur,2017,ipc_bns_crime,3416.0,cii_2018,IPC Crimes (StateUT-wise) - 2016-2018.xlsx
Manipur,2018,ipc_bns_crime,2869.0,cii_2018,IPC Crimes (StateUT-wise) - 2016-2018.xlsx
Meghalaya,2016,ipc_bns_crime,3366.0,cii_2018,IPC Crimes (StateUT-wise) - 2016-2018.xlsx
Meghalaya,2017,ipc_bns_crime,3521.0,cii_2018,IPC Crimes (StateUT-wise) - 2016-2018.xlsx
Meghalaya,2018,ipc_bns_crime,2921.0,cii_2018,IPC Crimes (StateUT-wise) - 2016-2018.xlsx
Mizoram,2016,ipc_bns_crime,2425.0,cii_2018,IPC Crimes (StateUT-wise) - 2016-2018.xlsx
Mizoram,2017,ipc_bns_crime,2118.0,cii_2018,IPC Crimes (StateUT-wise) - 2016-2018.xlsx
Mizoram,2018,ipc_bns_crime,1774.0,cii_2018,IPC Crimes (StateUT-wise) - 2016-2018.xlsx
Nagaland,2016,ipc_bns_crime,1376.0,cii_2018,IPC Crimes (StateUT-wise) - 2016-2018.xlsx
Nagaland,2017,ipc_bns_crime,1068.0,cii_2018,IPC Crimes (StateUT-wise) - 2016-2018.xlsx
Nagaland,2018,ipc_bns_crime,1223.0,cii_2018,IPC Crimes (StateUT-wise) - 2016-2018.xlsx
Odisha,2016,ipc_bns_crime,81460.0,cii_2018,IPC Crimes (StateUT-wise) - 2016-2018.xlsx
Odisha,2017,ipc_bns_crime,83583.0,cii_2018,IPC Crimes (StateUT-wise) - 2016-2018.xlsx
Odisha,2018,ipc_bns_crime,83769.0,cii_2018,IPC Crimes (StateUT-wise) - 2016-2018.xlsx
Punjab,2016,ipc_bns_crime,40007.0,cii_2018,IPC Crimes (StateUT-wise) - 2016-2018.xlsx
Punjab,2017,ipc_bns_crime,39288.0,cii_2018,IPC Crimes (StateUT-wise) - 2016-2018.xlsx
Punjab,2018,ipc_bns_crime,41640.0,cii_2018,IPC Crimes (StateUT-wise) - 2016-2018.xlsx
Rajasthan,2016,ipc_bns_crime,180398.0,cii_2018,IPC Crimes (StateUT-wise) - 2016-2018.xlsx
Rajasthan,2017,ipc_bns_crime,169941.0,cii_2018,IPC Crimes (StateUT-wise) - 2016-2018.xlsx
Rajasthan,2018,ipc_bns_crime,171889.0,cii_2018,IPC Crimes (StateUT-wise) - 2016-2018.xlsx
Sikkim,2016,ipc_bns_crime,809.0,cii_2018,IPC Crimes (StateUT-wise) - 2016-2018.xlsx
Sikkim,2017,ipc_bns_crime,719.0,cii_2018,IPC Crimes (StateUT-wise) - 2016-2018.xlsx
Sikkim,2018,ipc_bns_crime,620.0,cii_2018,IPC Crimes (StateUT-wise) - 2016-2018.xlsx
Tamil Nadu,2016,ipc_bns_crime,179896.0,cii_2018,IPC Crimes (StateUT-wise) - 2016-2018.xlsx
Tamil Nadu,2017,ipc_bns_crime,178836.0,cii_2018,IPC Crimes (StateUT-wise) - 2016-2018.xlsx
Tamil Nadu,2018,ipc_bns_crime,185912.0,cii_2018,IPC Crimes (StateUT-wise) - 2016-2018.xlsx
Telangana,2016,ipc_bns_crime,108991.0,cii_2018,IPC Crimes (StateUT-wise) - 2016-2018.xlsx
Telangana,2017,ipc_bns_crime,119858.0,cii_2018,IPC Crimes (StateUT-wise) - 2016-2018.xlsx
Telangana,2018,ipc_bns_crime,113951.0,cii_2018,IPC Crimes (StateUT-wise) - 2016-2018.xlsx
Tripura,2016,ipc_bns_crime,3933.0,cii_2018,IPC Crimes (StateUT-wise) - 2016-2018.xlsx
Tripura,2017,ipc_bns_crime,3918.0,cii_2018,IPC Crimes (StateUT-wise) - 2016-2018.xlsx
Tripura,2018,ipc_bns_crime,5325.0,cii_2018,IPC Crimes (StateUT-wise) - 2016-2018.xlsx
Uttar Pradesh,2016,ipc_bns_crime,282171.0,cii_2018,IPC Crimes (StateUT-wise) - 2016-2018.xlsx
Uttar Pradesh,2017,ipc_bns_crime,310084.0,cii_2018,IPC Crimes (StateUT-wise) - 2016-2018.xlsx
Uttar Pradesh,2018,ipc_bns_crime,342355.0,cii_2018,IPC Crimes (StateUT-wise) - 2016-2018.xlsx
Uttarakhand,2016,ipc_bns_crime,10867.0,cii_2018,IPC Crimes (StateUT-wise) - 2016-2018.xlsx
Uttarakhand,2017,ipc_bns_crime,12889.0,cii_2018,IPC Crimes (StateUT-wise) - 2016-2018.xlsx
Uttarakhand,2018,ipc_bns_crime,14739.0,cii_2018,IPC Crimes (StateUT-wise) - 2016-2018.xlsx
West Bengal,2016,ipc_bns_crime,176569.0,cii_2018,IPC Crimes (StateUT-wise) - 2016-2018.xlsx
West Bengal,2017,ipc_bns_crime,163999.0,cii_2018,IPC Crimes (StateUT-wise) - 2016-2018.xlsx
West Bengal,2018,ipc_bns_crime,157610.0,cii_2018,IPC Crimes (StateUT-wise) - 2016-2018.xlsx
Andaman & Nicobar Islands,2016,ipc_bns_crime,802.0,cii_2018,IPC Crimes (StateUT-wise) - 2016-2018.xlsx
Andaman & Nicobar Islands,2017,ipc_bns_crime,638.0,cii_2018,IPC Crimes (StateUT-wise) - 2016-2018.xlsx
Andaman & Nicobar Islands,2018,ipc_bns_crime,706.0,cii_2018,IPC Crimes (StateUT-wise) - 2016-2018.xlsx
Chandigarh,2016,ipc_bns_crime,2996.0,cii_2018,IPC Crimes (StateUT-wise) - 2016-2018.xlsx
Chandigarh,2017,ipc_bns_crime,3240.0,cii_2018,IPC Crimes (StateUT-wise) - 2016-2018.xlsx
Chandigarh,2018,ipc_bns_crime,3072.0,cii_2018,IPC Crimes (StateUT-wise) - 2016-2018.xlsx
Dadra & Nagar Haveli,2016,ipc_bns_crime,244.0,cii_2018,IPC Crimes (StateUT-wise) - 2016-2018.xlsx
Dadra & Nagar Haveli,2017,ipc_bns_crime,266.0,cii_2018,IPC Crimes (StateUT-wise) - 2016-2018.xlsx
Dadra & Nagar Haveli,2018,ipc_bns_crime,255.0,cii_2018,IPC Crimes (StateUT-wise) - 2016-2018.xlsx
Daman & Diu,2016,ipc_bns_crime,271.0,cii_2018,IPC Crimes (StateUT-wise) - 2016-2018.xlsx
Daman & Diu,2017,ipc_bns_crime,367.0,cii_2018,IPC Crimes (StateUT-wise) - 2016-2018.xlsx
Daman & Diu,2018,ipc_bns_crime,319.0,cii_2018,IPC Crimes (StateUT-wise) - 2016-2018.xlsx
Delhi,2016,ipc_bns_crime,209519.0,cii_2018,IPC Crimes (StateUT-wise) - 2016-2018.xlsx
Delhi,2017,ipc_bns_crime,232066.0,cii_2018,IPC Crimes (StateUT-wise) - 2016-2018.xlsx
Delhi,2018,ipc_bns_crime,249012.0,cii_2018,IPC Crimes (StateUT-wise) - 2016-2018.xlsx
Lakshadweep,2016,ipc_bns_crime,36.0,cii_2018,IPC Crimes (StateUT-wise) - 2016-2018.xlsx
Lakshadweep,2017,ipc_bns_crime,78.0,cii_2018,IPC Crimes (StateUT-wise) - 2016-2018.xlsx
Lakshadweep,2018,ipc_bns_crime,48.0,cii_2018,IPC Crimes (StateUT-wise) - 2016-2018.xlsx
Puducherry,2016,ipc_bns_crime,4086.0,cii_2018,IPC Crimes (StateUT-wise) - 2016-2018.xlsx
Puducherry,2017,ipc_bns_crime,3883.0,cii_2018,IPC Crimes (StateUT-wise) - 2016-2018.xlsx
Puducherry,2018,ipc_bns_crime,3606.0,cii_2018,IPC Crimes (StateUT-wise) - 2016-2018.xlsx
Andhra Pradesh,2016,sll_crime,22615.0,cii_2018,SLL Crimes (StateUT-wise) - 2016-2018.xlsx
Andhra Pradesh,2017,sll_crime,15666.0,cii_2018,SLL Crimes (StateUT-wise) - 2016-2018.xlsx
Andhra Pradesh,2018,sll_crime,18068.0,cii_2018,SLL Crimes (StateUT-wise) - 2016-2018.xlsx
Arunachal Pradesh,2016,sll_crime,166.0,cii_2018,SLL Crimes (StateUT-wise) - 2016-2018.xlsx
Arunachal Pradesh,2017,sll_crime,181.0,cii_2018,SLL Crimes (StateUT-wise) - 2016-2018.xlsx
Arunachal Pradesh,2018,sll_crime,204.0,cii_2018,SLL Crimes (StateUT-wise) - 2016-2018.xlsx
Assam,2016,sll_crime,4764.0,cii_2018,SLL Crimes (StateUT-wise) - 2016-2018.xlsx
Assam,2017,sll_crime,5628.0,cii_2018,SLL Crimes (StateUT-wise) - 2016-2018.xlsx
Assam,2018,sll_crime,8340.0,cii_2018,SLL Crimes (StateUT-wise) - 2016-2018.xlsx
Bihar,2016,sll_crime,25533.0,cii_2018,SLL Crimes (StateUT-wise) - 2016-2018.xlsx
Bihar,2017,sll_crime,55482.0,cii_2018,SLL Crimes (StateUT-wise) - 2016-2018.xlsx
Bihar,2018,sll_crime,65904.0,cii_2018,SLL Crimes (StateUT-wise) - 2016-2018.xlsx
Chhattisgarh,2016,sll_crime,29163.0,cii_2018,SLL Crimes (StateUT-wise) - 2016-2018.xlsx
Chhattisgarh,2017,sll_crime,32035.0,cii_2018,SLL Crimes (StateUT-wise) - 2016-2018.xlsx
Chhattisgarh,2018,sll_crime,38055.0,cii_2018,SLL Crimes (StateUT-wise) - 2016-2018.xlsx
Goa,2016,sll_crime,1014.0,cii_2018,SLL Crimes (StateUT-wise) - 2016-2018.xlsx
Goa,2017,sll_crime,978.0,cii_2018,SLL Crimes (StateUT-wise) - 2016-2018.xlsx
Goa,2018,sll_crime,1144.0,cii_2018,SLL Crimes (StateUT-wise) - 2016-2018.xlsx
Gujarat,2016,sll_crime,288300.0,cii_2018,SLL Crimes (StateUT-wise) - 2016-2018.xlsx
Gujarat,2017,sll_crime,206024.0,cii_2018,SLL Crimes (StateUT-wise) - 2016-2018.xlsx
Gujarat,2018,sll_crime,245620.0,cii_2018,SLL Crimes (StateUT-wise) - 2016-2018.xlsx
Haryana,2016,sll_crime,54584.0,cii_2018,SLL Crimes (StateUT-wise) - 2016-2018.xlsx
Haryana,2017,sll_crime,126892.0,cii_2018,SLL Crimes (StateUT-wise) - 2016-2018.xlsx
Haryana,2018,sll_crime,83017.0,cii_2018,SLL Crimes (StateUT-wise) - 2016-2018.xlsx
Himachal Pradesh,2016,sll_crime,3863.0,cii_2018,SLL Crimes (StateUT-wise) - 2016-2018.xlsx
Himachal Pradesh,2017,sll_crime,4789.0,cii_2018,SLL Crimes (StateUT-wise) - 2016-2018.xlsx
Himachal Pradesh,2018,sll_crime,4990.0,cii_2018,SLL Crimes (StateUT-wise) - 2016-2018.xlsx
Jammu & Kashmir,2016,sll_crime,2123.0,cii_2018,SLL Crimes (StateUT-wise) - 2016-2018.xlsx
Jammu & Kashmir,2017,sll_crime,2941.0,cii_2018,SLL Crimes (StateUT-wise) - 2016-2018.xlsx
Jammu & Kashmir,2018,sll_crime,3060.0,cii_2018,SLL Crimes (StateUT-wise) - 2016-2018.xlsx
Jharkhand,2016,sll_crime,7107.0,cii_2018,SLL Crimes (StateUT-wise) - 2016-2018.xlsx
Jharkhand,2017,sll_crime,8069.0,cii_2018,SLL Crimes (StateUT-wise) - 2016-2018.xlsx
Jharkhand,2018,sll_crime,10377.0,cii_2018,SLL Crimes (StateUT-wise) - 2016-2018.xlsx
Karnataka,2016,sll_crime,31077.0,cii_2018,SLL Crimes (StateUT-wise) - 2016-2018.xlsx
Karnataka,2017,sll_crime,37709.0,cii_2018,SLL Crimes (StateUT-wise) - 2016-2018.xlsx
Karnataka,2018,sll_crime,36882.0,cii_2018,SLL Crimes (StateUT-wise) - 2016-2018.xlsx
Kerala,2016,sll_crime,447773.0,cii_2018,SLL Crimes (StateUT-wise) - 2016-2018.xlsx
Kerala,2017,sll_crime,417654.0,cii_2018,SLL Crimes (StateUT-wise) - 2016-2018.xlsx
Kerala,2018,sll_crime,325209.0,cii_2018,SLL Crimes (StateUT-wise) - 2016-2018.xlsx
Madhya Pradesh,2016,sll_crime,100736.0,cii_2018,SLL Crimes (StateUT-wise) - 2016-2018.xlsx
Madhya Pradesh,2017,sll_crime,110170.0,cii_2018,SLL Crimes (StateUT-wise) - 2016-2018.xlsx
Madhya Pradesh,2018,sll_crime,156775.0,cii_2018,SLL Crimes (StateUT-wise) - 2016-2018.xlsx
Maharashtra,2016,sll_crime,169152.0,cii_2018,SLL Crimes (StateUT-wise) - 2016-2018.xlsx
Maharashtra,2017,sll_crime,178874.0,cii_2018,SLL Crimes (StateUT-wise) - 2016-2018.xlsx
Maharashtra,2018,sll_crime,169383.0,cii_2018,SLL Crimes (StateUT-wise) - 2016-2018.xlsx
Manipur,2016,sll_crime,928.0,cii_2018,SLL Crimes (StateUT-wise) - 2016-2018.xlsx
Manipur,2017,sll_crime,834.0,cii_2018,SLL Crimes (StateUT-wise) - 2016-2018.xlsx
Manipur,2018,sll_crime,912.0,cii_2018,SLL Crimes (StateUT-wise) - 2016-2018.xlsx
Meghalaya,2016,sll_crime,216.0,cii_2018,SLL Crimes (StateUT-wise) - 2016-2018.xlsx
Meghalaya,2017,sll_crime,431.0,cii_2018,SLL Crimes (StateUT-wise) - 2016-2018.xlsx
Meghalaya,2018,sll_crime,561.0,cii_2018,SLL Crimes (StateUT-wise) - 2016-2018.xlsx
Mizoram,2016,sll_crime,375.0,cii_2018,SLL Crimes (StateUT-wise) - 2016-2018.xlsx
Mizoram,2017,sll_crime,620.0,cii_2018,SLL Crimes (StateUT-wise) - 2016-2018.xlsx
Mizoram,2018,sll_crime,577.0,cii_2018,SLL Crimes (StateUT-wise) - 2016-2018.xlsx
Nagaland,2016,sll_crime,532.0,cii_2018,SLL Crimes (StateUT-wise) - 2016-2018.xlsx
Nagaland,2017,sll_crime,485.0,cii_2018,SLL Crimes (StateUT-wise) - 2016-2018.xlsx
Nagaland,2018,sll_crime,552.0,cii_2018,SLL Crimes (StateUT-wise) - 2016-2018.xlsx
Odisha,2016,sll_crime,22105.0,cii_2018,SLL Crimes (StateUT-wise) - 2016-2018.xlsx
Odisha,2017,sll_crime,20283.0,cii_2018,SLL Crimes (StateUT-wise) - 2016-2018.xlsx
Odisha,2018,sll_crime,23639.0,cii_2018,SLL Crimes (StateUT-wise) - 2016-2018.xlsx
Punjab,2016,sll_crime,17732.0,cii_2018,SLL Crimes (StateUT-wise) - 2016-2018.xlsx
Punjab,2017,sll_crime,31385.0,cii_2018,SLL Crimes (StateUT-wise) - 2016-2018.xlsx
Punjab,2018,sll_crime,28678.0,cii_2018,SLL Crimes (StateUT-wise) - 2016-2018.xlsx
Rajasthan,2016,sll_crime,70749.0,cii_2018,SLL Crimes (StateUT-wise) - 2016-2018.xlsx
Rajasthan,2017,sll_crime,75612.0,cii_2018,SLL Crimes (StateUT-wise) - 2016-2018.xlsx
Rajasthan,2018,sll_crime,78657.0,cii_2018,SLL Crimes (StateUT-wise) - 2016-2018.xlsx
Sikkim,2016,sll_crime,211.0,cii_2018,SLL Crimes (StateUT-wise) - 2016-2018.xlsx
Sikkim,2017,sll_crime,260.0,cii_2018,SLL Crimes (StateUT-wise) - 2016-2018.xlsx
Sikkim,2018,sll_crime,249.0,cii_2018,SLL Crimes (StateUT-wise) - 2016-2018.xlsx
Tamil Nadu,2016,sll_crime,287473.0,cii_2018,SLL Crimes (StateUT-wise) - 2016-2018.xlsx
Tamil Nadu,2017,sll_crime,242040.0,cii_2018,SLL Crimes (StateUT-wise) - 2016-2018.xlsx
Tamil Nadu,2018,sll_crime,313276.0,cii_2018,SLL Crimes (StateUT-wise) - 2016-2018.xlsx
Telangana,2016,sll_crime,11282.0,cii_2018,SLL Crimes (StateUT-wise) - 2016-2018.xlsx
Telangana,2017,sll_crime,13339.0,cii_2018,SLL Crimes (StateUT-wise) - 2016-2018.xlsx
Telangana,2018,sll_crime,12907.0,cii_2018,SLL Crimes (StateUT-wise) - 2016-2018.xlsx
Tripura,2016,sll_crime,148.0,cii_2018,SLL Crimes (StateUT-wise) - 2016-2018.xlsx
Tripura,2017,sll_crime,320.0,cii_2018,SLL Crimes (StateUT-wise) - 2016-2018.xlsx
Tripura,2018,sll_crime,753.0,cii_2018,SLL Crimes (StateUT-wise) - 2016-2018.xlsx
Uttar Pradesh,2016,sll_crime,211854.0,cii_2018,SLL Crimes (StateUT-wise) - 2016-2018.xlsx
Uttar Pradesh,2017,sll_crime,289998.0,cii_2018,SLL Crimes (StateUT-wise) - 2016-2018.xlsx
Uttar Pradesh,2018,sll_crime,242802.0,cii_2018,SLL Crimes (StateUT-wise) - 2016-2018.xlsx
Uttarakhand,2016,sll_crime,5207.0,cii_2018,SLL Crimes (StateUT-wise) - 2016-2018.xlsx
Uttarakhand,2017,sll_crime,15972.0,cii_2018,SLL Crimes (StateUT-wise) - 2016-2018.xlsx
Uttarakhand,2018,sll_crime,19976.0,cii_2018,SLL Crimes (StateUT-wise) - 2016-2018.xlsx
West Bengal,2016,sll_crime,27831.0,cii_2018,SLL Crimes (StateUT-wise) - 2016-2018.xlsx
West Bengal,2017,sll_crime,31538.0,cii_2018,SLL Crimes (StateUT-wise) - 2016-2018.xlsx
West Bengal,2018,sll_crime,30453.0,cii_2018,SLL Crimes (StateUT-wise) - 2016-2018.xlsx
Andaman & Nicobar Islands,2016,sll_crime,1689.0,cii_2018,SLL Crimes (StateUT-wise) - 2016-2018.xlsx
Andaman & Nicobar Islands,2017,sll_crime,2376.0,cii_2018,SLL Crimes (StateUT-wise) - 2016-2018.xlsx
Andaman & Nicobar Islands,2018,sll_crime,2993.0,cii_2018,SLL Crimes (StateUT-wise) - 2016-2018.xlsx
Chandigarh,2016,sll_crime,1260.0,cii_2018,SLL Crimes (StateUT-wise) - 2016-2018.xlsx
Chandigarh,2017,sll_crime,2222.0,cii_2018,SLL Crimes (StateUT-wise) - 2016-2018.xlsx
Chandigarh,2018,sll_crime,2895.0,cii_2018,SLL Crimes (StateUT-wise) - 2016-2018.xlsx
Dadra & Nagar Haveli,2016,sll_crime,12.0,cii_2018,SLL Crimes (StateUT-wise) - 2016-2018.xlsx
Dadra & Nagar Haveli,2017,sll_crime,43.0,cii_2018,SLL Crimes (StateUT-wise) - 2016-2018.xlsx
Dadra & Nagar Haveli,2018,sll_crime,60.0,cii_2018,SLL Crimes (StateUT-wise) - 2016-2018.xlsx
Daman & Diu,2016,sll_crime,16.0,cii_2018,SLL Crimes (StateUT-wise) - 2016-2018.xlsx
Daman & Diu,2017,sll_crime,15.0,cii_2018,SLL Crimes (StateUT-wise) - 2016-2018.xlsx
Daman & Diu,2018,sll_crime,15.0,cii_2018,SLL Crimes (StateUT-wise) - 2016-2018.xlsx
Delhi,2016,sll_crime,7401.0,cii_2018,SLL Crimes (StateUT-wise) - 2016-2018.xlsx
Delhi,2017,sll_crime,12648.0,cii_2018,SLL Crimes (StateUT-wise) - 2016-2018.xlsx
Delhi,2018,sll_crime,13600.0,cii_2018,SLL Crimes (StateUT-wise) - 2016-2018.xlsx
Lakshadweep,2016,sll_crime,14.0,cii_2018,SLL Crimes (StateUT-wise) - 2016-2018.xlsx
Lakshadweep,2017,sll_crime,36.0,cii_2018,SLL Crimes (StateUT-wise) - 2016-2018.xlsx
Lakshadweep,2018,sll_crime,29.0,cii_2018,SLL Crimes (StateUT-wise) - 2016-2018.xlsx
Puducherry,2016,sll_crime,799.0,cii_2018,SLL Crimes (StateUT-wise) - 2016-2018.xlsx
Puducherry,2017,sll_crime,916.0,cii_2018,SLL Crimes (StateUT-wise) - 2016-2018.xlsx
Puducherry,2018,sll_crime,1068.0,cii_2018,SLL Crimes (StateUT-wise) - 2016-2018.xlsx
Andhra Pradesh,2016,violent_crime,7464.0,cii_2018,Violent Crimes (Incidence & Crime Rate) – 2018.xlsx
Andhra Pradesh,2017,violent_crime,8288.0,cii_2018,Violent Crimes (Incidence & Crime Rate) – 2018.xlsx
Andhra Pradesh,2018,violent_crime,8211.0,cii_2018,Violent Crimes (Incidence & Crime Rate) – 2018.xlsx
Arunachal Pradesh,2016,violent_crime,665.0,cii_2018,Violent Crimes (Incidence & Crime Rate) – 2018.xlsx
Arunachal Pradesh,2017,violent_crime,639.0,cii_2018,Violent Crimes (Incidence & Crime Rate) – 2018.xlsx
Arunachal Pradesh,2018,violent_crime,622.0,cii_2018,Violent Crimes (Incidence & Crime Rate) – 2018.xlsx
Assam,2016,violent_crime,24165.0,cii_2018,Violent Crimes (Incidence & Crime Rate) – 2018.xlsx
Assam,2017,violent_crime,25875.0,cii_2018,Violent Crimes (Incidence & Crime Rate) – 2018.xlsx
Assam,2018,violent_crime,29417.0,cii_2018,Violent Crimes (Incidence & Crime Rate) – 2018.xlsx
Bihar,2016,violent_crime,46621.0,cii_2018,Violent Crimes (Incidence & Crime Rate) – 2018.xlsx
Bihar,2017,violent_crime,50700.0,cii_2018,Violent Crimes (Incidence & Crime Rate) – 2018.xlsx
Bihar,2018,violent_crime,44407.0,cii_2018,Violent Crimes (Incidence & Crime Rate) – 2018.xlsx
Chhattisgarh,2016,violent_crime,7723.0,cii_2018,Violent Crimes (Incidence & Crime Rate) – 2018.xlsx
Chhattisgarh,2017,violent_crime,8501.0,cii_2018,Violent Crimes (Incidence & Crime Rate) – 2018.xlsx
Chhattisgarh,2018,violent_crime,8669.0,cii_2018,Violent Crimes (Incidence & Crime Rate) – 2018.xlsx
Goa,2016,violent_crime,469.0,cii_2018,Violent Crimes (Incidence & Crime Rate) – 2018.xlsx
Goa,2017,violent_crime,512.0,cii_2018,Violent Crimes (Incidence & Crime Rate) – 2018.xlsx
Goa,2018,violent_crime,452.0,cii_2018,Violent Crimes (Incidence & Crime Rate) – 2018.xlsx
Gujarat,2016,violent_crime,11829.0,cii_2018,Violent Crimes (Incidence & Crime Rate) – 2018.xlsx
Gujarat,2017,violent_crime,10509.0,cii_2018,Violent Crimes (Incidence & Crime Rate) – 2018.xlsx
Gujarat,2018,violent_crime,11358.0,cii_2018,Violent Crimes (Incidence & Crime Rate) – 2018.xlsx
Haryana,2016,violent_crime,14392.0,cii_2018,Violent Crimes (Incidence & Crime Rate) – 2018.xlsx
Haryana,2017,violent_crime,13040.0,cii_2018,Violent Crimes (Incidence & Crime Rate) – 2018.xlsx
Haryana,2018,violent_crime,14018.0,cii_2018,Violent Crimes (Incidence & Crime Rate) – 2018.xlsx
Himachal Pradesh,2016,violent_crime,1593.0,cii_2018,Violent Crimes (Incidence & Crime Rate) – 2018.xlsx
Himachal Pradesh,2017,violent_crime,1566.0,cii_2018,Violent Crimes (Incidence & Crime Rate) – 2018.xlsx
Himachal Pradesh,2018,violent_crime,1861.0,cii_2018,Violent Crimes (Incidence & Crime Rate) – 2018.xlsx
Jammu & Kashmir,2016,violent_crime,5756.0,cii_2018,Violent Crimes (Incidence & Crime Rate) – 2018.xlsx
Jammu & Kashmir,2017,violent_crime,3789.0,cii_2018,Violent Crimes (Incidence & Crime Rate) – 2018.xlsx
Jammu & Kashmir,2018,violent_crime,3959.0,cii_2018,Violent Crimes (Incidence & Crime Rate) – 2018.xlsx
Jharkhand,2016,violent_crime,9300.0,cii_2018,Violent Crimes (Incidence & Crime Rate) – 2018.xlsx
Jharkhand,2017,violent_crime,9961.0,cii_2018,Violent Crimes (Incidence & Crime Rate) – 2018.xlsx
Jharkhand,2018,violent_crime,11617.0,cii_2018,Violent Crimes (Incidence & Crime Rate) – 2018.xlsx
Karnataka,2016,violent_crime,19648.0,cii_2018,Violent Crimes (Incidence & Crime Rate) – 2018.xlsx
Karnataka,2017,violent_crime,18655.0,cii_2018,Violent Crimes (Incidence & Crime Rate) – 2018.xlsx
Karnataka,2018,violent_crime,17616.0,cii_2018,Violent Crimes (Incidence & Crime Rate) – 2018.xlsx
Kerala,2016,violent_crime,13548.0,cii_2018,Violent Crimes (Incidence & Crime Rate) – 2018.xlsx
Kerala,2017,violent_crime,13315.0,cii_2018,Violent Crimes (Incidence & Crime Rate) – 2018.xlsx
Kerala,2018,violent_crime,13133.0,cii_2018,Violent Crimes (Incidence & Crime Rate) – 2018.xlsx
Madhya Pradesh,2016,violent_crime,26719.0,cii_2018,Violent Crimes (Incidence & Crime Rate) – 2018.xlsx
Madhya Pradesh,2017,violent_crime,27953.0,cii_2018,Violent Crimes (Incidence & Crime Rate) – 2018.xlsx
Madhya Pradesh,2018,violent_crime,27106.0,cii_2018,Violent Crimes (Incidence & Crime Rate) – 2018.xlsx
Maharashtra,2016,violent_crime,42468.0,cii_2018,Violent Crimes (Incidence & Crime Rate) – 2018.xlsx
Maharashtra,2017,violent_crime,40010.0,cii_2018,Violent Crimes (Incidence & Crime Rate) – 2018.xlsx
Maharashtra,2018,violent_crime,45706.0,cii_2018,Violent Crimes (Incidence & Crime Rate) – 2018.xlsx
Manipur,2016,violent_crime,911.0,cii_2018,Violent Crimes (Incidence & Crime Rate) – 2018.xlsx
Manipur,2017,violent_crime,834.0,cii_2018,Violent Crimes (Incidence & Crime Rate) – 2018.xlsx
Manipur,2018,violent_crime,658.0,cii_2018,Violent Crimes (Incidence & Crime Rate) – 2018.xlsx
Meghalaya,2016,violent_crime,819.0,cii_2018,Violent Crimes (Incidence & Crime Rate) – 2018.xlsx
Meghalaya,2017,violent_crime,715.0,cii_2018,Violent Crimes (Incidence & Crime Rate) – 2018.xlsx
Meghalaya,2018,violent_crime,662.0,cii_2018,Violent Crimes (Incidence & Crime Rate) – 2018.xlsx
Mizoram,2016,violent_crime,241.0,cii_2018,Violent Crimes (Incidence & Crime Rate) – 2018.xlsx
Mizoram,2017,violent_crime,143.0,cii_2018,Violent Crimes (Incidence & Crime Rate) – 2018.xlsx
Mizoram,2018,violent_crime,161.0,cii_2018,Violent Crimes (Incidence & Crime Rate) – 2018.xlsx
Nagaland,2016,violent_crime,302.0,cii_2018,Violent Crimes (Incidence & Crime Rate) – 2018.xlsx
Nagaland,2017,violent_crime,217.0,cii_2018,Violent Crimes (Incidence & Crime Rate) – 2018.xlsx
Nagaland,2018,violent_crime,233.0,cii_2018,Violent Crimes (Incidence & Crime Rate) – 2018.xlsx
Odisha,2016,violent_crime,19092.0,cii_2018,Violent Crimes (Incidence & Crime Rate) – 2018.xlsx
Odisha,2017,violent_crime,19885.0,cii_2018,Violent Crimes (Incidence & Crime Rate) – 2018.xlsx
Odisha,2018,violent_crime,15955.0,cii_2018,Violent Crimes (Incidence & Crime Rate) – 2018.xlsx
Punjab,2016,violent_crime,6909.0,cii_2018,Violent Crimes (Incidence & Crime Rate) – 2018.xlsx
Punjab,2017,violent_crime,5538.0,cii_2018,Violent Crimes (Incidence & Crime Rate) – 2018.xlsx
Punjab,2018,violent_crime,6153.0,cii_2018,Violent Crimes (Incidence & Crime Rate) – 2018.xlsx
Rajasthan,2016,violent_crime,16223.0,cii_2018,Violent Crimes (Incidence & Crime Rate) – 2018.xlsx
Rajasthan,2017,violent_crime,16328.0,cii_2018,Violent Crimes (Incidence & Crime Rate) – 2018.xlsx
Rajasthan,2018,violent_crime,18047.0,cii_2018,Violent Crimes (Incidence & Crime Rate) – 2018.xlsx
Sikkim,2016,violent_crime,215.0,cii_2018,Violent Crimes (Incidence & Crime Rate) – 2018.xlsx
Sikkim,2017,violent_crime,177.0,cii_2018,Violent Crimes (Incidence & Crime Rate) – 2018.xlsx
Sikkim,2018,violent_crime,178.0,cii_2018,Violent Crimes (Incidence & Crime Rate) – 2018.xlsx
Tamil Nadu,2016,violent_crime,10844.0,cii_2018,Violent Crimes (Incidence & Crime Rate) – 2018.xlsx
Tamil Nadu,2017,violent_crime,10358.0,cii_2018,Violent Crimes (Incidence & Crime Rate) – 2018.xlsx
Tamil Nadu,2018,violent_crime,11654.0,cii_2018,Violent Crimes (Incidence & Crime Rate) – 2018.xlsx
Telangana,2016,violent_crime,8004.0,cii_2018,Violent Crimes (Incidence & Crime Rate) – 2018.xlsx
Telangana,2017,violent_crime,7633.0,cii_2018,Violent Crimes (Incidence & Crime Rate) – 2018.xlsx
Telangana,2018,violent_crime,7652.0,cii_2018,Violent Crimes (Incidence & Crime Rate) – 2018.xlsx
Tripura,2016,violent_crime,1646.0,cii_2018,Violent Crimes (Incidence & Crime Rate) – 2018.xlsx
Tripura,2017,violent_crime,1589.0,cii_2018,Violent Crimes (Incidence & Crime Rate) – 2018.xlsx
Tripura,2018,violent_crime,2456.0,cii_2018,Violent Crimes (Incidence & Crime Rate) – 2018.xlsx
Uttar Pradesh,2016,violent_crime,65090.0,cii_2018,Violent Crimes (Incidence & Crime Rate) – 2018.xlsx
Uttar Pradesh,2017,violent_crime,64450.0,cii_2018,Violent Crimes (Incidence & Crime Rate) – 2018.xlsx
Uttar Pradesh,2018,violent_crime,65155.0,cii_2018,Violent Crimes (Incidence & Crime Rate) – 2018.xlsx
Uttarakhand,2016,violent_crime,2330.0,cii_2018,Violent Crimes (Incidence & Crime Rate) – 2018.xlsx
Uttarakhand,2017,violent_crime,2740.0,cii_2018,Violent Crimes (Incidence & Crime Rate) – 2018.xlsx
Uttarakhand,2018,violent_crime,3137.0,cii_2018,Violent Crimes (Incidence & Crime Rate) – 2018.xlsx
West Bengal,2016,violent_crime,46723.0,cii_2018,Violent Crimes (Incidence & Crime Rate) – 2018.xlsx
West Bengal,2017,violent_crime,48609.0,cii_2018,Violent Crimes (Incidence & Crime Rate) – 2018.xlsx
West Bengal,2018,violent_crime,44446.0,cii_2018,Violent Crimes (Incidence & Crime Rate) – 2018.xlsx
Andaman & Nicobar Islands,2016,violent_crime,137.0,cii_2018,Violent Crimes (Incidence & Crime Rate) – 2018.xlsx
Andaman & Nicobar Islands,2017,violent_crime,114.0,cii_2018,Violent Crimes (Incidence & Crime Rate) – 2018.xlsx
Andaman & Nicobar Islands,2018,violent_crime,143.0,cii_2018,Violent Crimes (Incidence & Crime Rate) – 2018.xlsx
Chandigarh,2016,violent_crime,481.0,cii_2018,Violent Crimes (Incidence & Crime Rate) – 2018.xlsx
Chandigarh,2017,violent_crime,480.0,cii_2018,Violent Crimes (Incidence & Crime Rate) – 2018.xlsx
Chandigarh,2018,violent_crime,537.0,cii_2018,Violent Crimes (Incidence & Crime Rate) – 2018.xlsx
Dadra & Nagar Haveli,2016,violent_crime,59.0,cii_2018,Violent Crimes (Incidence & Crime Rate) – 2018.xlsx
Dadra & Nagar Haveli,2017,violent_crime,53.0,cii_2018,Violent Crimes (Incidence & Crime Rate) – 2018.xlsx
Dadra & Nagar Haveli,2018,violent_crime,45.0,cii_2018,Violent Crimes (Incidence & Crime Rate) – 2018.xlsx
Daman & Diu,2016,violent_crime,67.0,cii_2018,Violent Crimes (Incidence & Crime Rate) – 2018.xlsx
Daman & Diu,2017,violent_crime,48.0,cii_2018,Violent Crimes (Incidence & Crime Rate) – 2018.xlsx
Daman & Diu,2018,violent_crime,62.0,cii_2018,Violent Crimes (Incidence & Crime Rate) – 2018.xlsx
Delhi,2016,violent_crime,16648.0,cii_2018,Violent Crimes (Incidence & Crime Rate) – 2018.xlsx
Delhi,2017,violent_crime,13388.0,cii_2018,Violent Crimes (Incidence & Crime Rate) – 2018.xlsx
Delhi,2018,violent_crime,12445.0,cii_2018,Violent Crimes (Incidence & Crime Rate) – 2018.xlsx
Lakshadweep,2016,violent_crime,11.0,cii_2018,Violent Crimes (Incidence & Crime Rate) – 2018.xlsx
Lakshadweep,2017,violent_crime,8.0,cii_2018,Violent Crimes (Incidence & Crime Rate) – 2018.xlsx
Lakshadweep,2018,violent_crime,6.0,cii_2018,Violent Crimes (Incidence & Crime Rate) – 2018.xlsx
Puducherry,2016,violent_crime,187.0,cii_2018,Violent Crimes (Incidence & Crime Rate) – 2018.xlsx
Puducherry,2017,violent_crime,205.0,cii_2018,Violent Crimes (Incidence & Crime Rate) – 2018.xlsx
Puducherry,2018,violent_crime,197.0,cii_2018,Violent Crimes (Incidence & Crime Rate) – 2018.xlsx
Andhra Pradesh,2019,crime_against_children,2524.0,cii_2021,Crime against Children (IPC+SLL) - 2019-2021.xlsx
Andhra Pradesh,2020,crime_against_children,2648.0,cii_2021,Crime against Children (IPC+SLL) - 2019-2021.xlsx
Andhra Pradesh,2021,crime_against_children,2669.0,cii_2021,Crime against Children (IPC+SLL) - 2019-2021.xlsx
Arunachal Pradesh,2019,crime_against_children,153.0,cii_2021,Crime against Children (IPC+SLL) - 2019-2021.xlsx
Arunachal Pradesh,2020,crime_against_children,113.0,cii_2021,Crime against Children (IPC+SLL) - 2019-2021.xlsx
Arunachal Pradesh,2021,crime_against_children,162.0,cii_2021,Crime against Children (IPC+SLL) - 2019-2021.xlsx
Assam,2019,crime_against_children,6608.0,cii_2021,Crime against Children (IPC+SLL) - 2019-2021.xlsx
Assam,2020,crime_against_children,4622.0,cii_2021,Crime against Children (IPC+SLL) - 2019-2021.xlsx
Assam,2021,crime_against_children,5282.0,cii_2021,Crime against Children (IPC+SLL) - 2019-2021.xlsx
Bihar,2019,crime_against_children,9320.0,cii_2021,Crime against Children (IPC+SLL) - 2019-2021.xlsx
Bihar,2020,crime_against_children,6591.0,cii_2021,Crime against Children (IPC+SLL) - 2019-2021.xlsx
Bihar,2021,crime_against_children,6894.0,cii_2021,Crime against Children (IPC+SLL) - 2019-2021.xlsx
Chhattisgarh,2019,crime_against_children,5665.0,cii_2021,Crime against Children (IPC+SLL) - 2019-2021.xlsx
Chhattisgarh,2020,crime_against_children,5056.0,cii_2021,Crime against Children (IPC+SLL) - 2019-2021.xlsx
Chhattisgarh,2021,crime_against_children,6001.0,cii_2021,Crime against Children (IPC+SLL) - 2019-2021.xlsx
Goa,2019,crime_against_children,167.0,cii_2021,Crime against Children (IPC+SLL) - 2019-2021.xlsx
Goa,2020,crime_against_children,125.0,cii_2021,Crime against Children (IPC+SLL) - 2019-2021.xlsx
Goa,2021,crime_against_children,151.0,cii_2021,Crime against Children (IPC+SLL) - 2019-2021.xlsx
Gujarat,2019,crime_against_children,4685.0,cii_2021,Crime against Children (IPC+SLL) - 2019-2021.xlsx
Gujarat,2020,crime_against_children,4075.0,cii_2021,Crime against Children (IPC+SLL) - 2019-2021.xlsx
Gujarat,2021,crime_against_children,4515.0,cii_2021,Crime against Children (IPC+SLL) - 2019-2021.xlsx
Haryana,2019,crime_against_children,5119.0,cii_2021,Crime against Children (IPC+SLL) - 2019-2021.xlsx
Haryana,2020,crime_against_children,4338.0,cii_2021,Crime against Children (IPC+SLL) - 2019-2021.xlsx
Haryana,2021,crime_against_children,5700.0,cii_2021,Crime against Children (IPC+SLL) - 2019-2021.xlsx
Himachal Pradesh,2019,crime_against_children,748.0,cii_2021,Crime against Children (IPC+SLL) - 2019-2021.xlsx
Himachal Pradesh,2020,crime_against_children,636.0,cii_2021,Crime against Children (IPC+SLL) - 2019-2021.xlsx
Himachal Pradesh,2021,crime_against_children,740.0,cii_2021,Crime against Children (IPC+SLL) - 2019-2021.xlsx
Jharkhand,2019,crime_against_children,1674.0,cii_2021,Crime against Children (IPC+SLL) - 2019-2021.xlsx
Jharkhand,2020,crime_against_children,1795.0,cii_2021,Crime against Children (IPC+SLL) - 2019-2021.xlsx
Jharkhand,2021,crime_against_children,1867.0,cii_2021,Crime against Children (IPC+SLL) - 2019-2021.xlsx
Karnataka,2019,crime_against_children,6305.0,cii_2021,Crime against Children (IPC+SLL) - 2019-2021.xlsx
Karnataka,2020,crime_against_children,5471.0,cii_2021,Crime against Children (IPC+SLL) - 2019-2021.xlsx
Karnataka,2021,crime_against_children,7261.0,cii_2021,Crime against Children (IPC+SLL) - 2019-2021.xlsx
Kerala,2019,crime_against_children,4754.0,cii_2021,Crime against Children (IPC+SLL) - 2019-2021.xlsx
Kerala,2020,crime_against_children,3941.0,cii_2021,Crime against Children (IPC+SLL) - 2019-2021.xlsx
Kerala,2021,crime_against_children,4536.0,cii_2021,Crime against Children (IPC+SLL) - 2019-2021.xlsx
Madhya Pradesh,2019,crime_against_children,19028.0,cii_2021,Crime against Children (IPC+SLL) - 2019-2021.xlsx
Madhya Pradesh,2020,crime_against_children,17008.0,cii_2021,Crime against Children (IPC+SLL) - 2019-2021.xlsx
Madhya Pradesh,2021,crime_against_children,19173.0,cii_2021,Crime against Children (IPC+SLL) - 2019-2021.xlsx
Maharashtra,2019,crime_against_children,19592.0,cii_2021,Crime against Children (IPC+SLL) - 2019-2021.xlsx
Maharashtra,2020,crime_against_children,14371.0,cii_2021,Crime against Children (IPC+SLL) - 2019-2021.xlsx
Maharashtra,2021,crime_against_children,17261.0,cii_2021,Crime against Children (IPC+SLL) - 2019-2021.xlsx
Manipur,2019,crime_against_children,148.0,cii_2021,Crime against Children (IPC+SLL) - 2019-2021.xlsx
Manipur,2020,crime_against_children,125.0,cii_2021,Crime against Children (IPC+SLL) - 2019-2021.xlsx
Manipur,2021,crime_against_children,143.0,cii_2021,Crime against Children (IPC+SLL) - 2019-2021.xlsx
Meghalaya,2019,crime_against_children,379.0,cii_2021,Crime against Children (IPC+SLL) - 2019-2021.xlsx
Meghalaya,2020,crime_against_children,415.0,cii_2021,Crime against Children (IPC+SLL) - 2019-2021.xlsx
Meghalaya,2021,crime_against_children,481.0,cii_2021,Crime against Children (IPC+SLL) - 2019-2021.xlsx
Mizoram,2019,crime_against_children,125.0,cii_2021,Crime against Children (IPC+SLL) - 2019-2021.xlsx
Mizoram,2020,crime_against_children,142.0,cii_2021,Crime against Children (IPC+SLL) - 2019-2021.xlsx
Mizoram,2021,crime_against_children,122.0,cii_2021,Crime against Children (IPC+SLL) - 2019-2021.xlsx
Nagaland,2019,crime_against_children,59.0,cii_2021,Crime against Children (IPC+SLL) - 2019-2021.xlsx
Nagaland,2020,crime_against_children,31.0,cii_2021,Crime against Children (IPC+SLL) - 2019-2021.xlsx
Nagaland,2021,crime_against_children,51.0,cii_2021,Crime against Children (IPC+SLL) - 2019-2021.xlsx
Odisha,2019,crime_against_children,7012.0,cii_2021,Crime against Children (IPC+SLL) - 2019-2021.xlsx
Odisha,2020,crime_against_children,6330.0,cii_2021,Crime against Children (IPC+SLL) - 2019-2021.xlsx
Odisha,2021,crime_against_children,7899.0,cii_2021,Crime against Children (IPC+SLL) - 2019-2021.xlsx
Punjab,2019,crime_against_children,2625.0,cii_2021,Crime against Children (IPC+SLL) - 2019-2021.xlsx
Punjab,2020,crime_against_children,2121.0,cii_2021,Crime against Children (IPC+SLL) - 2019-2021.xlsx
Punjab,2021,crime_against_children,2556.0,cii_2021,Crime against Children (IPC+SLL) - 2019-2021.xlsx
Rajasthan,2019,crime_against_children,7385.0,cii_2021,Crime against Children (IPC+SLL) - 2019-2021.xlsx
Rajasthan,2020,crime_against_children,6580.0,cii_2021,Crime against Children (IPC+SLL) - 2019-2021.xlsx
Rajasthan,2021,crime_against_children,7653.0,cii_2021,Crime against Children (IPC+SLL) - 2019-2021.xlsx
Sikkim,2019,crime_against_children,163.0,cii_2021,Crime against Children (IPC+SLL) - 2019-2021.xlsx
Sikkim,2020,crime_against_children,147.0,cii_2021,Crime against Children (IPC+SLL) - 2019-2021.xlsx
Sikkim,2021,crime_against_children,149.0,cii_2021,Crime against Children (IPC+SLL) - 2019-2021.xlsx
Tamil Nadu,2019,crime_against_children,4139.0,cii_2021,Crime against Children (IPC+SLL) - 2019-2021.xlsx
Tamil Nadu,2020,crime_against_children,4338.0,cii_2021,Crime against Children (IPC+SLL) - 2019-2021.xlsx
Tamil Nadu,2021,crime_against_children,6064.0,cii_2021,Crime against Children (IPC+SLL) - 2019-2021.xlsx
Telangana,2019,crime_against_children,4212.0,cii_2021,Crime against Children (IPC+SLL) - 2019-2021.xlsx
Telangana,2020,crime_against_children,4200.0,cii_2021,Crime against Children (IPC+SLL) - 2019-2021.xlsx
Telangana,2021,crime_against_children,5667.0,cii_2021,Crime against Children (IPC+SLL) - 2019-2021.xlsx
Tripura,2019,crime_against_children,311.0,cii_2021,Crime against Children (IPC+SLL) - 2019-2021.xlsx
Tripura,2020,crime_against_children,260.0,cii_2021,Crime against Children (IPC+SLL) - 2019-2021.xlsx
Tripura,2021,crime_against_children,236.0,cii_2021,Crime against Children (IPC+SLL) - 2019-2021.xlsx
Uttar Pradesh,2019,crime_against_children,18943.0,cii_2021,Crime against Children (IPC+SLL) - 2019-2021.xlsx
Uttar Pradesh,2020,crime_against_children,15271.0,cii_2021,Crime against Children (IPC+SLL) - 2019-2021.xlsx
Uttar Pradesh,2021,crime_against_children,16838.0,cii_2021,Crime against Children (IPC+SLL) - 2019-2021.xlsx
Uttarakhand,2019,crime_against_children,1214.0,cii_2021,Crime against Children (IPC+SLL) - 2019-2021.xlsx
Uttarakhand,2020,crime_against_children,1066.0,cii_2021,Crime against Children (IPC+SLL) - 2019-2021.xlsx
Uttarakhand,2021,crime_against_children,1245.0,cii_2021,Crime against Children (IPC+SLL) - 2019-2021.xlsx
West Bengal,2019,crime_against_children,6191.0,cii_2021,Crime against Children (IPC+SLL) - 2019-2021.xlsx
West Bengal,2020,crime_against_children,10248.0,cii_2021,Crime against Children (IPC+SLL) - 2019-2021.xlsx
West Bengal,2021,crime_against_children,9523.0,cii_2021,Crime against Children (IPC+SLL) - 2019-2021.xlsx
Andaman & Nicobar Islands,2019,crime_against_children,153.0,cii_2021,Crime against Children (IPC+SLL) - 2019-2021.xlsx
Andaman & Nicobar Islands,2020,crime_against_children,141.0,cii_2021,Crime against Children (IPC+SLL) - 2019-2021.xlsx
Andaman & Nicobar Islands,2021,crime_against_children,124.0,cii_2021,Crime against Children (IPC+SLL) - 2019-2021.xlsx
Chandigarh,2019,crime_against_children,264.0,cii_2021,Crime against Children (IPC+SLL) - 2019-2021.xlsx
Chandigarh,2020,crime_against_children,209.0,cii_2021,Crime against Children (IPC+SLL) - 2019-2021.xlsx
Chandigarh,2021,crime_against_children,234.0,cii_2021,Crime against Children (IPC+SLL) - 2019-2021.xlsx
DNH & Daman & Diu,2019,crime_against_children,96.0,cii_2021,Crime against Children (IPC+SLL) - 2019-2021.xlsx
DNH & Daman & Diu,2020,crime_against_children,67.0,cii_2021,Crime against Children (IPC+SLL) - 2019-2021.xlsx
DNH & Daman & Diu,2021,crime_against_children,104.0,cii_2021,Crime against Children (IPC+SLL) - 2019-2021.xlsx
Delhi,2019,crime_against_children,7783.0,cii_2021,Crime against Children (IPC+SLL) - 2019-2021.xlsx
Delhi,2020,crime_against_children,5362.0,cii_2021,Crime against Children (IPC+SLL) - 2019-2021.xlsx
Delhi,2021,crime_against_children,7118.0,cii_2021,Crime against Children (IPC+SLL) - 2019-2021.xlsx
Jammu & Kashmir,2019,crime_against_children,470.0,cii_2021,Crime against Children (IPC+SLL) - 2019-2021.xlsx
Jammu & Kashmir,2020,crime_against_children,606.0,cii_2021,Crime against Children (IPC+SLL) - 2019-2021.xlsx
Jammu & Kashmir,2021,crime_against_children,845.0,cii_2021,Crime against Children (IPC+SLL) - 2019-2021.xlsx
Ladakh,2019,crime_against_children,,cii_2021,Crime against Children (IPC+SLL) - 2019-2021.xlsx
Ladakh,2020,crime_against_children,2.0,cii_2021,Crime against Children (IPC+SLL) - 2019-2021.xlsx
Ladakh,2021,crime_against_children,1.0,cii_2021,Crime against Children (IPC+SLL) - 2019-2021.xlsx
Lakshadweep,2019,crime_against_children,26.0,cii_2021,Crime against Children (IPC+SLL) - 2019-2021.xlsx
Lakshadweep,2020,crime_against_children,9.0,cii_2021,Crime against Children (IPC+SLL) - 2019-2021.xlsx
Lakshadweep,2021,crime_against_children,17.0,cii_2021,Crime against Children (IPC+SLL) - 2019-2021.xlsx
Puducherry,2019,crime_against_children,50.0,cii_2021,Crime against Children (IPC+SLL) - 2019-2021.xlsx
Puducherry,2020,crime_against_children,71.0,cii_2021,Crime against Children (IPC+SLL) - 2019-2021.xlsx
Puducherry,2021,crime_against_children,122.0,cii_2021,Crime against Children (IPC+SLL) - 2019-2021.xlsx
Andhra Pradesh,2019,crime_against_women,17746.0,cii_2021,Crime against Women (IPC+SLL) - 2019-2021.xlsx
Andhra Pradesh,2020,crime_against_women,17089.0,cii_2021,Crime against Women (IPC+SLL) - 2019-2021.xlsx
Andhra Pradesh,2021,crime_against_women,17752.0,cii_2021,Crime against Women (IPC+SLL) - 2019-2021.xlsx
Arunachal Pradesh,2019,crime_against_women,317.0,cii_2021,Crime against Women (IPC+SLL) - 2019-2021.xlsx
Arunachal Pradesh,2020,crime_against_women,281.0,cii_2021,Crime against Women (IPC+SLL) - 2019-2021.xlsx
Arunachal Pradesh,2021,crime_against_women,366.0,cii_2021,Crime against Women (IPC+SLL) - 2019-2021.xlsx
Assam,2019,crime_against_women,30025.0,cii_2021,Crime against Women (IPC+SLL) - 2019-2021.xlsx
Assam,2020,crime_against_women,26352.0,cii_2021,Crime against Women (IPC+SLL) - 2019-2021.xlsx
Assam,2021,crime_against_women,29046.0,cii_2021,Crime against Women (IPC+SLL) - 2019-2021.xlsx
Bihar,2019,crime_against_women,18587.0,cii_2021,Crime against Women (IPC+SLL) - 2019-2021.xlsx
Bihar,2020,crime_against_women,15359.0,cii_2021,Crime against Women (IPC+SLL) - 2019-2021.xlsx
Bihar,2021,crime_against_women,17950.0,cii_2021,Crime against Women (IPC+SLL) - 2019-2021.xlsx
Chhattisgarh,2019,crime_against_women,7689.0,cii_2021,Crime against Women (IPC+SLL) - 2019-2021.xlsx
Chhattisgarh,2020,crime_against_women,7385.0,cii_2021,Crime against Women (IPC+SLL) - 2019-2021.xlsx
Chhattisgarh,2021,crime_against_women,7344.0,cii_2021,Crime against Women (IPC+SLL) - 2019-2021.xlsx
Goa,2019,crime_against_women,329.0,cii_2021,Crime against Women (IPC+SLL) - 2019-2021.xlsx
Goa,2020,crime_against_women,219.0,cii_2021,Crime against Women (IPC+SLL) - 2019-2021.xlsx
Goa,2021,crime_against_women,224.0,cii_2021,Crime against Women (IPC+SLL) - 2019-2021.xlsx
Gujarat,2019,crime_against_women,8799.0,cii_2021,Crime against Women (IPC+SLL) - 2019-2021.xlsx
Gujarat,2020,crime_against_women,8028.0,cii_2021,Crime against Women (IPC+SLL) - 2019-2021.xlsx
Gujarat,2021,crime_against_women,7348.0,cii_2021,Crime against Women (IPC+SLL) - 2019-2021.xlsx
Haryana,2019,crime_against_women,14683.0,cii_2021,Crime against Women (IPC+SLL) - 2019-2021.xlsx
Haryana,2020,crime_against_women,13000.0,cii_2021,Crime against Women (IPC+SLL) - 2019-2021.xlsx
Haryana,2021,crime_against_women,16658.0,cii_2021,Crime against Women (IPC+SLL) - 2019-2021.xlsx
Himachal Pradesh,2019,crime_against_women,1636.0,cii_2021,Crime against Women (IPC+SLL) - 2019-2021.xlsx
Himachal Pradesh,2020,crime_against_women,1614.0,cii_2021,Crime against Women (IPC+SLL) - 2019-2021.xlsx
Himachal Pradesh,2021,crime_against_women,1599.0,cii_2021,Crime against Women (IPC+SLL) - 2019-2021.xlsx
Jharkhand,2019,crime_against_women,8760.0,cii_2021,Crime against Women (IPC+SLL) - 2019-2021.xlsx
Jharkhand,2020,crime_against_women,7630.0,cii_2021,Crime against Women (IPC+SLL) - 2019-2021.xlsx
Jharkhand,2021,crime_against_women,8110.0,cii_2021,Crime against Women (IPC+SLL) - 2019-2021.xlsx
Karnataka,2019,crime_against_women,13828.0,cii_2021,Crime against Women (IPC+SLL) - 2019-2021.xlsx
Karnataka,2020,crime_against_women,12680.0,cii_2021,Crime against Women (IPC+SLL) - 2019-2021.xlsx
Karnataka,2021,crime_against_women,14468.0,cii_2021,Crime against Women (IPC+SLL) - 2019-2021.xlsx
Kerala,2019,crime_against_women,11462.0,cii_2021,Crime against Women (IPC+SLL) - 2019-2021.xlsx
Kerala,2020,crime_against_women,10139.0,cii_2021,Crime against Women (IPC+SLL) - 2019-2021.xlsx
Kerala,2021,crime_against_women,13539.0,cii_2021,Crime against Women (IPC+SLL) - 2019-2021.xlsx
Madhya Pradesh,2019,crime_against_women,27560.0,cii_2021,Crime against Women (IPC+SLL) - 2019-2021.xlsx
Madhya Pradesh,2020,crime_against_women,25640.0,cii_2021,Crime against Women (IPC+SLL) - 2019-2021.xlsx
Madhya Pradesh,2021,crime_against_women,30673.0,cii_2021,Crime against Women (IPC+SLL) - 2019-2021.xlsx
Maharashtra,2019,crime_against_women,37144.0,cii_2021,Crime against Women (IPC+SLL) - 2019-2021.xlsx
Maharashtra,2020,crime_against_women,31954.0,cii_2021,Crime against Women (IPC+SLL) - 2019-2021.xlsx
Maharashtra,2021,crime_against_women,39526.0,cii_2021,Crime against Women (IPC+SLL) - 2019-2021.xlsx
Manipur,2019,crime_against_women,266.0,cii_2021,Crime against Women (IPC+SLL) - 2019-2021.xlsx
Manipur,2020,crime_against_women,247.0,cii_2021,Crime against Women (IPC+SLL) - 2019-2021.xlsx
Manipur,2021,crime_against_women,302.0,cii_2021,Crime against Women (IPC+SLL) - 2019-2021.xlsx
Meghalaya,2019,crime_against_women,558.0,cii_2021,Crime against Women (IPC+SLL) - 2019-2021.xlsx
Meghalaya,2020,crime_against_women,568.0,cii_2021,Crime against Women (IPC+SLL) - 2019-2021.xlsx
Meghalaya,2021,crime_against_women,685.0,cii_2021,Crime against Women (IPC+SLL) - 2019-2021.xlsx
Mizoram,2019,crime_against_women,170.0,cii_2021,Crime against Women (IPC+SLL) - 2019-2021.xlsx
Mizoram,2020,crime_against_women,172.0,cii_2021,Crime against Women (IPC+SLL) - 2019-2021.xlsx
Mizoram,2021,crime_against_women,176.0,cii_2021,Crime against Women (IPC+SLL) - 2019-2021.xlsx
Nagaland,2019,crime_against_women,43.0,cii_2021,Crime against Women (IPC+SLL) - 2019-2021.xlsx
Nagaland,2020,crime_against_women,39.0,cii_2021,Crime against Women (IPC+SLL) - 2019-2021.xlsx
Nagaland,2021,crime_against_women,54.0,cii_2021,Crime against Women (IPC+SLL) - 2019-2021.xlsx
Odisha,2019,crime_against_women,23183.0,cii_2021,Crime against Women (IPC+SLL) - 2019-2021.xlsx
Odisha,2020,crime_against_women,25489.0,cii_2021,Crime against Women (IPC+SLL) - 2019-2021.xlsx
Odisha,2021,crime_against_women,31352.0,cii_2021,Crime against Women (IPC+SLL) - 2019-2021.xlsx
Punjab,2019,crime_against_women,5886.0,cii_2021,Crime against Women (IPC+SLL) - 2019-2021.xlsx
Punjab,2020,crime_against_women,4838.0,cii_2021,Crime against Women (IPC+SLL) - 2019-2021.xlsx
Punjab,2021,crime_against_women,5662.0,cii_2021,Crime against Women (IPC+SLL) - 2019-2021.xlsx
Rajasthan,2019,crime_against_women,41550.0,cii_2021,Crime against Women (IPC+SLL) - 2019-2021.xlsx
Rajasthan,2020,crime_against_women,34535.0,cii_2021,Crime against Women (IPC+SLL) - 2019-2021.xlsx
Rajasthan,2021,crime_against_women,40738.0,cii_2021,Crime against Women (IPC+SLL) - 2019-2021.xlsx
Sikkim,2019,crime_against_women,125.0,cii_2021,Crime against Women (IPC+SLL) - 2019-2021.xlsx
Sikkim,2020,crime_against_women,140.0,cii_2021,Crime against Women (IPC+SLL) - 2019-2021.xlsx
Sikkim,2021,crime_against_women,130.0,cii_2021,Crime against Women (IPC+SLL) - 2019-2021.xlsx
Tamil Nadu,2019,crime_against_women,5934.0,cii_2021,Crime against Women (IPC+SLL) - 2019-2021.xlsx
Tamil Nadu,2020,crime_against_women,6630.0,cii_2021,Crime against Women (IPC+SLL) - 2019-2021.xlsx
Tamil Nadu,2021,crime_against_women,8501.0,cii_2021,Crime against Women (IPC+SLL) - 2019-2021.xlsx
Telangana,2019,crime_against_women,18394.0,cii_2021,Crime against Women (IPC+SLL) - 2019-2021.xlsx
Telangana,2020,crime_against_women,17791.0,cii_2021,Crime against Women (IPC+SLL) - 2019-2021.xlsx
Telangana,2021,crime_against_women,20865.0,cii_2021,Crime against Women (IPC+SLL) - 2019-2021.xlsx
Tripura,2019,crime_against_women,1070.0,cii_2021,Crime against Women (IPC+SLL) - 2019-2021.xlsx
Tripura,2020,crime_against_women,874.0,cii_2021,Crime against Women (IPC+SLL) - 2019-2021.xlsx
Tripura,2021,crime_against_women,807.0,cii_2021,Crime against Women (IPC+SLL) - 2019-2021.xlsx
Uttar Pradesh,2019,crime_against_women,59853.0,cii_2021,Crime against Women (IPC+SLL) - 2019-2021.xlsx
Uttar Pradesh,2020,crime_against_women,49385.0,cii_2021,Crime against Women (IPC+SLL) - 2019-2021.xlsx
Uttar Pradesh,2021,crime_against_women,56083.0,cii_2021,Crime against Women (IPC+SLL) - 2019-2021.xlsx
Uttarakhand,2019,crime_against_women,2541.0,cii_2021,Crime against Women (IPC+SLL) - 2019-2021.xlsx
Uttarakhand,2020,crime_against_women,2846.0,cii_2021,Crime against Women (IPC+SLL) - 2019-2021.xlsx
Uttarakhand,2021,crime_against_women,3431.0,cii_2021,Crime against Women (IPC+SLL) - 2019-2021.xlsx
West Bengal,2019,crime_against_women,29859.0,cii_2021,Crime against Women (IPC+SLL) - 2019-2021.xlsx
West Bengal,2020,crime_against_women,36439.0,cii_2021,Crime against Women (IPC+SLL) - 2019-2021.xlsx
West Bengal,2021,crime_against_women,35884.0,cii_2021,Crime against Women (IPC+SLL) - 2019-2021.xlsx
Andaman & Nicobar Islands,2019,crime_against_women,135.0,cii_2021,Crime against Women (IPC+SLL) - 2019-2021.xlsx
Andaman & Nicobar Islands,2020,crime_against_women,143.0,cii_2021,Crime against Women (IPC+SLL) - 2019-2021.xlsx
Andaman & Nicobar Islands,2021,crime_against_women,169.0,cii_2021,Crime against Women (IPC+SLL) - 2019-2021.xlsx
Chandigarh,2019,crime_against_women,515.0,cii_2021,Crime against Women (IPC+SLL) - 2019-2021.xlsx
Chandigarh,2020,crime_against_women,301.0,cii_2021,Crime against Women (IPC+SLL) - 2019-2021.xlsx
Chandigarh,2021,crime_against_women,343.0,cii_2021,Crime against Women (IPC+SLL) - 2019-2021.xlsx
DNH & Daman & Diu,2019,crime_against_women,82.0,cii_2021,Crime against Women (IPC+SLL) - 2019-2021.xlsx
DNH & Daman & Diu,2020,crime_against_women,61.0,cii_2021,Crime against Women (IPC+SLL) - 2019-2021.xlsx
DNH & Daman & Diu,2021,crime_against_women,99.0,cii_2021,Crime against Women (IPC+SLL) - 2019-2021.xlsx
Delhi,2019,crime_against_women,13395.0,cii_2021,Crime against Women (IPC+SLL) - 2019-2021.xlsx
Delhi,2020,crime_against_women,10093.0,cii_2021,Crime against Women (IPC+SLL) - 2019-2021.xlsx
Delhi,2021,crime_against_women,14277.0,cii_2021,Crime against Women (IPC+SLL) - 2019-2021.xlsx
Jammu & Kashmir,2019,crime_against_women,3069.0,cii_2021,Crime against Women (IPC+SLL) - 2019-2021.xlsx
Jammu & Kashmir,2020,crime_against_women,3405.0,cii_2021,Crime against Women (IPC+SLL) - 2019-2021.xlsx
Jammu & Kashmir,2021,crime_against_women,3937.0,cii_2021,Crime against Women (IPC+SLL) - 2019-2021.xlsx
Ladakh,2019,crime_against_women,,cii_2021,Crime against Women (IPC+SLL) - 2019-2021.xlsx
Ladakh,2020,crime_against_women,9.0,cii_2021,Crime against Women (IPC+SLL) - 2019-2021.xlsx
Ladakh,2021,crime_against_women,18.0,cii_2021,Crime against Women (IPC+SLL) - 2019-2021.xlsx
Lakshadweep,2019,crime_against_women,38.0,cii_2021,Crime against Women (IPC+SLL) - 2019-2021.xlsx
Lakshadweep,2020,crime_against_women,15.0,cii_2021,Crime against Women (IPC+SLL) - 2019-2021.xlsx
Lakshadweep,2021,crime_against_women,9.0,cii_2021,Crime against Women (IPC+SLL) - 2019-2021.xlsx
Puducherry,2019,crime_against_women,95.0,cii_2021,Crime against Women (IPC+SLL) - 2019-2021.xlsx
Puducherry,2020,crime_against_women,113.0,cii_2021,Crime against Women (IPC+SLL) - 2019-2021.xlsx
Puducherry,2021,crime_against_women,153.0,cii_2021,Crime against Women (IPC+SLL) - 2019-2021.xlsx
Andhra Pradesh,2019,cyber_crime,1886.0,cii_2021,Cyber Crimes (StateUT-wise) - 2019-2021.xlsx
Andhra Pradesh,2020,cyber_crime,1899.0,cii_2021,Cyber Crimes (StateUT-wise) - 2019-2021.xlsx
Andhra Pradesh,2021,cyber_crime,1875.0,cii_2021,Cyber Crimes (StateUT-wise) - 2019-2021.xlsx
Arunachal Pradesh,2019,cyber_crime,8.0,cii_2021,Cyber Crimes (StateUT-wise) - 2019-2021.xlsx
Arunachal Pradesh,2020,cyber_crime,30.0,cii_2021,Cyber Crimes (StateUT-wise) - 2019-2021.xlsx
Arunachal Pradesh,2021,cyber_crime,47.0,cii_2021,Cyber Crimes (StateUT-wise) - 2019-2021.xlsx
Assam,2019,cyber_crime,2231.0,cii_2021,Cyber Crimes (StateUT-wise) - 2019-2021.xlsx
Assam,2020,cyber_crime,3530.0,cii_2021,Cyber Crimes (StateUT-wise) - 2019-2021.xlsx
Assam,2021,cyber_crime,4846.0,cii_2021,Cyber Crimes (StateUT-wise) - 2019-2021.xlsx
Bihar,2019,cyber_crime,1050.0,cii_2021,Cyber Crimes (StateUT-wise) - 2019-2021.xlsx
Bihar,2020,cyber_crime,1512.0,cii_2021,Cyber Crimes (StateUT-wise) - 2019-2021.xlsx
Bihar,2021,cyber_crime,1413.0,cii_2021,Cyber Crimes (StateUT-wise) - 2019-2021.xlsx
Chhattisgarh,2019,cyber_crime,175.0,cii_2021,Cyber Crimes (StateUT-wise) - 2019-2021.xlsx
Chhattisgarh,2020,cyber_crime,297.0,cii_2021,Cyber Crimes (StateUT-wise) - 2019-2021.xlsx
Chhattisgarh,2021,cyber_crime,352.0,cii_2021,Cyber Crimes (StateUT-wise) - 2019-2021.xlsx
Goa,2019,cyber_crime,15.0,cii_2021,Cyber Crimes (StateUT-wise) - 2019-2021.xlsx
Goa,2020,cyber_crime,40.0,cii_2021,Cyber Crimes (StateUT-wise) - 2019-2021.xlsx
Goa,2021,cyber_crime,36.0,cii_2021,Cyber Crimes (StateUT-wise) - 2019-2021.xlsx
Gujarat,2019,cyber_crime,784.0,cii_2021,Cyber Crimes (StateUT-wise) - 2019-2021.xlsx
Gujarat,2020,cyber_crime,1283.0,cii_2021,Cyber Crimes (StateUT-wise) - 2019-2021.xlsx
Gujarat,2021,cyber_crime,1536.0,cii_2021,Cyber Crimes (StateUT-wise) - 2019-2021.xlsx
Haryana,2019,cyber_crime,564.0,cii_2021,Cyber Crimes (StateUT-wise) - 2019-2021.xlsx
Haryana,2020,cyber_crime,656.0,cii_2021,Cyber Crimes (StateUT-wise) - 2019-2021.xlsx
Haryana,2021,cyber_crime,622.0,cii_2021,Cyber Crimes (StateUT-wise) - 2019-2021.xlsx
Himachal Pradesh,2019,cyber_crime,76.0,cii_2021,Cyber Crimes (StateUT-wise) - 2019-2021.xlsx
Himachal Pradesh,2020,cyber_crime,98.0,cii_2021,Cyber Crimes (StateUT-wise) - 2019-2021.xlsx
Himachal Pradesh,2021,cyber_crime,70.0,cii_2021,Cyber Crimes (StateUT-wise) - 2019-2021.xlsx
Jharkhand,2019,cyber_crime,1095.0,cii_2021,Cyber Crimes (StateUT-wise) - 2019-2021.xlsx
Jharkhand,2020,cyber_crime,1204.0,cii_2021,Cyber Crimes (StateUT-wise) - 2019-2021.xlsx
Jharkhand,2021,cyber_crime,953.0,cii_2021,Cyber Crimes (StateUT-wise) - 2019-2021.xlsx
Karnataka,2019,cyber_crime,12020.0,cii_2021,Cyber Crimes (StateUT-wise) - 2019-2021.xlsx
Karnataka,2020,cyber_crime,10741.0,cii_2021,Cyber Crimes (StateUT-wise) - 2019-2021.xlsx
Karnataka,2021,cyber_crime,8136.0,cii_2021,Cyber Crimes (StateUT-wise) - 2019-2021.xlsx
Kerala,2019,cyber_crime,307.0,cii_2021,Cyber Crimes (StateUT-wise) - 2019-2021.xlsx
Kerala,2020,cyber_crime,426.0,cii_2021,Cyber Crimes (StateUT-wise) - 2019-2021.xlsx
Kerala,2021,cyber_crime,626.0,cii_2021,Cyber Crimes (StateUT-wise) - 2019-2021.xlsx
Madhya Pradesh,2019,cyber_crime,602.0,cii_2021,Cyber Crimes (StateUT-wise) - 2019-2021.xlsx
Madhya Pradesh,2020,cyber_crime,699.0,cii_2021,Cyber Crimes (StateUT-wise) - 2019-2021.xlsx
Madhya Pradesh,2021,cyber_crime,589.0,cii_2021,Cyber Crimes (StateUT-wise) - 2019-2021.xlsx
Maharashtra,2019,cyber_crime,4967.0,cii_2021,Cyber Crimes (StateUT-wise) - 2019-2021.xlsx
Maharashtra,2020,cyber_crime,5496.0,cii_2021,Cyber Crimes (StateUT-wise) - 2019-2021.xlsx
Maharashtra,2021,cyber_crime,5562.0,cii_2021,Cyber Crimes (StateUT-wise) - 2019-2021.xlsx
Manipur,2019,cyber_crime,4.0,cii_2021,Cyber Crimes (StateUT-wise) - 2019-2021.xlsx
Manipur,2020,cyber_crime,79.0,cii_2021,Cyber Crimes (StateUT-wise) - 2019-2021.xlsx
Manipur,2021,cyber_crime,67.0,cii_2021,Cyber Crimes (StateUT-wise) - 2019-2021.xlsx
Meghalaya,2019,cyber_crime,89.0,cii_2021,Cyber Crimes (StateUT-wise) - 2019-2021.xlsx
Meghalaya,2020,cyber_crime,142.0,cii_2021,Cyber Crimes (StateUT-wise) - 2019-2021.xlsx
Meghalaya,2021,cyber_crime,107.0,cii_2021,Cyber Crimes (StateUT-wise) - 2019-2021.xlsx
Mizoram,2019,cyber_crime,8.0,cii_2021,Cyber Crimes (StateUT-wise) - 2019-2021.xlsx
Mizoram,2020,cyber_crime,13.0,cii_2021,Cyber Crimes (StateUT-wise) - 2019-2021.xlsx
Mizoram,2021,cyber_crime,30.0,cii_2021,Cyber Crimes (StateUT-wise) - 2019-2021.xlsx
Nagaland,2019,cyber_crime,2.0,cii_2021,Cyber Crimes (StateUT-wise) - 2019-2021.xlsx
Nagaland,2020,cyber_crime,8.0,cii_2021,Cyber Crimes (StateUT-wise) - 2019-2021.xlsx
Nagaland,2021,cyber_crime,8.0,cii_2021,Cyber Crimes (StateUT-wise) - 2019-2021.xlsx
Odisha,2019,cyber_crime,1485.0,cii_2021,Cyber Crimes (StateUT-wise) - 2019-2021.xlsx
Odisha,2020,cyber_crime,1931.0,cii_2021,Cyber Crimes (StateUT-wise) - 2019-2021.xlsx
Odisha,2021,cyber_crime,2037.0,cii_2021,Cyber Crimes (StateUT-wise) - 2019-2021.xlsx
Punjab,2019,cyber_crime,243.0,cii_2021,Cyber Crimes (StateUT-wise) - 2019-2021.xlsx
Punjab,2020,cyber_crime,378.0,cii_2021,Cyber Crimes (StateUT-wise) - 2019-2021.xlsx
Punjab,2021,cyber_crime,551.0,cii_2021,Cyber Crimes (StateUT-wise) - 2019-2021.xlsx
Rajasthan,2019,cyber_crime,1762.0,cii_2021,Cyber Crimes (StateUT-wise) - 2019-2021.xlsx
Rajasthan,2020,cyber_crime,1354.0,cii_2021,Cyber Crimes (StateUT-wise) - 2019-2021.xlsx
Rajasthan,2021,cyber_crime,1504.0,cii_2021,Cyber Crimes (StateUT-wise) - 2019-2021.xlsx
Sikkim,2019,cyber_crime,2.0,cii_2021,Cyber Crimes (StateUT-wise) - 2019-2021.xlsx
Sikkim,2020,cyber_crime,0.0,cii_2021,Cyber Crimes (StateUT-wise) - 2019-2021.xlsx
Sikkim,2021,cyber_crime,0.0,cii_2021,Cyber Crimes (StateUT-wise) - 2019-2021.xlsx
Tamil Nadu,2019,cyber_crime,385.0,cii_2021,Cyber Crimes (StateUT-wise) - 2019-2021.xlsx
Tamil Nadu,2020,cyber_crime,782.0,cii_2021,Cyber Crimes (StateUT-wise) - 2019-2021.xlsx
Tamil Nadu,2021,cyber_crime,1076.0,cii_2021,Cyber Crimes (StateUT-wise) - 2019-2021.xlsx
Telangana,2019,cyber_crime,2691.0,cii_2021,Cyber Crimes (StateUT-wise) - 2019-2021.xlsx
Telangana,2020,cyber_crime,5024.0,cii_2021,Cyber Crimes (StateUT-wise) - 2019-2021.xlsx
Telangana,2021,cyber_crime,10303.0,cii_2021,Cyber Crimes (StateUT-wise) - 2019-2021.xlsx
Tripura,2019,cyber_crime,20.0,cii_2021,Cyber Crimes (StateUT-wise) - 2019-2021.xlsx
Tripura,2020,cyber_crime,34.0,cii_2021,Cyber Crimes (StateUT-wise) - 2019-2021.xlsx
Tripura,2021,cyber_crime,24.0,cii_2021,Cyber Crimes (StateUT-wise) - 2019-2021.xlsx
Uttar Pradesh,2019,cyber_crime,11416.0,cii_2021,Cyber Crimes (StateUT-wise) - 2019-2021.xlsx
Uttar Pradesh,2020,cyber_crime,11097.0,cii_2021,Cyber Crimes (StateUT-wise) - 2019-2021.xlsx
Uttar Pradesh,2021,cyber_crime,8829.0,cii_2021,Cyber Crimes (StateUT-wise) - 2019-2021.xlsx
Uttarakhand,2019,cyber_crime,100.0,cii_2021,Cyber Crimes (StateUT-wise) - 2019-2021.xlsx
Uttarakhand,2020,cyber_crime,243.0,cii_2021,Cyber Crimes (StateUT-wise) - 2019-2021.xlsx
Uttarakhand,2021,cyber_crime,718.0,cii_2021,Cyber Crimes (StateUT-wise) - 2019-2021.xlsx
West Bengal,2019,cyber_crime,524.0,cii_2021,Cyber Crimes (StateUT-wise) - 2019-2021.xlsx
West Bengal,2020,cyber_crime,712.0,cii_2021,Cyber Crimes (StateUT-wise) - 2019-2021.xlsx
West Bengal,2021,cyber_crime,513.0,cii_2021,Cyber Crimes (StateUT-wise) - 2019-2021.xlsx
Andaman & Nicobar Islands,2019,cyber_crime,2.0,cii_2021,Cyber Crimes (StateUT-wise) - 2019-2021.xlsx
Andaman & Nicobar Islands,2020,cyber_crime,5.0,cii_2021,Cyber Crimes (StateUT-wise) - 2019-2021.xlsx
Andaman & Nicobar Islands,2021,cyber_crime,8.0,cii_2021,Cyber Crimes (StateUT-wise) - 2019-2021.xlsx
Chandigarh,2019,cyber_crime,23.0,cii_2021,Cyber Crimes (StateUT-wise) - 2019-2021.xlsx
Chandigarh,2020,cyber_crime,17.0,cii_2021,Cyber Crimes (StateUT-wise) - 2019-2021.xlsx
Chandigarh,2021,cyber_crime,15.0,cii_2021,Cyber Crimes (StateUT-wise) - 2019-2021.xlsx
DNH & Daman & Diu,2019,cyber_crime,3.0,cii_2021,Cyber Crimes (StateUT-wise) - 2019-2021.xlsx
DNH & Daman & Diu,2020,cyber_crime,3.0,cii_2021,Cyber Crimes (StateUT-wise) - 2019-2021.xlsx
DNH & Daman & Diu,2021,cyber_crime,5.0,cii_2021,Cyber Crimes (StateUT-wise) - 2019-2021.xlsx
Delhi,2019,cyber_crime,115.0,cii_2021,Cyber Crimes (StateUT-wise) - 2019-2021.xlsx
Delhi,2020,cyber_crime,168.0,cii_2021,Cyber Crimes (StateUT-wise) - 2019-2021.xlsx
Delhi,2021,cyber_crime,356.0,cii_2021,Cyber Crimes (StateUT-wise) - 2019-2021.xlsx
Jammu & Kashmir,2019,cyber_crime,73.0,cii_2021,Cyber Crimes (StateUT-wise) - 2019-2021.xlsx
Jammu & Kashmir,2020,cyber_crime,120.0,cii_2021,Cyber Crimes (StateUT-wise) - 2019-2021.xlsx
Jammu & Kashmir,2021,cyber_crime,154.0,cii_2021,Cyber Crimes (StateUT-wise) - 2019-2021.xlsx
Ladakh,2019,cyber_crime,,cii_2021,Cyber Crimes (StateUT-wise) - 2019-2021.xlsx
Ladakh,2020,cyber_crime,1.0,cii_2021,Cyber Crimes (StateUT-wise) - 2019-2021.xlsx
Ladakh,2021,cyber_crime,5.0,cii_2021,Cyber Crimes (StateUT-wise) - 2019-2021.xlsx
Lakshadweep,2019,cyber_crime,4.0,cii_2021,Cyber Crimes (StateUT-wise) - 2019-2021.xlsx
Lakshadweep,2020,cyber_crime,3.0,cii_2021,Cyber Crimes (StateUT-wise) - 2019-2021.xlsx
Lakshadweep,2021,cyber_crime,1.0,cii_2021,Cyber Crimes (StateUT-wise) - 2019-2021.xlsx
Puducherry,2019,cyber_crime,4.0,cii_2021,Cyber Crimes (StateUT-wise) - 2019-2021.xlsx
Puducherry,2020,cyber_crime,10.0,cii_2021,Cyber Crimes (StateUT-wise) - 2019-2021.xlsx
Puducherry,2021,cyber_crime,0.0,cii_2021,Cyber Crimes (StateUT-wise) - 2019-2021.xlsx
Andhra Pradesh,2019,ipc_bns_crime,119229.0,cii_2021,IPC Crimes (StateUT-wise) - 2019-2021.xlsx
Andhra Pradesh,2020,ipc_bns_crime,188997.0,cii_2021,IPC Crimes (StateUT-wise) - 2019-2021.xlsx
Andhra Pradesh,2021,ipc_bns_crime,179611.0,cii_2021,IPC Crimes (StateUT-wise) - 2019-2021.xlsx
Arunachal Pradesh,2019,ipc_bns_crime,2590.0,cii_2021,IPC Crimes (StateUT-wise) - 2019-2021.xlsx
Arunachal Pradesh,2020,ipc_bns_crime,2244.0,cii_2021,IPC Crimes (StateUT-wise) - 2019-2021.xlsx
Arunachal Pradesh,2021,ipc_bns_crime,2626.0,cii_2021,IPC Crimes (StateUT-wise) - 2019-2021.xlsx
Assam,2019,ipc_bns_crime,123512.0,cii_2021,IPC Crimes (StateUT-wise) - 2019-2021.xlsx
Assam,2020,ipc_bns_crime,111558.0,cii_2021,IPC Crimes (StateUT-wise) - 2019-2021.xlsx
Assam,2021,ipc_bns_crime,119883.0,cii_2021,IPC Crimes (StateUT-wise) - 2019-2021.xlsx
Bihar,2019,ipc_bns_crime,197935.0,cii_2021,IPC Crimes (StateUT-wise) - 2019-2021.xlsx
Bihar,2020,ipc_bns_crime,194698.0,cii_2021,IPC Crimes (StateUT-wise) - 2019-2021.xlsx
Bihar,2021,ipc_bns_crime,186006.0,cii_2021,IPC Crimes (StateUT-wise) - 2019-2021.xlsx
Chhattisgarh,2019,ipc_bns_crime,61256.0,cii_2021,IPC Crimes (StateUT-wise) - 2019-2021.xlsx
Chhattisgarh,2020,ipc_bns_crime,65216.0,cii_2021,IPC Crimes (StateUT-wise) - 2019-2021.xlsx
Chhattisgarh,2021,ipc_bns_crime,70519.0,cii_2021,IPC Crimes (StateUT-wise) - 2019-2021.xlsx
Goa,2019,ipc_bns_crime,2465.0,cii_2021,IPC Crimes (StateUT-wise) - 2019-2021.xlsx
Goa,2020,ipc_bns_crime,3393.0,cii_2021,IPC Crimes (StateUT-wise) - 2019-2021.xlsx
Goa,2021,ipc_bns_crime,2099.0,cii_2021,IPC Crimes (StateUT-wise) - 2019-2021.xlsx
Gujarat,2019,ipc_bns_crime,139503.0,cii_2021,IPC Crimes (StateUT-wise) - 2019-2021.xlsx
Gujarat,2020,ipc_bns_crime,381849.0,cii_2021,IPC Crimes (StateUT-wise) - 2019-2021.xlsx
Gujarat,2021,ipc_bns_crime,273056.0,cii_2021,IPC Crimes (StateUT-wise) - 2019-2021.xlsx
Haryana,2019,ipc_bns_crime,111323.0,cii_2021,IPC Crimes (StateUT-wise) - 2019-2021.xlsx
Haryana,2020,ipc_bns_crime,103276.0,cii_2021,IPC Crimes (StateUT-wise) - 2019-2021.xlsx
Haryana,2021,ipc_bns_crime,112720.0,cii_2021,IPC Crimes (StateUT-wise) - 2019-2021.xlsx
Himachal Pradesh,2019,ipc_bns_crime,14480.0,cii_2021,IPC Crimes (StateUT-wise) - 2019-2021.xlsx
Himachal Pradesh,2020,ipc_bns_crime,14803.0,cii_2021,IPC Crimes (StateUT-wise) - 2019-2021.xlsx
Himachal Pradesh,2021,ipc_bns_crime,13041.0,cii_2021,IPC Crimes (StateUT-wise) - 2019-2021.xlsx
Jharkhand,2019,ipc_bns_crime,50048.0,cii_2021,IPC Crimes (StateUT-wise) - 2019-2021.xlsx
Jharkhand,2020,ipc_bns_crime,51033.0,cii_2021,IPC Crimes (StateUT-wise) - 2019-2021.xlsx
Jharkhand,2021,ipc_bns_crime,47684.0,cii_2021,IPC Crimes (StateUT-wise) - 2019-2021.xlsx
Karnataka,2019,ipc_bns_crime,120165.0,cii_2021,IPC Crimes (StateUT-wise) - 2019-2021.xlsx
Karnataka,2020,ipc_bns_crime,106350.0,cii_2021,IPC Crimes (StateUT-wise) - 2019-2021.xlsx
Karnataka,2021,ipc_bns_crime,115728.0,cii_2021,IPC Crimes (StateUT-wise) - 2019-2021.xlsx
Kerala,2019,ipc_bns_crime,175810.0,cii_2021,IPC Crimes (StateUT-wise) - 2019-2021.xlsx
Kerala,2020,ipc_bns_crime,149099.0,cii_2021,IPC Crimes (StateUT-wise) - 2019-2021.xlsx
Kerala,2021,ipc_bns_crime,142643.0,cii_2021,IPC Crimes (StateUT-wise) - 2019-2021.xlsx
Madhya Pradesh,2019,ipc_bns_crime,246470.0,cii_2021,IPC Crimes (StateUT-wise) - 2019-2021.xlsx
Madhya Pradesh,2020,ipc_bns_crime,283881.0,cii_2021,IPC Crimes (StateUT-wise) - 2019-2021.xlsx
Madhya Pradesh,2021,ipc_bns_crime,304066.0,cii_2021,IPC Crimes (StateUT-wise) - 2019-2021.xlsx
Maharashtra,2019,ipc_bns_crime,341084.0,cii_2021,IPC Crimes (StateUT-wise) - 2019-2021.xlsx
Maharashtra,2020,ipc_bns_crime,394017.0,cii_2021,IPC Crimes (StateUT-wise) - 2019-2021.xlsx
Maharashtra,2021,ipc_bns_crime,367218.0,cii_2021,IPC Crimes (StateUT-wise) - 2019-2021.xlsx
Manipur,2019,ipc_bns_crime,2830.0,cii_2021,IPC Crimes (StateUT-wise) - 2019-2021.xlsx
Manipur,2020,ipc_bns_crime,2349.0,cii_2021,IPC Crimes (StateUT-wise) - 2019-2021.xlsx
Manipur,2021,ipc_bns_crime,2484.0,cii_2021,IPC Crimes (StateUT-wise) - 2019-2021.xlsx
Meghalaya,2019,ipc_bns_crime,3125.0,cii_2021,IPC Crimes (StateUT-wise) - 2019-2021.xlsx
Meghalaya,2020,ipc_bns_crime,2871.0,cii_2021,IPC Crimes (StateUT-wise) - 2019-2021.xlsx
Meghalaya,2021,ipc_bns_crime,2672.0,cii_2021,IPC Crimes (StateUT-wise) - 2019-2021.xlsx
Mizoram,2019,ipc_bns_crime,2379.0,cii_2021,IPC Crimes (StateUT-wise) - 2019-2021.xlsx
Mizoram,2020,ipc_bns_crime,1787.0,cii_2021,IPC Crimes (StateUT-wise) - 2019-2021.xlsx
Mizoram,2021,ipc_bns_crime,2467.0,cii_2021,IPC Crimes (StateUT-wise) - 2019-2021.xlsx
Nagaland,2019,ipc_bns_crime,1117.0,cii_2021,IPC Crimes (StateUT-wise) - 2019-2021.xlsx
Nagaland,2020,ipc_bns_crime,1022.0,cii_2021,IPC Crimes (StateUT-wise) - 2019-2021.xlsx
Nagaland,2021,ipc_bns_crime,1033.0,cii_2021,IPC Crimes (StateUT-wise) - 2019-2021.xlsx
Odisha,2019,ipc_bns_crime,96033.0,cii_2021,IPC Crimes (StateUT-wise) - 2019-2021.xlsx
Odisha,2020,ipc_bns_crime,108533.0,cii_2021,IPC Crimes (StateUT-wise) - 2019-2021.xlsx
Odisha,2021,ipc_bns_crime,124956.0,cii_2021,IPC Crimes (StateUT-wise) - 2019-2021.xlsx
Punjab,2019,ipc_bns_crime,44697.0,cii_2021,IPC Crimes (StateUT-wise) - 2019-2021.xlsx
Punjab,2020,ipc_bns_crime,49870.0,cii_2021,IPC Crimes (StateUT-wise) - 2019-2021.xlsx
Punjab,2021,ipc_bns_crime,46454.0,cii_2021,IPC Crimes (StateUT-wise) - 2019-2021.xlsx
Rajasthan,2019,ipc_bns_crime,225306.0,cii_2021,IPC Crimes (StateUT-wise) - 2019-2021.xlsx
Rajasthan,2020,ipc_bns_crime,193279.0,cii_2021,IPC Crimes (StateUT-wise) - 2019-2021.xlsx
Rajasthan,2021,ipc_bns_crime,214552.0,cii_2021,IPC Crimes (StateUT-wise) - 2019-2021.xlsx
Sikkim,2019,ipc_bns_crime,632.0,cii_2021,IPC Crimes (StateUT-wise) - 2019-2021.xlsx
Sikkim,2020,ipc_bns_crime,504.0,cii_2021,IPC Crimes (StateUT-wise) - 2019-2021.xlsx
Sikkim,2021,ipc_bns_crime,532.0,cii_2021,IPC Crimes (StateUT-wise) - 2019-2021.xlsx
Tamil Nadu,2019,ipc_bns_crime,168116.0,cii_2021,IPC Crimes (StateUT-wise) - 2019-2021.xlsx
Tamil Nadu,2020,ipc_bns_crime,891700.0,cii_2021,IPC Crimes (StateUT-wise) - 2019-2021.xlsx
Tamil Nadu,2021,ipc_bns_crime,322852.0,cii_2021,IPC Crimes (StateUT-wise) - 2019-2021.xlsx
Telangana,2019,ipc_bns_crime,118338.0,cii_2021,IPC Crimes (StateUT-wise) - 2019-2021.xlsx
Telangana,2020,ipc_bns_crime,135885.0,cii_2021,IPC Crimes (StateUT-wise) - 2019-2021.xlsx
Telangana,2021,ipc_bns_crime,146131.0,cii_2021,IPC Crimes (StateUT-wise) - 2019-2021.xlsx
Tripura,2019,ipc_bns_crime,5336.0,cii_2021,IPC Crimes (StateUT-wise) - 2019-2021.xlsx
Tripura,2020,ipc_bns_crime,4010.0,cii_2021,IPC Crimes (StateUT-wise) - 2019-2021.xlsx
Tripura,2021,ipc_bns_crime,4133.0,cii_2021,IPC Crimes (StateUT-wise) - 2019-2021.xlsx
Uttar Pradesh,2019,ipc_bns_crime,353131.0,cii_2021,IPC Crimes (StateUT-wise) - 2019-2021.xlsx
Uttar Pradesh,2020,ipc_bns_crime,355110.0,cii_2021,IPC Crimes (StateUT-wise) - 2019-2021.xlsx
Uttar Pradesh,2021,ipc_bns_crime,357905.0,cii_2021,IPC Crimes (StateUT-wise) - 2019-2021.xlsx
Uttarakhand,2019,ipc_bns_crime,12081.0,cii_2021,IPC Crimes (StateUT-wise) - 2019-2021.xlsx
Uttarakhand,2020,ipc_bns_crime,13812.0,cii_2021,IPC Crimes (StateUT-wise) - 2019-2021.xlsx
Uttarakhand,2021,ipc_bns_crime,15704.0,cii_2021,IPC Crimes (StateUT-wise) - 2019-2021.xlsx
West Bengal,2019,ipc_bns_crime,157506.0,cii_2021,IPC Crimes (StateUT-wise) - 2019-2021.xlsx
West Bengal,2020,ipc_bns_crime,158060.0,cii_2021,IPC Crimes (StateUT-wise) - 2019-2021.xlsx
West Bengal,2021,ipc_bns_crime,157498.0,cii_2021,IPC Crimes (StateUT-wise) - 2019-2021.xlsx
Andaman & Nicobar Islands,2019,ipc_bns_crime,564.0,cii_2021,IPC Crimes (StateUT-wise) - 2019-2021.xlsx
Andaman & Nicobar Islands,2020,ipc_bns_crime,482.0,cii_2021,IPC Crimes (StateUT-wise) - 2019-2021.xlsx
Andaman & Nicobar Islands,2021,ipc_bns_crime,386.0,cii_2021,IPC Crimes (StateUT-wise) - 2019-2021.xlsx
Chandigarh,2019,ipc_bns_crime,2819.0,cii_2021,IPC Crimes (StateUT-wise) - 2019-2021.xlsx
Chandigarh,2020,ipc_bns_crime,2583.0,cii_2021,IPC Crimes (StateUT-wise) - 2019-2021.xlsx
Chandigarh,2021,ipc_bns_crime,2401.0,cii_2021,IPC Crimes (StateUT-wise) - 2019-2021.xlsx
DNH & Daman & Diu,2019,ipc_bns_crime,548.0,cii_2021,IPC Crimes (StateUT-wise) - 2019-2021.xlsx
DNH & Daman & Diu,2020,ipc_bns_crime,441.0,cii_2021,IPC Crimes (StateUT-wise) - 2019-2021.xlsx
DNH & Daman & Diu,2021,ipc_bns_crime,490.0,cii_2021,IPC Crimes (StateUT-wise) - 2019-2021.xlsx
Delhi,2019,ipc_bns_crime,299475.0,cii_2021,IPC Crimes (StateUT-wise) - 2019-2021.xlsx
Delhi,2020,ipc_bns_crime,249192.0,cii_2021,IPC Crimes (StateUT-wise) - 2019-2021.xlsx
Delhi,2021,ipc_bns_crime,291904.0,cii_2021,IPC Crimes (StateUT-wise) - 2019-2021.xlsx
Jammu & Kashmir,2019,ipc_bns_crime,22404.0,cii_2021,IPC Crimes (StateUT-wise) - 2019-2021.xlsx
Jammu & Kashmir,2020,ipc_bns_crime,25233.0,cii_2021,IPC Crimes (StateUT-wise) - 2019-2021.xlsx
Jammu & Kashmir,2021,ipc_bns_crime,27447.0,cii_2021,IPC Crimes (StateUT-wise) - 2019-2021.xlsx
Ladakh,2019,ipc_bns_crime,,cii_2021,IPC Crimes (StateUT-wise) - 2019-2021.xlsx
Ladakh,2020,ipc_bns_crime,387.0,cii_2021,IPC Crimes (StateUT-wise) - 2019-2021.xlsx
Ladakh,2021,ipc_bns_crime,519.0,cii_2021,IPC Crimes (StateUT-wise) - 2019-2021.xlsx
Lakshadweep,2019,ipc_bns_crime,123.0,cii_2021,IPC Crimes (StateUT-wise) - 2019-2021.xlsx
Lakshadweep,2020,ipc_bns_crime,107.0,cii_2021,IPC Crimes (StateUT-wise) - 2019-2021.xlsx
Lakshadweep,2021,ipc_bns_crime,89.0,cii_2021,IPC Crimes (StateUT-wise) - 2019-2021.xlsx
Puducherry,2019,ipc_bns_crime,3167.0,cii_2021,IPC Crimes (StateUT-wise) - 2019-2021.xlsx
Puducherry,2020,ipc_bns_crime,6725.0,cii_2021,IPC Crimes (StateUT-wise) - 2019-2021.xlsx
Puducherry,2021,ipc_bns_crime,3851.0,cii_2021,IPC Crimes (StateUT-wise) - 2019-2021.xlsx
Andhra Pradesh,2019,sll_crime,26522.0,cii_2021,SLL Crimes (StateUT-wise) - 2019-2021.xlsx
Andhra Pradesh,2020,sll_crime,49108.0,cii_2021,SLL Crimes (StateUT-wise) - 2019-2021.xlsx
Andhra Pradesh,2021,sll_crime,42588.0,cii_2021,SLL Crimes (StateUT-wise) - 2019-2021.xlsx
Arunachal Pradesh,2019,sll_crime,287.0,cii_2021,SLL Crimes (StateUT-wise) - 2019-2021.xlsx
Arunachal Pradesh,2020,sll_crime,259.0,cii_2021,SLL Crimes (StateUT-wise) - 2019-2021.xlsx
Arunachal Pradesh,2021,sll_crime,413.0,cii_2021,SLL Crimes (StateUT-wise) - 2019-2021.xlsx
Assam,2019,sll_crime,9271.0,cii_2021,SLL Crimes (StateUT-wise) - 2019-2021.xlsx
Assam,2020,sll_crime,10051.0,cii_2021,SLL Crimes (StateUT-wise) - 2019-2021.xlsx
Assam,2021,sll_crime,13356.0,cii_2021,SLL Crimes (StateUT-wise) - 2019-2021.xlsx
Bihar,2019,sll_crime,71174.0,cii_2021,SLL Crimes (StateUT-wise) - 2019-2021.xlsx
Bihar,2020,sll_crime,62814.0,cii_2021,SLL Crimes (StateUT-wise) - 2019-2021.xlsx
Bihar,2021,sll_crime,96077.0,cii_2021,SLL Crimes (StateUT-wise) - 2019-2021.xlsx
Chhattisgarh,2019,sll_crime,35305.0,cii_2021,SLL Crimes (StateUT-wise) - 2019-2021.xlsx
Chhattisgarh,2020,sll_crime,37957.0,cii_2021,SLL Crimes (StateUT-wise) - 2019-2021.xlsx
Chhattisgarh,2021,sll_crime,40114.0,cii_2021,SLL Crimes (StateUT-wise) - 2019-2021.xlsx
Goa,2019,sll_crime,1262.0,cii_2021,SLL Crimes (StateUT-wise) - 2019-2021.xlsx
Goa,2020,sll_crime,973.0,cii_2021,SLL Crimes (StateUT-wise) - 2019-2021.xlsx
Goa,2021,sll_crime,892.0,cii_2021,SLL Crimes (StateUT-wise) - 2019-2021.xlsx
Gujarat,2019,sll_crime,291563.0,cii_2021,SLL Crimes (StateUT-wise) - 2019-2021.xlsx
Gujarat,2020,sll_crime,317770.0,cii_2021,SLL Crimes (StateUT-wise) - 2019-2021.xlsx
Gujarat,2021,sll_crime,458682.0,cii_2021,SLL Crimes (StateUT-wise) - 2019-2021.xlsx
Haryana,2019,sll_crime,55013.0,cii_2021,SLL Crimes (StateUT-wise) - 2019-2021.xlsx
Haryana,2020,sll_crime,89119.0,cii_2021,SLL Crimes (StateUT-wise) - 2019-2021.xlsx
Haryana,2021,sll_crime,93711.0,cii_2021,SLL Crimes (StateUT-wise) - 2019-2021.xlsx
Himachal Pradesh,2019,sll_crime,5444.0,cii_2021,SLL Crimes (StateUT-wise) - 2019-2021.xlsx
Himachal Pradesh,2020,sll_crime,5827.0,cii_2021,SLL Crimes (StateUT-wise) - 2019-2021.xlsx
Himachal Pradesh,2021,sll_crime,5792.0,cii_2021,SLL Crimes (StateUT-wise) - 2019-2021.xlsx
Jharkhand,2019,sll_crime,12158.0,cii_2021,SLL Crimes (StateUT-wise) - 2019-2021.xlsx
Jharkhand,2020,sll_crime,12537.0,cii_2021,SLL Crimes (StateUT-wise) - 2019-2021.xlsx
Jharkhand,2021,sll_crime,13081.0,cii_2021,SLL Crimes (StateUT-wise) - 2019-2021.xlsx
Karnataka,2019,sll_crime,43526.0,cii_2021,SLL Crimes (StateUT-wise) - 2019-2021.xlsx
Karnataka,2020,sll_crime,43730.0,cii_2021,SLL Crimes (StateUT-wise) - 2019-2021.xlsx
Karnataka,2021,sll_crime,47969.0,cii_2021,SLL Crimes (StateUT-wise) - 2019-2021.xlsx
Kerala,2019,sll_crime,277273.0,cii_2021,SLL Crimes (StateUT-wise) - 2019-2021.xlsx
Kerala,2020,sll_crime,405625.0,cii_2021,SLL Crimes (StateUT-wise) - 2019-2021.xlsx
Kerala,2021,sll_crime,382317.0,cii_2021,SLL Crimes (StateUT-wise) - 2019-2021.xlsx
Madhya Pradesh,2019,sll_crime,149149.0,cii_2021,SLL Crimes (StateUT-wise) - 2019-2021.xlsx
Madhya Pradesh,2020,sll_crime,144165.0,cii_2021,SLL Crimes (StateUT-wise) - 2019-2021.xlsx
Madhya Pradesh,2021,sll_crime,171852.0,cii_2021,SLL Crimes (StateUT-wise) - 2019-2021.xlsx
Maharashtra,2019,sll_crime,168349.0,cii_2021,SLL Crimes (StateUT-wise) - 2019-2021.xlsx
Maharashtra,2020,sll_crime,144986.0,cii_2021,SLL Crimes (StateUT-wise) - 2019-2021.xlsx
Maharashtra,2021,sll_crime,173582.0,cii_2021,SLL Crimes (StateUT-wise) - 2019-2021.xlsx
Manipur,2019,sll_crime,831.0,cii_2021,SLL Crimes (StateUT-wise) - 2019-2021.xlsx
Manipur,2020,sll_crime,637.0,cii_2021,SLL Crimes (StateUT-wise) - 2019-2021.xlsx
Manipur,2021,sll_crime,720.0,cii_2021,SLL Crimes (StateUT-wise) - 2019-2021.xlsx
Meghalaya,2019,sll_crime,772.0,cii_2021,SLL Crimes (StateUT-wise) - 2019-2021.xlsx
Meghalaya,2020,sll_crime,873.0,cii_2021,SLL Crimes (StateUT-wise) - 2019-2021.xlsx
Meghalaya,2021,sll_crime,756.0,cii_2021,SLL Crimes (StateUT-wise) - 2019-2021.xlsx
Mizoram,2019,sll_crime,501.0,cii_2021,SLL Crimes (StateUT-wise) - 2019-2021.xlsx
Mizoram,2020,sll_crime,502.0,cii_2021,SLL Crimes (StateUT-wise) - 2019-2021.xlsx
Mizoram,2021,sll_crime,729.0,cii_2021,SLL Crimes (StateUT-wise) - 2019-2021.xlsx
Nagaland,2019,sll_crime,544.0,cii_2021,SLL Crimes (StateUT-wise) - 2019-2021.xlsx
Nagaland,2020,sll_crime,489.0,cii_2021,SLL Crimes (StateUT-wise) - 2019-2021.xlsx
Nagaland,2021,sll_crime,445.0,cii_2021,SLL Crimes (StateUT-wise) - 2019-2021.xlsx
Odisha,2019,sll_crime,25492.0,cii_2021,SLL Crimes (StateUT-wise) - 2019-2021.xlsx
Odisha,2020,sll_crime,25697.0,cii_2021,SLL Crimes (StateUT-wise) - 2019-2021.xlsx
Odisha,2021,sll_crime,30464.0,cii_2021,SLL Crimes (StateUT-wise) - 2019-2021.xlsx
Punjab,2019,sll_crime,28158.0,cii_2021,SLL Crimes (StateUT-wise) - 2019-2021.xlsx
Punjab,2020,sll_crime,33005.0,cii_2021,SLL Crimes (StateUT-wise) - 2019-2021.xlsx
Punjab,2021,sll_crime,27127.0,cii_2021,SLL Crimes (StateUT-wise) - 2019-2021.xlsx
Rajasthan,2019,sll_crime,79088.0,cii_2021,SLL Crimes (StateUT-wise) - 2019-2021.xlsx
Rajasthan,2020,sll_crime,67099.0,cii_2021,SLL Crimes (StateUT-wise) - 2019-2021.xlsx
Rajasthan,2021,sll_crime,70017.0,cii_2021,SLL Crimes (StateUT-wise) - 2019-2021.xlsx
Sikkim,2019,sll_crime,189.0,cii_2021,SLL Crimes (StateUT-wise) - 2019-2021.xlsx
Sikkim,2020,sll_crime,171.0,cii_2021,SLL Crimes (StateUT-wise) - 2019-2021.xlsx
Sikkim,2021,sll_crime,196.0,cii_2021,SLL Crimes (StateUT-wise) - 2019-2021.xlsx
Tamil Nadu,2019,sll_crime,286978.0,cii_2021,SLL Crimes (StateUT-wise) - 2019-2021.xlsx
Tamil Nadu,2020,sll_crime,485981.0,cii_2021,SLL Crimes (StateUT-wise) - 2019-2021.xlsx
Tamil Nadu,2021,sll_crime,433901.0,cii_2021,SLL Crimes (StateUT-wise) - 2019-2021.xlsx
Telangana,2019,sll_crime,12916.0,cii_2021,SLL Crimes (StateUT-wise) - 2019-2021.xlsx
Telangana,2020,sll_crime,11619.0,cii_2021,SLL Crimes (StateUT-wise) - 2019-2021.xlsx
Telangana,2021,sll_crime,12678.0,cii_2021,SLL Crimes (StateUT-wise) - 2019-2021.xlsx
Tripura,2019,sll_crime,652.0,cii_2021,SLL Crimes (StateUT-wise) - 2019-2021.xlsx
Tripura,2020,sll_crime,643.0,cii_2021,SLL Crimes (StateUT-wise) - 2019-2021.xlsx
Tripura,2021,sll_crime,655.0,cii_2021,SLL Crimes (StateUT-wise) - 2019-2021.xlsx
Uttar Pradesh,2019,sll_crime,275447.0,cii_2021,SLL Crimes (StateUT-wise) - 2019-2021.xlsx
Uttar Pradesh,2020,sll_crime,302815.0,cii_2021,SLL Crimes (StateUT-wise) - 2019-2021.xlsx
Uttar Pradesh,2021,sll_crime,250177.0,cii_2021,SLL Crimes (StateUT-wise) - 2019-2021.xlsx
Uttarakhand,2019,sll_crime,16187.0,cii_2021,SLL Crimes (StateUT-wise) - 2019-2021.xlsx
Uttarakhand,2020,sll_crime,43520.0,cii_2021,SLL Crimes (StateUT-wise) - 2019-2021.xlsx
Uttarakhand,2021,sll_crime,19171.0,cii_2021,SLL Crimes (StateUT-wise) - 2019-2021.xlsx
West Bengal,2019,sll_crime,30543.0,cii_2021,SLL Crimes (StateUT-wise) - 2019-2021.xlsx
West Bengal,2020,sll_crime,24307.0,cii_2021,SLL Crimes (StateUT-wise) - 2019-2021.xlsx
West Bengal,2021,sll_crime,24323.0,cii_2021,SLL Crimes (StateUT-wise) - 2019-2021.xlsx
Andaman & Nicobar Islands,2019,sll_crime,3470.0,cii_2021,SLL Crimes (StateUT-wise) - 2019-2021.xlsx
Andaman & Nicobar Islands,2020,sll_crime,2060.0,cii_2021,SLL Crimes (StateUT-wise) - 2019-2021.xlsx
Andaman & Nicobar Islands,2021,sll_crime,946.0,cii_2021,SLL Crimes (StateUT-wise) - 2019-2021.xlsx
Chandigarh,2019,sll_crime,1699.0,cii_2021,SLL Crimes (StateUT-wise) - 2019-2021.xlsx
Chandigarh,2020,sll_crime,671.0,cii_2021,SLL Crimes (StateUT-wise) - 2019-2021.xlsx
Chandigarh,2021,sll_crime,594.0,cii_2021,SLL Crimes (StateUT-wise) - 2019-2021.xlsx
DNH & Daman & Diu,2019,sll_crime,112.0,cii_2021,SLL Crimes (StateUT-wise) - 2019-2021.xlsx
DNH & Daman & Diu,2020,sll_crime,92.0,cii_2021,SLL Crimes (StateUT-wise) - 2019-2021.xlsx
DNH & Daman & Diu,2021,sll_crime,89.0,cii_2021,SLL Crimes (StateUT-wise) - 2019-2021.xlsx
Delhi,2019,sll_crime,16786.0,cii_2021,SLL Crimes (StateUT-wise) - 2019-2021.xlsx
Delhi,2020,sll_crime,16878.0,cii_2021,SLL Crimes (StateUT-wise) - 2019-2021.xlsx
Delhi,2021,sll_crime,14485.0,cii_2021,SLL Crimes (StateUT-wise) - 2019-2021.xlsx
Jammu & Kashmir,2019,sll_crime,3004.0,cii_2021,SLL Crimes (StateUT-wise) - 2019-2021.xlsx
Jammu & Kashmir,2020,sll_crime,3678.0,cii_2021,SLL Crimes (StateUT-wise) - 2019-2021.xlsx
Jammu & Kashmir,2021,sll_crime,4228.0,cii_2021,SLL Crimes (StateUT-wise) - 2019-2021.xlsx
Ladakh,2019,sll_crime,,cii_2021,SLL Crimes (StateUT-wise) - 2019-2021.xlsx
Ladakh,2020,sll_crime,16.0,cii_2021,SLL Crimes (StateUT-wise) - 2019-2021.xlsx
Ladakh,2021,sll_crime,40.0,cii_2021,SLL Crimes (StateUT-wise) - 2019-2021.xlsx
Lakshadweep,2019,sll_crime,59.0,cii_2021,SLL Crimes (StateUT-wise) - 2019-2021.xlsx
Lakshadweep,2020,sll_crime,40.0,cii_2021,SLL Crimes (StateUT-wise) - 2019-2021.xlsx
Lakshadweep,2021,sll_crime,39.0,cii_2021,SLL Crimes (StateUT-wise) - 2019-2021.xlsx
Puducherry,2019,sll_crime,837.0,cii_2021,SLL Crimes (StateUT-wise) - 2019-2021.xlsx
Puducherry,2020,sll_crime,1215.0,cii_2021,SLL Crimes (StateUT-wise) - 2019-2021.xlsx
Puducherry,2021,sll_crime,744.0,cii_2021,SLL Crimes (StateUT-wise) - 2019-2021.xlsx
Andhra Pradesh,2019,violent_crime,7670.0,cii_2021,Violent Crimes (Incidence & Crime Rate) - 2019-2021.xlsx
Andhra Pradesh,2020,violent_crime,6683.0,cii_2021,Violent Crimes (Incidence & Crime Rate) - 2019-2021.xlsx
Andhra Pradesh,2021,violent_crime,7215.0,cii_2021,Violent Crimes (Incidence & Crime Rate) - 2019-2021.xlsx
Arunachal Pradesh,2019,violent_crime,678.0,cii_2021,Violent Crimes (Incidence & Crime Rate) - 2019-2021.xlsx
Arunachal Pradesh,2020,violent_crime,414.0,cii_2021,Violent Crimes (Incidence & Crime Rate) - 2019-2021.xlsx
Arunachal Pradesh,2021,violent_crime,492.0,cii_2021,Violent Crimes (Incidence & Crime Rate) - 2019-2021.xlsx
Assam,2019,violent_crime,28696.0,cii_2021,Violent Crimes (Incidence & Crime Rate) - 2019-2021.xlsx
Assam,2020,violent_crime,25629.0,cii_2021,Violent Crimes (Incidence & Crime Rate) - 2019-2021.xlsx
Assam,2021,violent_crime,26933.0,cii_2021,Violent Crimes (Incidence & Crime Rate) - 2019-2021.xlsx
Bihar,2019,violent_crime,45004.0,cii_2021,Violent Crimes (Incidence & Crime Rate) - 2019-2021.xlsx
Bihar,2020,violent_crime,51116.0,cii_2021,Violent Crimes (Incidence & Crime Rate) - 2019-2021.xlsx
Bihar,2021,violent_crime,43780.0,cii_2021,Violent Crimes (Incidence & Crime Rate) - 2019-2021.xlsx
Chhattisgarh,2019,violent_crime,7823.0,cii_2021,Violent Crimes (Incidence & Crime Rate) - 2019-2021.xlsx
Chhattisgarh,2020,violent_crime,8033.0,cii_2021,Violent Crimes (Incidence & Crime Rate) - 2019-2021.xlsx
Chhattisgarh,2021,violent_crime,8458.0,cii_2021,Violent Crimes (Incidence & Crime Rate) - 2019-2021.xlsx
Goa,2019,violent_crime,415.0,cii_2021,Violent Crimes (Incidence & Crime Rate) - 2019-2021.xlsx
Goa,2020,violent_crime,316.0,cii_2021,Violent Crimes (Incidence & Crime Rate) - 2019-2021.xlsx
Goa,2021,violent_crime,345.0,cii_2021,Violent Crimes (Incidence & Crime Rate) - 2019-2021.xlsx
Gujarat,2019,violent_crime,9453.0,cii_2021,Violent Crimes (Incidence & Crime Rate) - 2019-2021.xlsx
Gujarat,2020,violent_crime,8337.0,cii_2021,Violent Crimes (Incidence & Crime Rate) - 2019-2021.xlsx
Gujarat,2021,violent_crime,8327.0,cii_2021,Violent Crimes (Incidence & Crime Rate) - 2019-2021.xlsx
Haryana,2019,violent_crime,12812.0,cii_2021,Violent Crimes (Incidence & Crime Rate) - 2019-2021.xlsx
Haryana,2020,violent_crime,12128.0,cii_2021,Violent Crimes (Incidence & Crime Rate) - 2019-2021.xlsx
Haryana,2021,violent_crime,12828.0,cii_2021,Violent Crimes (Incidence & Crime Rate) - 2019-2021.xlsx
Himachal Pradesh,2019,violent_crime,1833.0,cii_2021,Violent Crimes (Incidence & Crime Rate) - 2019-2021.xlsx
Himachal Pradesh,2020,violent_crime,1817.0,cii_2021,Violent Crimes (Incidence & Crime Rate) - 2019-2021.xlsx
Himachal Pradesh,2021,violent_crime,1762.0,cii_2021,Violent Crimes (Incidence & Crime Rate) - 2019-2021.xlsx
Jharkhand,2019,violent_crime,12187.0,cii_2021,Violent Crimes (Incidence & Crime Rate) - 2019-2021.xlsx
Jharkhand,2020,violent_crime,14185.0,cii_2021,Violent Crimes (Incidence & Crime Rate) - 2019-2021.xlsx
Jharkhand,2021,violent_crime,13496.0,cii_2021,Violent Crimes (Incidence & Crime Rate) - 2019-2021.xlsx
Karnataka,2019,violent_crime,16445.0,cii_2021,Violent Crimes (Incidence & Crime Rate) - 2019-2021.xlsx
Karnataka,2020,violent_crime,14616.0,cii_2021,Violent Crimes (Incidence & Crime Rate) - 2019-2021.xlsx
Karnataka,2021,violent_crime,15277.0,cii_2021,Violent Crimes (Incidence & Crime Rate) - 2019-2021.xlsx
Kerala,2019,violent_crime,12736.0,cii_2021,Violent Crimes (Incidence & Crime Rate) - 2019-2021.xlsx
Kerala,2020,violent_crime,10255.0,cii_2021,Violent Crimes (Incidence & Crime Rate) - 2019-2021.xlsx
Kerala,2021,violent_crime,8465.0,cii_2021,Violent Crimes (Incidence & Crime Rate) - 2019-2021.xlsx
Madhya Pradesh,2019,violent_crime,24972.0,cii_2021,Violent Crimes (Incidence & Crime Rate) - 2019-2021.xlsx
Madhya Pradesh,2020,violent_crime,23287.0,cii_2021,Violent Crimes (Incidence & Crime Rate) - 2019-2021.xlsx
Madhya Pradesh,2021,violent_crime,26038.0,cii_2021,Violent Crimes (Incidence & Crime Rate) - 2019-2021.xlsx
Maharashtra,2019,violent_crime,44074.0,cii_2021,Violent Crimes (Incidence & Crime Rate) - 2019-2021.xlsx
Maharashtra,2020,violent_crime,39162.0,cii_2021,Violent Crimes (Incidence & Crime Rate) - 2019-2021.xlsx
Maharashtra,2021,violent_crime,43755.0,cii_2021,Violent Crimes (Incidence & Crime Rate) - 2019-2021.xlsx
Manipur,2019,violent_crime,673.0,cii_2021,Violent Crimes (Incidence & Crime Rate) - 2019-2021.xlsx
Manipur,2020,violent_crime,506.0,cii_2021,Violent Crimes (Incidence & Crime Rate) - 2019-2021.xlsx
Manipur,2021,violent_crime,545.0,cii_2021,Violent Crimes (Incidence & Crime Rate) - 2019-2021.xlsx
Meghalaya,2019,violent_crime,678.0,cii_2021,Violent Crimes (Incidence & Crime Rate) - 2019-2021.xlsx
Meghalaya,2020,violent_crime,530.0,cii_2021,Violent Crimes (Incidence & Crime Rate) - 2019-2021.xlsx
Meghalaya,2021,violent_crime,580.0,cii_2021,Violent Crimes (Incidence & Crime Rate) - 2019-2021.xlsx
Mizoram,2019,violent_crime,163.0,cii_2021,Violent Crimes (Incidence & Crime Rate) - 2019-2021.xlsx
Mizoram,2020,violent_crime,161.0,cii_2021,Violent Crimes (Incidence & Crime Rate) - 2019-2021.xlsx
Mizoram,2021,violent_crime,186.0,cii_2021,Violent Crimes (Incidence & Crime Rate) - 2019-2021.xlsx
Nagaland,2019,violent_crime,181.0,cii_2021,Violent Crimes (Incidence & Crime Rate) - 2019-2021.xlsx
Nagaland,2020,violent_crime,123.0,cii_2021,Violent Crimes (Incidence & Crime Rate) - 2019-2021.xlsx
Nagaland,2021,violent_crime,158.0,cii_2021,Violent Crimes (Incidence & Crime Rate) - 2019-2021.xlsx
Odisha,2019,violent_crime,21187.0,cii_2021,Violent Crimes (Incidence & Crime Rate) - 2019-2021.xlsx
Odisha,2020,violent_crime,17273.0,cii_2021,Violent Crimes (Incidence & Crime Rate) - 2019-2021.xlsx
Odisha,2021,violent_crime,22244.0,cii_2021,Violent Crimes (Incidence & Crime Rate) - 2019-2021.xlsx
Punjab,2019,violent_crime,6764.0,cii_2021,Violent Crimes (Incidence & Crime Rate) - 2019-2021.xlsx
Punjab,2020,violent_crime,6051.0,cii_2021,Violent Crimes (Incidence & Crime Rate) - 2019-2021.xlsx
Punjab,2021,violent_crime,6322.0,cii_2021,Violent Crimes (Incidence & Crime Rate) - 2019-2021.xlsx
Rajasthan,2019,violent_crime,22961.0,cii_2021,Violent Crimes (Incidence & Crime Rate) - 2019-2021.xlsx
Rajasthan,2020,violent_crime,20377.0,cii_2021,Violent Crimes (Incidence & Crime Rate) - 2019-2021.xlsx
Rajasthan,2021,violent_crime,23104.0,cii_2021,Violent Crimes (Incidence & Crime Rate) - 2019-2021.xlsx
Sikkim,2019,violent_crime,188.0,cii_2021,Violent Crimes (Incidence & Crime Rate) - 2019-2021.xlsx
Sikkim,2020,violent_crime,125.0,cii_2021,Violent Crimes (Incidence & Crime Rate) - 2019-2021.xlsx
Sikkim,2021,violent_crime,109.0,cii_2021,Violent Crimes (Incidence & Crime Rate) - 2019-2021.xlsx
Tamil Nadu,2019,violent_crime,10946.0,cii_2021,Violent Crimes (Incidence & Crime Rate) - 2019-2021.xlsx
Tamil Nadu,2020,violent_crime,10995.0,cii_2021,Violent Crimes (Incidence & Crime Rate) - 2019-2021.xlsx
Tamil Nadu,2021,violent_crime,12386.0,cii_2021,Violent Crimes (Incidence & Crime Rate) - 2019-2021.xlsx
Telangana,2019,violent_crime,8661.0,cii_2021,Violent Crimes (Incidence & Crime Rate) - 2019-2021.xlsx
Telangana,2020,violent_crime,8188.0,cii_2021,Violent Crimes (Incidence & Crime Rate) - 2019-2021.xlsx
Telangana,2021,violent_crime,9844.0,cii_2021,Violent Crimes (Incidence & Crime Rate) - 2019-2021.xlsx
Tripura,2019,violent_crime,2146.0,cii_2021,Violent Crimes (Incidence & Crime Rate) - 2019-2021.xlsx
Tripura,2020,violent_crime,1557.0,cii_2021,Violent Crimes (Incidence & Crime Rate) - 2019-2021.xlsx
Tripura,2021,violent_crime,1637.0,cii_2021,Violent Crimes (Incidence & Crime Rate) - 2019-2021.xlsx
Uttar Pradesh,2019,violent_crime,55519.0,cii_2021,Violent Crimes (Incidence & Crime Rate) - 2019-2021.xlsx
Uttar Pradesh,2020,violent_crime,51983.0,cii_2021,Violent Crimes (Incidence & Crime Rate) - 2019-2021.xlsx
Uttar Pradesh,2021,violent_crime,52502.0,cii_2021,Violent Crimes (Incidence & Crime Rate) - 2019-2021.xlsx
Uttarakhand,2019,violent_crime,2845.0,cii_2021,Violent Crimes (Incidence & Crime Rate) - 2019-2021.xlsx
Uttarakhand,2020,violent_crime,2613.0,cii_2021,Violent Crimes (Incidence & Crime Rate) - 2019-2021.xlsx
Uttarakhand,2021,violent_crime,3162.0,cii_2021,Violent Crimes (Incidence & Crime Rate) - 2019-2021.xlsx
West Bengal,2019,violent_crime,44560.0,cii_2021,Violent Crimes (Incidence & Crime Rate) - 2019-2021.xlsx
West Bengal,2020,violent_crime,50029.0,cii_2021,Violent Crimes (Incidence & Crime Rate) - 2019-2021.xlsx
West Bengal,2021,violent_crime,47904.0,cii_2021,Violent Crimes (Incidence & Crime Rate) - 2019-2021.xlsx
Andaman & Nicobar Islands,2019,violent_crime,116.0,cii_2021,Violent Crimes (Incidence & Crime Rate) - 2019-2021.xlsx
Andaman & Nicobar Islands,2020,violent_crime,63.0,cii_2021,Violent Crimes (Incidence & Crime Rate) - 2019-2021.xlsx
Andaman & Nicobar Islands,2021,violent_crime,88.0,cii_2021,Violent Crimes (Incidence & Crime Rate) - 2019-2021.xlsx
Chandigarh,2019,violent_crime,473.0,cii_2021,Violent Crimes (Incidence & Crime Rate) - 2019-2021.xlsx
Chandigarh,2020,violent_crime,332.0,cii_2021,Violent Crimes (Incidence & Crime Rate) - 2019-2021.xlsx
Chandigarh,2021,violent_crime,362.0,cii_2021,Violent Crimes (Incidence & Crime Rate) - 2019-2021.xlsx
DNH & Daman & Diu,2019,violent_crime,112.0,cii_2021,Violent Crimes (Incidence & Crime Rate) - 2019-2021.xlsx
DNH & Daman & Diu,2020,violent_crime,77.0,cii_2021,Violent Crimes (Incidence & Crime Rate) - 2019-2021.xlsx
DNH & Daman & Diu,2021,violent_crime,109.0,cii_2021,Violent Crimes (Incidence & Crime Rate) - 2019-2021.xlsx
Delhi,2019,violent_crime,11613.0,cii_2021,Violent Crimes (Incidence & Crime Rate) - 2019-2021.xlsx
Delhi,2020,violent_crime,9997.0,cii_2021,Violent Crimes (Incidence & Crime Rate) - 2019-2021.xlsx
Delhi,2021,violent_crime,11793.0,cii_2021,Violent Crimes (Incidence & Crime Rate) - 2019-2021.xlsx
Jammu & Kashmir,2019,violent_crime,3100.0,cii_2021,Violent Crimes (Incidence & Crime Rate) - 2019-2021.xlsx
Jammu & Kashmir,2020,violent_crime,2821.0,cii_2021,Violent Crimes (Incidence & Crime Rate) - 2019-2021.xlsx
Jammu & Kashmir,2021,violent_crime,3072.0,cii_2021,Violent Crimes (Incidence & Crime Rate) - 2019-2021.xlsx
Ladakh,2019,violent_crime,,cii_2021,Violent Crimes (Incidence & Crime Rate) - 2019-2021.xlsx
Ladakh,2020,violent_crime,6.0,cii_2021,Violent Crimes (Incidence & Crime Rate) - 2019-2021.xlsx
Ladakh,2021,violent_crime,23.0,cii_2021,Violent Crimes (Incidence & Crime Rate) - 2019-2021.xlsx
Lakshadweep,2019,violent_crime,16.0,cii_2021,Violent Crimes (Incidence & Crime Rate) - 2019-2021.xlsx
Lakshadweep,2020,violent_crime,5.0,cii_2021,Violent Crimes (Incidence & Crime Rate) - 2019-2021.xlsx
Lakshadweep,2021,violent_crime,5.0,cii_2021,Violent Crimes (Incidence & Crime Rate) - 2019-2021.xlsx
Puducherry,2019,violent_crime,146.0,cii_2021,Violent Crimes (Incidence & Crime Rate) - 2019-2021.xlsx
Puducherry,2020,violent_crime,216.0,cii_2021,Violent Crimes (Incidence & Crime Rate) - 2019-2021.xlsx
Puducherry,2021,violent_crime,191.0,cii_2021,Violent Crimes (Incidence & Crime Rate) - 2019-2021.xlsx
Andhra Pradesh,2022,crime_against_children,3308.0,cii_2024,Crime against Children (IPCBNS+SLL Crimes) - 2022-2024.xlsx
Andhra Pradesh,2023,crime_against_children,2844.0,cii_2024,Crime against Children (IPCBNS+SLL Crimes) - 2022-2024.xlsx
Andhra Pradesh,2024,crime_against_children,2633.0,cii_2024,Crime against Children (IPCBNS+SLL Crimes) - 2022-2024.xlsx
Arunachal Pradesh,2022,crime_against_children,143.0,cii_2024,Crime against Children (IPCBNS+SLL Crimes) - 2022-2024.xlsx
Arunachal Pradesh,2023,crime_against_children,176.0,cii_2024,Crime against Children (IPCBNS+SLL Crimes) - 2022-2024.xlsx
Arunachal Pradesh,2024,crime_against_children,152.0,cii_2024,Crime against Children (IPCBNS+SLL Crimes) - 2022-2024.xlsx
Assam,2022,crime_against_children,4084.0,cii_2024,Crime against Children (IPCBNS+SLL Crimes) - 2022-2024.xlsx
Assam,2023,crime_against_children,10174.0,cii_2024,Crime against Children (IPCBNS+SLL Crimes) - 2022-2024.xlsx
Assam,2024,crime_against_children,5871.0,cii_2024,Crime against Children (IPCBNS+SLL Crimes) - 2022-2024.xlsx
Bihar,2022,crime_against_children,8122.0,cii_2024,Crime against Children (IPCBNS+SLL Crimes) - 2022-2024.xlsx
Bihar,2023,crime_against_children,9906.0,cii_2024,Crime against Children (IPCBNS+SLL Crimes) - 2022-2024.xlsx
Bihar,2024,crime_against_children,13349.0,cii_2024,Crime against Children (IPCBNS+SLL Crimes) - 2022-2024.xlsx
Chhattisgarh,2022,crime_against_children,6177.0,cii_2024,Crime against Children (IPCBNS+SLL Crimes) - 2022-2024.xlsx
Chhattisgarh,2023,crime_against_children,5904.0,cii_2024,Crime against Children (IPCBNS+SLL Crimes) - 2022-2024.xlsx
Chhattisgarh,2024,crime_against_children,6964.0,cii_2024,Crime against Children (IPCBNS+SLL Crimes) - 2022-2024.xlsx
Goa,2022,crime_against_children,184.0,cii_2024,Crime against Children (IPCBNS+SLL Crimes) - 2022-2024.xlsx
Goa,2023,crime_against_children,196.0,cii_2024,Crime against Children (IPCBNS+SLL Crimes) - 2022-2024.xlsx
Goa,2024,crime_against_children,207.0,cii_2024,Crime against Children (IPCBNS+SLL Crimes) - 2022-2024.xlsx
Gujarat,2022,crime_against_children,4964.0,cii_2024,Crime against Children (IPCBNS+SLL Crimes) - 2022-2024.xlsx
Gujarat,2023,crime_against_children,5083.0,cii_2024,Crime against Children (IPCBNS+SLL Crimes) - 2022-2024.xlsx
Gujarat,2024,crime_against_children,5394.0,cii_2024,Crime against Children (IPCBNS+SLL Crimes) - 2022-2024.xlsx
Haryana,2022,crime_against_children,6138.0,cii_2024,Crime against Children (IPCBNS+SLL Crimes) - 2022-2024.xlsx
Haryana,2023,crime_against_children,6401.0,cii_2024,Crime against Children (IPCBNS+SLL Crimes) - 2022-2024.xlsx
Haryana,2024,crime_against_children,7547.0,cii_2024,Crime against Children (IPCBNS+SLL Crimes) - 2022-2024.xlsx
Himachal Pradesh,2022,crime_against_children,740.0,cii_2024,Crime against Children (IPCBNS+SLL Crimes) - 2022-2024.xlsx
Himachal Pradesh,2023,crime_against_children,704.0,cii_2024,Crime against Children (IPCBNS+SLL Crimes) - 2022-2024.xlsx
Himachal Pradesh,2024,crime_against_children,794.0,cii_2024,Crime against Children (IPCBNS+SLL Crimes) - 2022-2024.xlsx
Jharkhand,2022,crime_against_children,1917.0,cii_2024,Crime against Children (IPCBNS+SLL Crimes) - 2022-2024.xlsx
Jharkhand,2023,crime_against_children,1626.0,cii_2024,Crime against Children (IPCBNS+SLL Crimes) - 2022-2024.xlsx
Jharkhand,2024,crime_against_children,1555.0,cii_2024,Crime against Children (IPCBNS+SLL Crimes) - 2022-2024.xlsx
Karnataka,2022,crime_against_children,7988.0,cii_2024,Crime against Children (IPCBNS+SLL Crimes) - 2022-2024.xlsx
Karnataka,2023,crime_against_children,8929.0,cii_2024,Crime against Children (IPCBNS+SLL Crimes) - 2022-2024.xlsx
Karnataka,2024,crime_against_children,9568.0,cii_2024,Crime against Children (IPCBNS+SLL Crimes) - 2022-2024.xlsx
Kerala,2022,crime_against_children,5640.0,cii_2024,Crime against Children (IPCBNS+SLL Crimes) - 2022-2024.xlsx
Kerala,2023,crime_against_children,5903.0,cii_2024,Crime against Children (IPCBNS+SLL Crimes) - 2022-2024.xlsx
Kerala,2024,crime_against_children,5929.0,cii_2024,Crime against Children (IPCBNS+SLL Crimes) - 2022-2024.xlsx
Madhya Pradesh,2022,crime_against_children,20415.0,cii_2024,Crime against Children (IPCBNS+SLL Crimes) - 2022-2024.xlsx
Madhya Pradesh,2023,crime_against_children,22393.0,cii_2024,Crime against Children (IPCBNS+SLL Crimes) - 2022-2024.xlsx
Madhya Pradesh,2024,crime_against_children,21908.0,cii_2024,Crime against Children (IPCBNS+SLL Crimes) - 2022-2024.xlsx
Maharashtra,2022,crime_against_children,20762.0,cii_2024,Crime against Children (IPCBNS+SLL Crimes) - 2022-2024.xlsx
Maharashtra,2023,crime_against_children,22390.0,cii_2024,Crime against Children (IPCBNS+SLL Crimes) - 2022-2024.xlsx
Maharashtra,2024,crime_against_children,24171.0,cii_2024,Crime against Children (IPCBNS+SLL Crimes) - 2022-2024.xlsx
Manipur,2022,crime_against_children,120.0,cii_2024,Crime against Children (IPCBNS+SLL Crimes) - 2022-2024.xlsx
Manipur,2023,crime_against_children,85.0,cii_2024,Crime against Children (IPCBNS+SLL Crimes) - 2022-2024.xlsx
Manipur,2024,crime_against_children,107.0,cii_2024,Crime against Children (IPCBNS+SLL Crimes) - 2022-2024.xlsx
Meghalaya,2022,crime_against_children,496.0,cii_2024,Crime against Children (IPCBNS+SLL Crimes) - 2022-2024.xlsx
Meghalaya,2023,crime_against_children,512.0,cii_2024,Crime against Children (IPCBNS+SLL Crimes) - 2022-2024.xlsx
Meghalaya,2024,crime_against_children,556.0,cii_2024,Crime against Children (IPCBNS+SLL Crimes) - 2022-2024.xlsx
Mizoram,2022,crime_against_children,135.0,cii_2024,Crime against Children (IPCBNS+SLL Crimes) - 2022-2024.xlsx
Mizoram,2023,crime_against_children,146.0,cii_2024,Crime against Children (IPCBNS+SLL Crimes) - 2022-2024.xlsx
Mizoram,2024,crime_against_children,176.0,cii_2024,Crime against Children (IPCBNS+SLL Crimes) - 2022-2024.xlsx
Nagaland,2022,crime_against_children,35.0,cii_2024,Crime against Children (IPCBNS+SLL Crimes) - 2022-2024.xlsx
Nagaland,2023,crime_against_children,26.0,cii_2024,Crime against Children (IPCBNS+SLL Crimes) - 2022-2024.xlsx
Nagaland,2024,crime_against_children,52.0,cii_2024,Crime against Children (IPCBNS+SLL Crimes) - 2022-2024.xlsx
Odisha,2022,crime_against_children,8240.0,cii_2024,Crime against Children (IPCBNS+SLL Crimes) - 2022-2024.xlsx
Odisha,2023,crime_against_children,8577.0,cii_2024,Crime against Children (IPCBNS+SLL Crimes) - 2022-2024.xlsx
Odisha,2024,crime_against_children,9528.0,cii_2024,Crime against Children (IPCBNS+SLL Crimes) - 2022-2024.xlsx
Punjab,2022,crime_against_children,2494.0,cii_2024,Crime against Children (IPCBNS+SLL Crimes) - 2022-2024.xlsx
Punjab,2023,crime_against_children,2462.0,cii_2024,Crime against Children (IPCBNS+SLL Crimes) - 2022-2024.xlsx
Punjab,2024,crime_against_children,2468.0,cii_2024,Crime against Children (IPCBNS+SLL Crimes) - 2022-2024.xlsx
Rajasthan,2022,crime_against_children,9370.0,cii_2024,Crime against Children (IPCBNS+SLL Crimes) - 2022-2024.xlsx
Rajasthan,2023,crime_against_children,10577.0,cii_2024,Crime against Children (IPCBNS+SLL Crimes) - 2022-2024.xlsx
Rajasthan,2024,crime_against_children,8992.0,cii_2024,Crime against Children (IPCBNS+SLL Crimes) - 2022-2024.xlsx
Sikkim,2022,crime_against_children,159.0,cii_2024,Crime against Children (IPCBNS+SLL Crimes) - 2022-2024.xlsx
Sikkim,2023,crime_against_children,139.0,cii_2024,Crime against Children (IPCBNS+SLL Crimes) - 2022-2024.xlsx
Sikkim,2024,crime_against_children,122.0,cii_2024,Crime against Children (IPCBNS+SLL Crimes) - 2022-2024.xlsx
Tamil Nadu,2022,crime_against_children,6580.0,cii_2024,Crime against Children (IPCBNS+SLL Crimes) - 2022-2024.xlsx
Tamil Nadu,2023,crime_against_children,6968.0,cii_2024,Crime against Children (IPCBNS+SLL Crimes) - 2022-2024.xlsx
Tamil Nadu,2024,crime_against_children,10046.0,cii_2024,Crime against Children (IPCBNS+SLL Crimes) - 2022-2024.xlsx
Telangana,2022,crime_against_children,5657.0,cii_2024,Crime against Children (IPCBNS+SLL Crimes) - 2022-2024.xlsx
Telangana,2023,crime_against_children,6113.0,cii_2024,Crime against Children (IPCBNS+SLL Crimes) - 2022-2024.xlsx
Telangana,2024,crime_against_children,6767.0,cii_2024,Crime against Children (IPCBNS+SLL Crimes) - 2022-2024.xlsx
Tripura,2022,crime_against_children,220.0,cii_2024,Crime against Children (IPCBNS+SLL Crimes) - 2022-2024.xlsx
Tripura,2023,crime_against_children,255.0,cii_2024,Crime against Children (IPCBNS+SLL Crimes) - 2022-2024.xlsx
Tripura,2024,crime_against_children,270.0,cii_2024,Crime against Children (IPCBNS+SLL Crimes) - 2022-2024.xlsx
Uttar Pradesh,2022,crime_against_children,18682.0,cii_2024,Crime against Children (IPCBNS+SLL Crimes) - 2022-2024.xlsx
Uttar Pradesh,2023,crime_against_children,18852.0,cii_2024,Crime against Children (IPCBNS+SLL Crimes) - 2022-2024.xlsx
Uttar Pradesh,2024,crime_against_children,22222.0,cii_2024,Crime against Children (IPCBNS+SLL Crimes) - 2022-2024.xlsx
Uttarakhand,2022,crime_against_children,1706.0,cii_2024,Crime against Children (IPCBNS+SLL Crimes) - 2022-2024.xlsx
Uttarakhand,2023,crime_against_children,1710.0,cii_2024,Crime against Children (IPCBNS+SLL Crimes) - 2022-2024.xlsx
Uttarakhand,2024,crime_against_children,2068.0,cii_2024,Crime against Children (IPCBNS+SLL Crimes) - 2022-2024.xlsx
West Bengal,2022,crime_against_children,8950.0,cii_2024,Crime against Children (IPCBNS+SLL Crimes) - 2022-2024.xlsx
West Bengal,2023,crime_against_children,8853.0,cii_2024,Crime against Children (IPCBNS+SLL Crimes) - 2022-2024.xlsx
West Bengal,2024,crime_against_children,9044.0,cii_2024,Crime against Children (IPCBNS+SLL Crimes) - 2022-2024.xlsx
Andaman & Nicobar Islands,2022,crime_against_children,146.0,cii_2024,Crime against Children (IPCBNS+SLL Crimes) - 2022-2024.xlsx
Andaman & Nicobar Islands,2023,crime_against_children,161.0,cii_2024,Crime against Children (IPCBNS+SLL Crimes) - 2022-2024.xlsx
Andaman & Nicobar Islands,2024,crime_against_children,138.0,cii_2024,Crime against Children (IPCBNS+SLL Crimes) - 2022-2024.xlsx
Chandigarh,2022,crime_against_children,224.0,cii_2024,Crime against Children (IPCBNS+SLL Crimes) - 2022-2024.xlsx
Chandigarh,2023,crime_against_children,294.0,cii_2024,Crime against Children (IPCBNS+SLL Crimes) - 2022-2024.xlsx
Chandigarh,2024,crime_against_children,255.0,cii_2024,Crime against Children (IPCBNS+SLL Crimes) - 2022-2024.xlsx
DNH & Daman & Diu,2022,crime_against_children,107.0,cii_2024,Crime against Children (IPCBNS+SLL Crimes) - 2022-2024.xlsx
DNH & Daman & Diu,2023,crime_against_children,123.0,cii_2024,Crime against Children (IPCBNS+SLL Crimes) - 2022-2024.xlsx
DNH & Daman & Diu,2024,crime_against_children,84.0,cii_2024,Crime against Children (IPCBNS+SLL Crimes) - 2022-2024.xlsx
Delhi,2022,crime_against_children,7468.0,cii_2024,Crime against Children (IPCBNS+SLL Crimes) - 2022-2024.xlsx
Delhi,2023,crime_against_children,7769.0,cii_2024,Crime against Children (IPCBNS+SLL Crimes) - 2022-2024.xlsx
Delhi,2024,crime_against_children,7662.0,cii_2024,Crime against Children (IPCBNS+SLL Crimes) - 2022-2024.xlsx
Jammu & Kashmir,2022,crime_against_children,920.0,cii_2024,Crime against Children (IPCBNS+SLL Crimes) - 2022-2024.xlsx
Jammu & Kashmir,2023,crime_against_children,910.0,cii_2024,Crime against Children (IPCBNS+SLL Crimes) - 2022-2024.xlsx
Jammu & Kashmir,2024,crime_against_children,887.0,cii_2024,Crime against Children (IPCBNS+SLL Crimes) - 2022-2024.xlsx
Ladakh,2022,crime_against_children,8.0,cii_2024,Crime against Children (IPCBNS+SLL Crimes) - 2022-2024.xlsx
Ladakh,2023,crime_against_children,7.0,cii_2024,Crime against Children (IPCBNS+SLL Crimes) - 2022-2024.xlsx
Ladakh,2024,crime_against_children,17.0,cii_2024,Crime against Children (IPCBNS+SLL Crimes) - 2022-2024.xlsx
Lakshadweep,2022,crime_against_children,11.0,cii_2024,Crime against Children (IPCBNS+SLL Crimes) - 2022-2024.xlsx
Lakshadweep,2023,crime_against_children,11.0,cii_2024,Crime against Children (IPCBNS+SLL Crimes) - 2022-2024.xlsx
Lakshadweep,2024,crime_against_children,6.0,cii_2024,Crime against Children (IPCBNS+SLL Crimes) - 2022-2024.xlsx
Puducherry,2022,crime_against_children,139.0,cii_2024,Crime against Children (IPCBNS+SLL Crimes) - 2022-2024.xlsx
Puducherry,2023,crime_against_children,156.0,cii_2024,Crime against Children (IPCBNS+SLL Crimes) - 2022-2024.xlsx
Puducherry,2024,crime_against_children,193.0,cii_2024,Crime against Children (IPCBNS+SLL Crimes) - 2022-2024.xlsx
Andhra Pradesh,2022,crime_against_women,25503.0,cii_2024,Crime against Women (IPC+SLL) - 2022-2024.xlsx
Andhra Pradesh,2023,crime_against_women,22418.0,cii_2024,Crime against Women (IPC+SLL) - 2022-2024.xlsx
Andhra Pradesh,2024,crime_against_women,19952.0,cii_2024,Crime against Women (IPC+SLL) - 2022-2024.xlsx
Arunachal Pradesh,2022,crime_against_women,335.0,cii_2024,Crime against Women (IPC+SLL) - 2022-2024.xlsx
Arunachal Pradesh,2023,crime_against_women,326.0,cii_2024,Crime against Women (IPC+SLL) - 2022-2024.xlsx
Arunachal Pradesh,2024,crime_against_women,321.0,cii_2024,Crime against Women (IPC+SLL) - 2022-2024.xlsx
Assam,2022,crime_against_women,14148.0,cii_2024,Crime against Women (IPC+SLL) - 2022-2024.xlsx
Assam,2023,crime_against_women,12070.0,cii_2024,Crime against Women (IPC+SLL) - 2022-2024.xlsx
Assam,2024,crime_against_women,10546.0,cii_2024,Crime against Women (IPC+SLL) - 2022-2024.xlsx
Bihar,2022,crime_against_women,20222.0,cii_2024,Crime against Women (IPC+SLL) - 2022-2024.xlsx
Bihar,2023,crime_against_women,22952.0,cii_2024,Crime against Women (IPC+SLL) - 2022-2024.xlsx
Bihar,2024,crime_against_women,27359.0,cii_2024,Crime against Women (IPC+SLL) - 2022-2024.xlsx
Chhattisgarh,2022,crime_against_women,8693.0,cii_2024,Crime against Women (IPC+SLL) - 2022-2024.xlsx
Chhattisgarh,2023,crime_against_women,8035.0,cii_2024,Crime against Women (IPC+SLL) - 2022-2024.xlsx
Chhattisgarh,2024,crime_against_women,8601.0,cii_2024,Crime against Women (IPC+SLL) - 2022-2024.xlsx
Goa,2022,crime_against_women,273.0,cii_2024,Crime against Women (IPC+SLL) - 2022-2024.xlsx
Goa,2023,crime_against_women,286.0,cii_2024,Crime against Women (IPC+SLL) - 2022-2024.xlsx
Goa,2024,crime_against_women,356.0,cii_2024,Crime against Women (IPC+SLL) - 2022-2024.xlsx
Gujarat,2022,crime_against_women,7731.0,cii_2024,Crime against Women (IPC+SLL) - 2022-2024.xlsx
Gujarat,2023,crime_against_women,7805.0,cii_2024,Crime against Women (IPC+SLL) - 2022-2024.xlsx
Gujarat,2024,crime_against_women,7606.0,cii_2024,Crime against Women (IPC+SLL) - 2022-2024.xlsx
Haryana,2022,crime_against_women,16743.0,cii_2024,Crime against Women (IPC+SLL) - 2022-2024.xlsx
Haryana,2023,crime_against_women,15758.0,cii_2024,Crime against Women (IPC+SLL) - 2022-2024.xlsx
Haryana,2024,crime_against_women,13945.0,cii_2024,Crime against Women (IPC+SLL) - 2022-2024.xlsx
Himachal Pradesh,2022,crime_against_women,1551.0,cii_2024,Crime against Women (IPC+SLL) - 2022-2024.xlsx
Himachal Pradesh,2023,crime_against_women,1604.0,cii_2024,Crime against Women (IPC+SLL) - 2022-2024.xlsx
Himachal Pradesh,2024,crime_against_women,1605.0,cii_2024,Crime against Women (IPC+SLL) - 2022-2024.xlsx
Jharkhand,2022,crime_against_women,7678.0,cii_2024,Crime against Women (IPC+SLL) - 2022-2024.xlsx
Jharkhand,2023,crime_against_women,6989.0,cii_2024,Crime against Women (IPC+SLL) - 2022-2024.xlsx
Jharkhand,2024,crime_against_women,6367.0,cii_2024,Crime against Women (IPC+SLL) - 2022-2024.xlsx
Karnataka,2022,crime_against_women,17813.0,cii_2024,Crime against Women (IPC+SLL) - 2022-2024.xlsx
Karnataka,2023,crime_against_women,20336.0,cii_2024,Crime against Women (IPC+SLL) - 2022-2024.xlsx
Karnataka,2024,crime_against_women,19945.0,cii_2024,Crime against Women (IPC+SLL) - 2022-2024.xlsx
Kerala,2022,crime_against_women,15213.0,cii_2024,Crime against Women (IPC+SLL) - 2022-2024.xlsx
Kerala,2023,crime_against_women,16025.0,cii_2024,Crime against Women (IPC+SLL) - 2022-2024.xlsx
Kerala,2024,crime_against_women,15037.0,cii_2024,Crime against Women (IPC+SLL) - 2022-2024.xlsx
Madhya Pradesh,2022,crime_against_women,32765.0,cii_2024,Crime against Women (IPC+SLL) - 2022-2024.xlsx
Madhya Pradesh,2023,crime_against_women,32342.0,cii_2024,Crime against Women (IPC+SLL) - 2022-2024.xlsx
Madhya Pradesh,2024,crime_against_women,32832.0,cii_2024,Crime against Women (IPC+SLL) - 2022-2024.xlsx
Maharashtra,2022,crime_against_women,45331.0,cii_2024,Crime against Women (IPC+SLL) - 2022-2024.xlsx
Maharashtra,2023,crime_against_women,47101.0,cii_2024,Crime against Women (IPC+SLL) - 2022-2024.xlsx
Maharashtra,2024,crime_against_women,47954.0,cii_2024,Crime against Women (IPC+SLL) - 2022-2024.xlsx
Manipur,2022,crime_against_women,248.0,cii_2024,Crime against Women (IPC+SLL) - 2022-2024.xlsx
Manipur,2023,crime_against_women,201.0,cii_2024,Crime against Women (IPC+SLL) - 2022-2024.xlsx
Manipur,2024,crime_against_women,195.0,cii_2024,Crime against Women (IPC+SLL) - 2022-2024.xlsx
Meghalaya,2022,crime_against_women,690.0,cii_2024,Crime against Women (IPC+SLL) - 2022-2024.xlsx
Meghalaya,2023,crime_against_women,628.0,cii_2024,Crime against Women (IPC+SLL) - 2022-2024.xlsx
Meghalaya,2024,crime_against_women,658.0,cii_2024,Crime against Women (IPC+SLL) - 2022-2024.xlsx
Mizoram,2022,crime_against_women,147.0,cii_2024,Crime against Women (IPC+SLL) - 2022-2024.xlsx
Mizoram,2023,crime_against_women,184.0,cii_2024,Crime against Women (IPC+SLL) - 2022-2024.xlsx
Mizoram,2024,crime_against_women,259.0,cii_2024,Crime against Women (IPC+SLL) - 2022-2024.xlsx
Nagaland,2022,crime_against_women,49.0,cii_2024,Crime against Women (IPC+SLL) - 2022-2024.xlsx
Nagaland,2023,crime_against_women,56.0,cii_2024,Crime against Women (IPC+SLL) - 2022-2024.xlsx
Nagaland,2024,crime_against_women,56.0,cii_2024,Crime against Women (IPC+SLL) - 2022-2024.xlsx
Odisha,2022,crime_against_women,23648.0,cii_2024,Crime against Women (IPC+SLL) - 2022-2024.xlsx
Odisha,2023,crime_against_women,25914.0,cii_2024,Crime against Women (IPC+SLL) - 2022-2024.xlsx
Odisha,2024,crime_against_women,27449.0,cii_2024,Crime against Women (IPC+SLL) - 2022-2024.xlsx
Punjab,2022,crime_against_women,5572.0,cii_2024,Crime against Women (IPC+SLL) - 2022-2024.xlsx
Punjab,2023,crime_against_women,5258.0,cii_2024,Crime against Women (IPC+SLL) - 2022-2024.xlsx
Punjab,2024,crime_against_women,5348.0,cii_2024,Crime against Women (IPC+SLL) - 2022-2024.xlsx
Rajasthan,2022,crime_against_women,45058.0,cii_2024,Crime against Women (IPC+SLL) - 2022-2024.xlsx
Rajasthan,2023,crime_against_women,45450.0,cii_2024,Crime against Women (IPC+SLL) - 2022-2024.xlsx
Rajasthan,2024,crime_against_women,36563.0,cii_2024,Crime against Women (IPC+SLL) - 2022-2024.xlsx
Sikkim,2022,crime_against_women,179.0,cii_2024,Crime against Women (IPC+SLL) - 2022-2024.xlsx
Sikkim,2023,crime_against_women,134.0,cii_2024,Crime against Women (IPC+SLL) - 2022-2024.xlsx
Sikkim,2024,crime_against_women,131.0,cii_2024,Crime against Women (IPC+SLL) - 2022-2024.xlsx
Tamil Nadu,2022,crime_against_women,9207.0,cii_2024,Crime against Women (IPC+SLL) - 2022-2024.xlsx
Tamil Nadu,2023,crime_against_women,8943.0,cii_2024,Crime against Women (IPC+SLL) - 2022-2024.xlsx
Tamil Nadu,2024,crime_against_women,11363.0,cii_2024,Crime against Women (IPC+SLL) - 2022-2024.xlsx
Telangana,2022,crime_against_women,22066.0,cii_2024,Crime against Women (IPC+SLL) - 2022-2024.xlsx
Telangana,2023,crime_against_women,23678.0,cii_2024,Crime against Women (IPC+SLL) - 2022-2024.xlsx
Telangana,2024,crime_against_women,24495.0,cii_2024,Crime against Women (IPC+SLL) - 2022-2024.xlsx
Tripura,2022,crime_against_women,752.0,cii_2024,Crime against Women (IPC+SLL) - 2022-2024.xlsx
Tripura,2023,crime_against_women,791.0,cii_2024,Crime against Women (IPC+SLL) - 2022-2024.xlsx
Tripura,2024,crime_against_women,716.0,cii_2024,Crime against Women (IPC+SLL) - 2022-2024.xlsx
Uttar Pradesh,2022,crime_against_women,65743.0,cii_2024,Crime against Women (IPC+SLL) - 2022-2024.xlsx
Uttar Pradesh,2023,crime_against_women,66381.0,cii_2024,Crime against Women (IPC+SLL) - 2022-2024.xlsx
Uttar Pradesh,2024,crime_against_women,66398.0,cii_2024,Crime against Women (IPC+SLL) - 2022-2024.xlsx
Uttarakhand,2022,crime_against_women,4337.0,cii_2024,Crime against Women (IPC+SLL) - 2022-2024.xlsx
Uttarakhand,2023,crime_against_women,3808.0,cii_2024,Crime against Women (IPC+SLL) - 2022-2024.xlsx
Uttarakhand,2024,crime_against_women,3342.0,cii_2024,Crime against Women (IPC+SLL) - 2022-2024.xlsx
West Bengal,2022,crime_against_women,34738.0,cii_2024,Crime against Women (IPC+SLL) - 2022-2024.xlsx
West Bengal,2023,crime_against_women,34691.0,cii_2024,Crime against Women (IPC+SLL) - 2022-2024.xlsx
West Bengal,2024,crime_against_women,34360.0,cii_2024,Crime against Women (IPC+SLL) - 2022-2024.xlsx
Andaman & Nicobar Islands,2022,crime_against_women,178.0,cii_2024,Crime against Women (IPC+SLL) - 2022-2024.xlsx
Andaman & Nicobar Islands,2023,crime_against_women,205.0,cii_2024,Crime against Women (IPC+SLL) - 2022-2024.xlsx
Andaman & Nicobar Islands,2024,crime_against_women,156.0,cii_2024,Crime against Women (IPC+SLL) - 2022-2024.xlsx
Chandigarh,2022,crime_against_women,325.0,cii_2024,Crime against Women (IPC+SLL) - 2022-2024.xlsx
Chandigarh,2023,crime_against_women,371.0,cii_2024,Crime against Women (IPC+SLL) - 2022-2024.xlsx
Chandigarh,2024,crime_against_women,452.0,cii_2024,Crime against Women (IPC+SLL) - 2022-2024.xlsx
DNH & Daman & Diu,2022,crime_against_women,126.0,cii_2024,Crime against Women (IPC+SLL) - 2022-2024.xlsx
DNH & Daman & Diu,2023,crime_against_women,124.0,cii_2024,Crime against Women (IPC+SLL) - 2022-2024.xlsx
DNH & Daman & Diu,2024,crime_against_women,86.0,cii_2024,Crime against Women (IPC+SLL) - 2022-2024.xlsx
Delhi,2022,crime_against_women,14247.0,cii_2024,Crime against Women (IPC+SLL) - 2022-2024.xlsx
Delhi,2023,crime_against_women,13439.0,cii_2024,Crime against Women (IPC+SLL) - 2022-2024.xlsx
Delhi,2024,crime_against_women,13396.0,cii_2024,Crime against Women (IPC+SLL) - 2022-2024.xlsx
Jammu & Kashmir,2022,crime_against_women,3716.0,cii_2024,Crime against Women (IPC+SLL) - 2022-2024.xlsx
Jammu & Kashmir,2023,crime_against_women,3653.0,cii_2024,Crime against Women (IPC+SLL) - 2022-2024.xlsx
Jammu & Kashmir,2024,crime_against_women,3366.0,cii_2024,Crime against Women (IPC+SLL) - 2022-2024.xlsx
Ladakh,2022,crime_against_women,15.0,cii_2024,Crime against Women (IPC+SLL) - 2022-2024.xlsx
Ladakh,2023,crime_against_women,20.0,cii_2024,Crime against Women (IPC+SLL) - 2022-2024.xlsx
Ladakh,2024,crime_against_women,34.0,cii_2024,Crime against Women (IPC+SLL) - 2022-2024.xlsx
Lakshadweep,2022,crime_against_women,16.0,cii_2024,Crime against Women (IPC+SLL) - 2022-2024.xlsx
Lakshadweep,2023,crime_against_women,23.0,cii_2024,Crime against Women (IPC+SLL) - 2022-2024.xlsx
Lakshadweep,2024,crime_against_women,13.0,cii_2024,Crime against Women (IPC+SLL) - 2022-2024.xlsx
Puducherry,2022,crime_against_women,200.0,cii_2024,Crime against Women (IPC+SLL) - 2022-2024.xlsx
Puducherry,2023,crime_against_women,212.0,cii_2024,Crime against Women (IPC+SLL) - 2022-2024.xlsx
Puducherry,2024,crime_against_women,272.0,cii_2024,Crime against Women (IPC+SLL) - 2022-2024.xlsx
Andhra Pradesh,2022,cyber_crime,2341.0,cii_2024,Cyber Crimes (StateUT-wise) - 2022-2024.xlsx
Andhra Pradesh,2023,cyber_crime,2341.0,cii_2024,Cyber Crimes (StateUT-wise) - 2022-2024.xlsx
Andhra Pradesh,2024,cyber_crime,2528.0,cii_2024,Cyber Crimes (StateUT-wise) - 2022-2024.xlsx
Arunachal Pradesh,2022,cyber_crime,14.0,cii_2024,Cyber Crimes (StateUT-wise) - 2022-2024.xlsx
Arunachal Pradesh,2023,cyber_crime,24.0,cii_2024,Cyber Crimes (StateUT-wise) - 2022-2024.xlsx
Arunachal Pradesh,2024,cyber_crime,78.0,cii_2024,Cyber Crimes (StateUT-wise) - 2022-2024.xlsx
Assam,2022,cyber_crime,1733.0,cii_2024,Cyber Crimes (StateUT-wise) - 2022-2024.xlsx
Assam,2023,cyber_crime,909.0,cii_2024,Cyber Crimes (StateUT-wise) - 2022-2024.xlsx
Assam,2024,cyber_crime,408.0,cii_2024,Cyber Crimes (StateUT-wise) - 2022-2024.xlsx
Bihar,2022,cyber_crime,1621.0,cii_2024,Cyber Crimes (StateUT-wise) - 2022-2024.xlsx
Bihar,2023,cyber_crime,4450.0,cii_2024,Cyber Crimes (StateUT-wise) - 2022-2024.xlsx
Bihar,2024,cyber_crime,6380.0,cii_2024,Cyber Crimes (StateUT-wise) - 2022-2024.xlsx
Chhattisgarh,2022,cyber_crime,439.0,cii_2024,Cyber Crimes (StateUT-wise) - 2022-2024.xlsx
Chhattisgarh,2023,cyber_crime,473.0,cii_2024,Cyber Crimes (StateUT-wise) - 2022-2024.xlsx
Chhattisgarh,2024,cyber_crime,660.0,cii_2024,Cyber Crimes (StateUT-wise) - 2022-2024.xlsx
Goa,2022,cyber_crime,90.0,cii_2024,Cyber Crimes (StateUT-wise) - 2022-2024.xlsx
Goa,2023,cyber_crime,86.0,cii_2024,Cyber Crimes (StateUT-wise) - 2022-2024.xlsx
Goa,2024,cyber_crime,77.0,cii_2024,Cyber Crimes (StateUT-wise) - 2022-2024.xlsx
Gujarat,2022,cyber_crime,1417.0,cii_2024,Cyber Crimes (StateUT-wise) - 2022-2024.xlsx
Gujarat,2023,cyber_crime,1995.0,cii_2024,Cyber Crimes (StateUT-wise) - 2022-2024.xlsx
Gujarat,2024,cyber_crime,1592.0,cii_2024,Cyber Crimes (StateUT-wise) - 2022-2024.xlsx
Haryana,2022,cyber_crime,681.0,cii_2024,Cyber Crimes (StateUT-wise) - 2022-2024.xlsx
Haryana,2023,cyber_crime,751.0,cii_2024,Cyber Crimes (StateUT-wise) - 2022-2024.xlsx
Haryana,2024,cyber_crime,1815.0,cii_2024,Cyber Crimes (StateUT-wise) - 2022-2024.xlsx
Himachal Pradesh,2022,cyber_crime,77.0,cii_2024,Cyber Crimes (StateUT-wise) - 2022-2024.xlsx
Himachal Pradesh,2023,cyber_crime,127.0,cii_2024,Cyber Crimes (StateUT-wise) - 2022-2024.xlsx
Himachal Pradesh,2024,cyber_crime,148.0,cii_2024,Cyber Crimes (StateUT-wise) - 2022-2024.xlsx
Jharkhand,2022,cyber_crime,967.0,cii_2024,Cyber Crimes (StateUT-wise) - 2022-2024.xlsx
Jharkhand,2023,cyber_crime,1079.0,cii_2024,Cyber Crimes (StateUT-wise) - 2022-2024.xlsx
Jharkhand,2024,cyber_crime,1423.0,cii_2024,Cyber Crimes (StateUT-wise) - 2022-2024.xlsx
Karnataka,2022,cyber_crime,12556.0,cii_2024,Cyber Crimes (StateUT-wise) - 2022-2024.xlsx
Karnataka,2023,cyber_crime,21889.0,cii_2024,Cyber Crimes (StateUT-wise) - 2022-2024.xlsx
Karnataka,2024,cyber_crime,21993.0,cii_2024,Cyber Crimes (StateUT-wise) - 2022-2024.xlsx
Kerala,2022,cyber_crime,773.0,cii_2024,Cyber Crimes (StateUT-wise) - 2022-2024.xlsx
Kerala,2023,cyber_crime,3295.0,cii_2024,Cyber Crimes (StateUT-wise) - 2022-2024.xlsx
Kerala,2024,cyber_crime,2962.0,cii_2024,Cyber Crimes (StateUT-wise) - 2022-2024.xlsx
Madhya Pradesh,2022,cyber_crime,826.0,cii_2024,Cyber Crimes (StateUT-wise) - 2022-2024.xlsx
Madhya Pradesh,2023,cyber_crime,685.0,cii_2024,Cyber Crimes (StateUT-wise) - 2022-2024.xlsx
Madhya Pradesh,2024,cyber_crime,1081.0,cii_2024,Cyber Crimes (StateUT-wise) - 2022-2024.xlsx
Maharashtra,2022,cyber_crime,8249.0,cii_2024,Cyber Crimes (StateUT-wise) - 2022-2024.xlsx
Maharashtra,2023,cyber_crime,8103.0,cii_2024,Cyber Crimes (StateUT-wise) - 2022-2024.xlsx
Maharashtra,2024,cyber_crime,9922.0,cii_2024,Cyber Crimes (StateUT-wise) - 2022-2024.xlsx
Manipur,2022,cyber_crime,18.0,cii_2024,Cyber Crimes (StateUT-wise) - 2022-2024.xlsx
Manipur,2023,cyber_crime,3.0,cii_2024,Cyber Crimes (StateUT-wise) - 2022-2024.xlsx
Manipur,2024,cyber_crime,5.0,cii_2024,Cyber Crimes (StateUT-wise) - 2022-2024.xlsx
Meghalaya,2022,cyber_crime,75.0,cii_2024,Cyber Crimes (StateUT-wise) - 2022-2024.xlsx
Meghalaya,2023,cyber_crime,64.0,cii_2024,Cyber Crimes (StateUT-wise) - 2022-2024.xlsx
Meghalaya,2024,cyber_crime,97.0,cii_2024,Cyber Crimes (StateUT-wise) - 2022-2024.xlsx
Mizoram,2022,cyber_crime,1.0,cii_2024,Cyber Crimes (StateUT-wise) - 2022-2024.xlsx
Mizoram,2023,cyber_crime,31.0,cii_2024,Cyber Crimes (StateUT-wise) - 2022-2024.xlsx
Mizoram,2024,cyber_crime,50.0,cii_2024,Cyber Crimes (StateUT-wise) - 2022-2024.xlsx
Nagaland,2022,cyber_crime,4.0,cii_2024,Cyber Crimes (StateUT-wise) - 2022-2024.xlsx
Nagaland,2023,cyber_crime,2.0,cii_2024,Cyber Crimes (StateUT-wise) - 2022-2024.xlsx
Nagaland,2024,cyber_crime,14.0,cii_2024,Cyber Crimes (StateUT-wise) - 2022-2024.xlsx
Odisha,2022,cyber_crime,1983.0,cii_2024,Cyber Crimes (StateUT-wise) - 2022-2024.xlsx
Odisha,2023,cyber_crime,2348.0,cii_2024,Cyber Crimes (StateUT-wise) - 2022-2024.xlsx
Odisha,2024,cyber_crime,2501.0,cii_2024,Cyber Crimes (StateUT-wise) - 2022-2024.xlsx
Punjab,2022,cyber_crime,697.0,cii_2024,Cyber Crimes (StateUT-wise) - 2022-2024.xlsx
Punjab,2023,cyber_crime,511.0,cii_2024,Cyber Crimes (StateUT-wise) - 2022-2024.xlsx
Punjab,2024,cyber_crime,888.0,cii_2024,Cyber Crimes (StateUT-wise) - 2022-2024.xlsx
Rajasthan,2022,cyber_crime,1833.0,cii_2024,Cyber Crimes (StateUT-wise) - 2022-2024.xlsx
Rajasthan,2023,cyber_crime,2435.0,cii_2024,Cyber Crimes (StateUT-wise) - 2022-2024.xlsx
Rajasthan,2024,cyber_crime,1527.0,cii_2024,Cyber Crimes (StateUT-wise) - 2022-2024.xlsx
Sikkim,2022,cyber_crime,26.0,cii_2024,Cyber Crimes (StateUT-wise) - 2022-2024.xlsx
Sikkim,2023,cyber_crime,12.0,cii_2024,Cyber Crimes (StateUT-wise) - 2022-2024.xlsx
Sikkim,2024,cyber_crime,15.0,cii_2024,Cyber Crimes (StateUT-wise) - 2022-2024.xlsx
Tamil Nadu,2022,cyber_crime,2082.0,cii_2024,Cyber Crimes (StateUT-wise) - 2022-2024.xlsx
Tamil Nadu,2023,cyber_crime,4121.0,cii_2024,Cyber Crimes (StateUT-wise) - 2022-2024.xlsx
Tamil Nadu,2024,cyber_crime,5793.0,cii_2024,Cyber Crimes (StateUT-wise) - 2022-2024.xlsx
Telangana,2022,cyber_crime,15297.0,cii_2024,Cyber Crimes (StateUT-wise) - 2022-2024.xlsx
Telangana,2023,cyber_crime,18236.0,cii_2024,Cyber Crimes (StateUT-wise) - 2022-2024.xlsx
Telangana,2024,cyber_crime,27230.0,cii_2024,Cyber Crimes (StateUT-wise) - 2022-2024.xlsx
Tripura,2022,cyber_crime,30.0,cii_2024,Cyber Crimes (StateUT-wise) - 2022-2024.xlsx
Tripura,2023,cyber_crime,36.0,cii_2024,Cyber Crimes (StateUT-wise) - 2022-2024.xlsx
Tripura,2024,cyber_crime,33.0,cii_2024,Cyber Crimes (StateUT-wise) - 2022-2024.xlsx
Uttar Pradesh,2022,cyber_crime,10117.0,cii_2024,Cyber Crimes (StateUT-wise) - 2022-2024.xlsx
Uttar Pradesh,2023,cyber_crime,10794.0,cii_2024,Cyber Crimes (StateUT-wise) - 2022-2024.xlsx
Uttar Pradesh,2024,cyber_crime,11073.0,cii_2024,Cyber Crimes (StateUT-wise) - 2022-2024.xlsx
Uttarakhand,2022,cyber_crime,559.0,cii_2024,Cyber Crimes (StateUT-wise) - 2022-2024.xlsx
Uttarakhand,2023,cyber_crime,494.0,cii_2024,Cyber Crimes (StateUT-wise) - 2022-2024.xlsx
Uttarakhand,2024,cyber_crime,543.0,cii_2024,Cyber Crimes (StateUT-wise) - 2022-2024.xlsx
West Bengal,2022,cyber_crime,401.0,cii_2024,Cyber Crimes (StateUT-wise) - 2022-2024.xlsx
West Bengal,2023,cyber_crime,309.0,cii_2024,Cyber Crimes (StateUT-wise) - 2022-2024.xlsx
West Bengal,2024,cyber_crime,282.0,cii_2024,Cyber Crimes (StateUT-wise) - 2022-2024.xlsx
Andaman & Nicobar Islands,2022,cyber_crime,28.0,cii_2024,Cyber Crimes (StateUT-wise) - 2022-2024.xlsx
Andaman & Nicobar Islands,2023,cyber_crime,47.0,cii_2024,Cyber Crimes (StateUT-wise) - 2022-2024.xlsx
Andaman & Nicobar Islands,2024,cyber_crime,28.0,cii_2024,Cyber Crimes (StateUT-wise) - 2022-2024.xlsx
Chandigarh,2022,cyber_crime,27.0,cii_2024,Cyber Crimes (StateUT-wise) - 2022-2024.xlsx
Chandigarh,2023,cyber_crime,23.0,cii_2024,Cyber Crimes (StateUT-wise) - 2022-2024.xlsx
Chandigarh,2024,cyber_crime,116.0,cii_2024,Cyber Crimes (StateUT-wise) - 2022-2024.xlsx
DNH & Daman & Diu,2022,cyber_crime,5.0,cii_2024,Cyber Crimes (StateUT-wise) - 2022-2024.xlsx
DNH & Daman & Diu,2023,cyber_crime,6.0,cii_2024,Cyber Crimes (StateUT-wise) - 2022-2024.xlsx
DNH & Daman & Diu,2024,cyber_crime,5.0,cii_2024,Cyber Crimes (StateUT-wise) - 2022-2024.xlsx
Delhi,2022,cyber_crime,685.0,cii_2024,Cyber Crimes (StateUT-wise) - 2022-2024.xlsx
Delhi,2023,cyber_crime,407.0,cii_2024,Cyber Crimes (StateUT-wise) - 2022-2024.xlsx
Delhi,2024,cyber_crime,404.0,cii_2024,Cyber Crimes (StateUT-wise) - 2022-2024.xlsx
Jammu & Kashmir,2022,cyber_crime,173.0,cii_2024,Cyber Crimes (StateUT-wise) - 2022-2024.xlsx
Jammu & Kashmir,2023,cyber_crime,185.0,cii_2024,Cyber Crimes (StateUT-wise) - 2022-2024.xlsx
Jammu & Kashmir,2024,cyber_crime,114.0,cii_2024,Cyber Crimes (StateUT-wise) - 2022-2024.xlsx
Ladakh,2022,cyber_crime,3.0,cii_2024,Cyber Crimes (StateUT-wise) - 2022-2024.xlsx
Ladakh,2023,cyber_crime,1.0,cii_2024,Cyber Crimes (StateUT-wise) - 2022-2024.xlsx
Ladakh,2024,cyber_crime,1.0,cii_2024,Cyber Crimes (StateUT-wise) - 2022-2024.xlsx
Lakshadweep,2022,cyber_crime,1.0,cii_2024,Cyber Crimes (StateUT-wise) - 2022-2024.xlsx
Lakshadweep,2023,cyber_crime,1.0,cii_2024,Cyber Crimes (StateUT-wise) - 2022-2024.xlsx
Lakshadweep,2024,cyber_crime,0.0,cii_2024,Cyber Crimes (StateUT-wise) - 2022-2024.xlsx
Puducherry,2022,cyber_crime,64.0,cii_2024,Cyber Crimes (StateUT-wise) - 2022-2024.xlsx
Puducherry,2023,cyber_crime,147.0,cii_2024,Cyber Crimes (StateUT-wise) - 2022-2024.xlsx
Puducherry,2024,cyber_crime,142.0,cii_2024,Cyber Crimes (StateUT-wise) - 2022-2024.xlsx
Andhra Pradesh,2022,ipc_bns_crime,158547.0,cii_2024,IPCBNS Crimes (StateUT-wise) - 2022-2024.xlsx
Andhra Pradesh,2023,ipc_bns_crime,153867.0,cii_2024,IPCBNS Crimes (StateUT-wise) - 2022-2024.xlsx
Andhra Pradesh,2024,ipc_bns_crime,116076.0,cii_2024,IPCBNS Crimes (StateUT-wise) - 2022-2024.xlsx
Arunachal Pradesh,2022,ipc_bns_crime,2308.0,cii_2024,IPCBNS Crimes (StateUT-wise) - 2022-2024.xlsx
Arunachal Pradesh,2023,ipc_bns_crime,2505.0,cii_2024,IPCBNS Crimes (StateUT-wise) - 2022-2024.xlsx
Arunachal Pradesh,2024,ipc_bns_crime,2479.0,cii_2024,IPCBNS Crimes (StateUT-wise) - 2022-2024.xlsx
Assam,2022,ipc_bns_crime,59315.0,cii_2024,IPCBNS Crimes (StateUT-wise) - 2022-2024.xlsx
Assam,2023,ipc_bns_crime,49884.0,cii_2024,IPCBNS Crimes (StateUT-wise) - 2022-2024.xlsx
Assam,2024,ipc_bns_crime,39816.0,cii_2024,IPCBNS Crimes (StateUT-wise) - 2022-2024.xlsx
Bihar,2022,ipc_bns_crime,211079.0,cii_2024,IPCBNS Crimes (StateUT-wise) - 2022-2024.xlsx
Bihar,2023,ipc_bns_crime,231627.0,cii_2024,IPCBNS Crimes (StateUT-wise) - 2022-2024.xlsx
Bihar,2024,ipc_bns_crime,238753.0,cii_2024,IPCBNS Crimes (StateUT-wise) - 2022-2024.xlsx
Chhattisgarh,2022,ipc_bns_crime,73822.0,cii_2024,IPCBNS Crimes (StateUT-wise) - 2022-2024.xlsx
Chhattisgarh,2023,ipc_bns_crime,67961.0,cii_2024,IPCBNS Crimes (StateUT-wise) - 2022-2024.xlsx
Chhattisgarh,2024,ipc_bns_crime,72410.0,cii_2024,IPCBNS Crimes (StateUT-wise) - 2022-2024.xlsx
Goa,2022,ipc_bns_crime,2711.0,cii_2024,IPCBNS Crimes (StateUT-wise) - 2022-2024.xlsx
Goa,2023,ipc_bns_crime,2094.0,cii_2024,IPCBNS Crimes (StateUT-wise) - 2022-2024.xlsx
Goa,2024,ipc_bns_crime,2121.0,cii_2024,IPCBNS Crimes (StateUT-wise) - 2022-2024.xlsx
Gujarat,2022,ipc_bns_crime,134600.0,cii_2024,IPCBNS Crimes (StateUT-wise) - 2022-2024.xlsx
Gujarat,2023,ipc_bns_crime,170657.0,cii_2024,IPCBNS Crimes (StateUT-wise) - 2022-2024.xlsx
Gujarat,2024,ipc_bns_crime,165419.0,cii_2024,IPCBNS Crimes (StateUT-wise) - 2022-2024.xlsx
Haryana,2022,ipc_bns_crime,125435.0,cii_2024,IPCBNS Crimes (StateUT-wise) - 2022-2024.xlsx
Haryana,2023,ipc_bns_crime,129294.0,cii_2024,IPCBNS Crimes (StateUT-wise) - 2022-2024.xlsx
Haryana,2024,ipc_bns_crime,113101.0,cii_2024,IPCBNS Crimes (StateUT-wise) - 2022-2024.xlsx
Himachal Pradesh,2022,ipc_bns_crime,13231.0,cii_2024,IPCBNS Crimes (StateUT-wise) - 2022-2024.xlsx
Himachal Pradesh,2023,ipc_bns_crime,13505.0,cii_2024,IPCBNS Crimes (StateUT-wise) - 2022-2024.xlsx
Himachal Pradesh,2024,ipc_bns_crime,12071.0,cii_2024,IPCBNS Crimes (StateUT-wise) - 2022-2024.xlsx
Jharkhand,2022,ipc_bns_crime,48726.0,cii_2024,IPCBNS Crimes (StateUT-wise) - 2022-2024.xlsx
Jharkhand,2023,ipc_bns_crime,50187.0,cii_2024,IPCBNS Crimes (StateUT-wise) - 2022-2024.xlsx
Jharkhand,2024,ipc_bns_crime,47250.0,cii_2024,IPCBNS Crimes (StateUT-wise) - 2022-2024.xlsx
Karnataka,2022,ipc_bns_crime,129461.0,cii_2024,IPCBNS Crimes (StateUT-wise) - 2022-2024.xlsx
Karnataka,2023,ipc_bns_crime,148648.0,cii_2024,IPCBNS Crimes (StateUT-wise) - 2022-2024.xlsx
Karnataka,2024,ipc_bns_crime,138784.0,cii_2024,IPCBNS Crimes (StateUT-wise) - 2022-2024.xlsx
Kerala,2022,ipc_bns_crime,235858.0,cii_2024,IPCBNS Crimes (StateUT-wise) - 2022-2024.xlsx
Kerala,2023,ipc_bns_crime,258538.0,cii_2024,IPCBNS Crimes (StateUT-wise) - 2022-2024.xlsx
Kerala,2024,ipc_bns_crime,184528.0,cii_2024,IPCBNS Crimes (StateUT-wise) - 2022-2024.xlsx
Madhya Pradesh,2022,ipc_bns_crime,298578.0,cii_2024,IPCBNS Crimes (StateUT-wise) - 2022-2024.xlsx
Madhya Pradesh,2023,ipc_bns_crime,297689.0,cii_2024,IPCBNS Crimes (StateUT-wise) - 2022-2024.xlsx
Madhya Pradesh,2024,ipc_bns_crime,282874.0,cii_2024,IPCBNS Crimes (StateUT-wise) - 2022-2024.xlsx
Maharashtra,2022,ipc_bns_crime,374038.0,cii_2024,IPCBNS Crimes (StateUT-wise) - 2022-2024.xlsx
Maharashtra,2023,ipc_bns_crime,385623.0,cii_2024,IPCBNS Crimes (StateUT-wise) - 2022-2024.xlsx
Maharashtra,2024,ipc_bns_crime,383044.0,cii_2024,IPCBNS Crimes (StateUT-wise) - 2022-2024.xlsx
Manipur,2022,ipc_bns_crime,3029.0,cii_2024,IPCBNS Crimes (StateUT-wise) - 2022-2024.xlsx
Manipur,2023,ipc_bns_crime,19192.0,cii_2024,IPCBNS Crimes (StateUT-wise) - 2022-2024.xlsx
Manipur,2024,ipc_bns_crime,4572.0,cii_2024,IPCBNS Crimes (StateUT-wise) - 2022-2024.xlsx
Meghalaya,2022,ipc_bns_crime,2914.0,cii_2024,IPCBNS Crimes (StateUT-wise) - 2022-2024.xlsx
Meghalaya,2023,ipc_bns_crime,2730.0,cii_2024,IPCBNS Crimes (StateUT-wise) - 2022-2024.xlsx
Meghalaya,2024,ipc_bns_crime,3233.0,cii_2024,IPCBNS Crimes (StateUT-wise) - 2022-2024.xlsx
Mizoram,2022,ipc_bns_crime,3587.0,cii_2024,IPCBNS Crimes (StateUT-wise) - 2022-2024.xlsx
Mizoram,2023,ipc_bns_crime,3281.0,cii_2024,IPCBNS Crimes (StateUT-wise) - 2022-2024.xlsx
Mizoram,2024,ipc_bns_crime,2701.0,cii_2024,IPCBNS Crimes (StateUT-wise) - 2022-2024.xlsx
Nagaland,2022,ipc_bns_crime,1008.0,cii_2024,IPCBNS Crimes (StateUT-wise) - 2022-2024.xlsx
Nagaland,2023,ipc_bns_crime,1050.0,cii_2024,IPCBNS Crimes (StateUT-wise) - 2022-2024.xlsx
Nagaland,2024,ipc_bns_crime,802.0,cii_2024,IPCBNS Crimes (StateUT-wise) - 2022-2024.xlsx
Odisha,2022,ipc_bns_crime,143414.0,cii_2024,IPCBNS Crimes (StateUT-wise) - 2022-2024.xlsx
Odisha,2023,ipc_bns_crime,170022.0,cii_2024,IPCBNS Crimes (StateUT-wise) - 2022-2024.xlsx
Odisha,2024,ipc_bns_crime,171193.0,cii_2024,IPCBNS Crimes (StateUT-wise) - 2022-2024.xlsx
Punjab,2022,ipc_bns_crime,43738.0,cii_2024,IPCBNS Crimes (StateUT-wise) - 2022-2024.xlsx
Punjab,2023,ipc_bns_crime,44872.0,cii_2024,IPCBNS Crimes (StateUT-wise) - 2022-2024.xlsx
Punjab,2024,ipc_bns_crime,47677.0,cii_2024,IPCBNS Crimes (StateUT-wise) - 2022-2024.xlsx
Rajasthan,2022,ipc_bns_crime,236090.0,cii_2024,IPCBNS Crimes (StateUT-wise) - 2022-2024.xlsx
Rajasthan,2023,ipc_bns_crime,234985.0,cii_2024,IPCBNS Crimes (StateUT-wise) - 2022-2024.xlsx
Rajasthan,2024,ipc_bns_crime,213352.0,cii_2024,IPCBNS Crimes (StateUT-wise) - 2022-2024.xlsx
Sikkim,2022,ipc_bns_crime,549.0,cii_2024,IPCBNS Crimes (StateUT-wise) - 2022-2024.xlsx
Sikkim,2023,ipc_bns_crime,511.0,cii_2024,IPCBNS Crimes (StateUT-wise) - 2022-2024.xlsx
Sikkim,2024,ipc_bns_crime,507.0,cii_2024,IPCBNS Crimes (StateUT-wise) - 2022-2024.xlsx
Tamil Nadu,2022,ipc_bns_crime,193913.0,cii_2024,IPCBNS Crimes (StateUT-wise) - 2022-2024.xlsx
Tamil Nadu,2023,ipc_bns_crime,203804.0,cii_2024,IPCBNS Crimes (StateUT-wise) - 2022-2024.xlsx
Tamil Nadu,2024,ipc_bns_crime,197149.0,cii_2024,IPCBNS Crimes (StateUT-wise) - 2022-2024.xlsx
Telangana,2022,ipc_bns_crime,151849.0,cii_2024,IPCBNS Crimes (StateUT-wise) - 2022-2024.xlsx
Telangana,2023,ipc_bns_crime,156737.0,cii_2024,IPCBNS Crimes (StateUT-wise) - 2022-2024.xlsx
Telangana,2024,ipc_bns_crime,190704.0,cii_2024,IPCBNS Crimes (StateUT-wise) - 2022-2024.xlsx
Tripura,2022,ipc_bns_crime,3653.0,cii_2024,IPCBNS Crimes (StateUT-wise) - 2022-2024.xlsx
Tripura,2023,ipc_bns_crime,3814.0,cii_2024,IPCBNS Crimes (StateUT-wise) - 2022-2024.xlsx
Tripura,2024,ipc_bns_crime,2994.0,cii_2024,IPCBNS Crimes (StateUT-wise) - 2022-2024.xlsx
Uttar Pradesh,2022,ipc_bns_crime,401787.0,cii_2024,IPCBNS Crimes (StateUT-wise) - 2022-2024.xlsx
Uttar Pradesh,2023,ipc_bns_crime,428794.0,cii_2024,IPCBNS Crimes (StateUT-wise) - 2022-2024.xlsx
Uttar Pradesh,2024,ipc_bns_crime,430552.0,cii_2024,IPCBNS Crimes (StateUT-wise) - 2022-2024.xlsx
Uttarakhand,2022,ipc_bns_crime,16967.0,cii_2024,IPCBNS Crimes (StateUT-wise) - 2022-2024.xlsx
Uttarakhand,2023,ipc_bns_crime,17094.0,cii_2024,IPCBNS Crimes (StateUT-wise) - 2022-2024.xlsx
Uttarakhand,2024,ipc_bns_crime,15853.0,cii_2024,IPCBNS Crimes (StateUT-wise) - 2022-2024.xlsx
West Bengal,2022,ipc_bns_crime,156503.0,cii_2024,IPCBNS Crimes (StateUT-wise) - 2022-2024.xlsx
West Bengal,2023,ipc_bns_crime,156237.0,cii_2024,IPCBNS Crimes (StateUT-wise) - 2022-2024.xlsx
West Bengal,2024,ipc_bns_crime,157909.0,cii_2024,IPCBNS Crimes (StateUT-wise) - 2022-2024.xlsx
Andaman & Nicobar Islands,2022,ipc_bns_crime,460.0,cii_2024,IPCBNS Crimes (StateUT-wise) - 2022-2024.xlsx
Andaman & Nicobar Islands,2023,ipc_bns_crime,587.0,cii_2024,IPCBNS Crimes (StateUT-wise) - 2022-2024.xlsx
Andaman & Nicobar Islands,2024,ipc_bns_crime,522.0,cii_2024,IPCBNS Crimes (StateUT-wise) - 2022-2024.xlsx
Chandigarh,2022,ipc_bns_crime,2941.0,cii_2024,IPCBNS Crimes (StateUT-wise) - 2022-2024.xlsx
Chandigarh,2023,ipc_bns_crime,3285.0,cii_2024,IPCBNS Crimes (StateUT-wise) - 2022-2024.xlsx
Chandigarh,2024,ipc_bns_crime,3621.0,cii_2024,IPCBNS Crimes (StateUT-wise) - 2022-2024.xlsx
DNH & Daman & Diu,2022,ipc_bns_crime,1184.0,cii_2024,IPCBNS Crimes (StateUT-wise) - 2022-2024.xlsx
DNH & Daman & Diu,2023,ipc_bns_crime,761.0,cii_2024,IPCBNS Crimes (StateUT-wise) - 2022-2024.xlsx
DNH & Daman & Diu,2024,ipc_bns_crime,540.0,cii_2024,IPCBNS Crimes (StateUT-wise) - 2022-2024.xlsx
Delhi,2022,ipc_bns_crime,300429.0,cii_2024,IPCBNS Crimes (StateUT-wise) - 2022-2024.xlsx
Delhi,2023,ipc_bns_crime,324257.0,cii_2024,IPCBNS Crimes (StateUT-wise) - 2022-2024.xlsx
Delhi,2024,ipc_bns_crime,275402.0,cii_2024,IPCBNS Crimes (StateUT-wise) - 2022-2024.xlsx
Jammu & Kashmir,2022,ipc_bns_crime,25915.0,cii_2024,IPCBNS Crimes (StateUT-wise) - 2022-2024.xlsx
Jammu & Kashmir,2023,ipc_bns_crime,25127.0,cii_2024,IPCBNS Crimes (StateUT-wise) - 2022-2024.xlsx
Jammu & Kashmir,2024,ipc_bns_crime,22577.0,cii_2024,IPCBNS Crimes (StateUT-wise) - 2022-2024.xlsx
Ladakh,2022,ipc_bns_crime,439.0,cii_2024,IPCBNS Crimes (StateUT-wise) - 2022-2024.xlsx
Ladakh,2023,ipc_bns_crime,459.0,cii_2024,IPCBNS Crimes (StateUT-wise) - 2022-2024.xlsx
Ladakh,2024,ipc_bns_crime,460.0,cii_2024,IPCBNS Crimes (StateUT-wise) - 2022-2024.xlsx
Lakshadweep,2022,ipc_bns_crime,64.0,cii_2024,IPCBNS Crimes (StateUT-wise) - 2022-2024.xlsx
Lakshadweep,2023,ipc_bns_crime,76.0,cii_2024,IPCBNS Crimes (StateUT-wise) - 2022-2024.xlsx
Lakshadweep,2024,ipc_bns_crime,47.0,cii_2024,IPCBNS Crimes (StateUT-wise) - 2022-2024.xlsx
Puducherry,2022,ipc_bns_crime,3237.0,cii_2024,IPCBNS Crimes (StateUT-wise) - 2022-2024.xlsx
Puducherry,2023,ipc_bns_crime,3348.0,cii_2024,IPCBNS Crimes (StateUT-wise) - 2022-2024.xlsx
Puducherry,2024,ipc_bns_crime,3515.0,cii_2024,IPCBNS Crimes (StateUT-wise) - 2022-2024.xlsx
Andhra Pradesh,2022,sll_crime,36737.0,cii_2024,SLL Crimes (StateUT-wise) - 2022-2024.xlsx
Andhra Pradesh,2023,sll_crime,30426.0,cii_2024,SLL Crimes (StateUT-wise) - 2022-2024.xlsx
Andhra Pradesh,2024,sll_crime,52712.0,cii_2024,SLL Crimes (StateUT-wise) - 2022-2024.xlsx
Arunachal Pradesh,2022,sll_crime,453.0,cii_2024,SLL Crimes (StateUT-wise) - 2022-2024.xlsx
Arunachal Pradesh,2023,sll_crime,436.0,cii_2024,SLL Crimes (StateUT-wise) - 2022-2024.xlsx
Arunachal Pradesh,2024,sll_crime,431.0,cii_2024,SLL Crimes (StateUT-wise) - 2022-2024.xlsx
Assam,2022,sll_crime,9622.0,cii_2024,SLL Crimes (StateUT-wise) - 2022-2024.xlsx
Assam,2023,sll_crime,15075.0,cii_2024,SLL Crimes (StateUT-wise) - 2022-2024.xlsx
Assam,2024,sll_crime,9736.0,cii_2024,SLL Crimes (StateUT-wise) - 2022-2024.xlsx
Bihar,2022,sll_crime,136756.0,cii_2024,SLL Crimes (StateUT-wise) - 2022-2024.xlsx
Bihar,2023,sll_crime,121875.0,cii_2024,SLL Crimes (StateUT-wise) - 2022-2024.xlsx
Bihar,2024,sll_crime,113402.0,cii_2024,SLL Crimes (StateUT-wise) - 2022-2024.xlsx
Chhattisgarh,2022,sll_crime,47243.0,cii_2024,SLL Crimes (StateUT-wise) - 2022-2024.xlsx
Chhattisgarh,2023,sll_crime,47532.0,cii_2024,SLL Crimes (StateUT-wise) - 2022-2024.xlsx
Chhattisgarh,2024,sll_crime,42248.0,cii_2024,SLL Crimes (StateUT-wise) - 2022-2024.xlsx
Goa,2022,sll_crime,968.0,cii_2024,SLL Crimes (StateUT-wise) - 2022-2024.xlsx
Goa,2023,sll_crime,988.0,cii_2024,SLL Crimes (StateUT-wise) - 2022-2024.xlsx
Goa,2024,sll_crime,1176.0,cii_2024,SLL Crimes (StateUT-wise) - 2022-2024.xlsx
Gujarat,2022,sll_crime,389503.0,cii_2024,SLL Crimes (StateUT-wise) - 2022-2024.xlsx
Gujarat,2023,sll_crime,408222.0,cii_2024,SLL Crimes (StateUT-wise) - 2022-2024.xlsx
Gujarat,2024,sll_crime,449988.0,cii_2024,SLL Crimes (StateUT-wise) - 2022-2024.xlsx
Haryana,2022,sll_crime,117414.0,cii_2024,SLL Crimes (StateUT-wise) - 2022-2024.xlsx
Haryana,2023,sll_crime,94922.0,cii_2024,SLL Crimes (StateUT-wise) - 2022-2024.xlsx
Haryana,2024,sll_crime,64494.0,cii_2024,SLL Crimes (StateUT-wise) - 2022-2024.xlsx
Himachal Pradesh,2022,sll_crime,5822.0,cii_2024,SLL Crimes (StateUT-wise) - 2022-2024.xlsx
Himachal Pradesh,2023,sll_crime,6482.0,cii_2024,SLL Crimes (StateUT-wise) - 2022-2024.xlsx
Himachal Pradesh,2024,sll_crime,5844.0,cii_2024,SLL Crimes (StateUT-wise) - 2022-2024.xlsx
Jharkhand,2022,sll_crime,15633.0,cii_2024,SLL Crimes (StateUT-wise) - 2022-2024.xlsx
Jharkhand,2023,sll_crime,13651.0,cii_2024,SLL Crimes (StateUT-wise) - 2022-2024.xlsx
Jharkhand,2024,sll_crime,13749.0,cii_2024,SLL Crimes (StateUT-wise) - 2022-2024.xlsx
Karnataka,2022,sll_crime,51281.0,cii_2024,SLL Crimes (StateUT-wise) - 2022-2024.xlsx
Karnataka,2023,sll_crime,65586.0,cii_2024,SLL Crimes (StateUT-wise) - 2022-2024.xlsx
Karnataka,2024,sll_crime,59547.0,cii_2024,SLL Crimes (StateUT-wise) - 2022-2024.xlsx
Kerala,2022,sll_crime,218978.0,cii_2024,SLL Crimes (StateUT-wise) - 2022-2024.xlsx
Kerala,2023,sll_crime,325835.0,cii_2024,SLL Crimes (StateUT-wise) - 2022-2024.xlsx
Kerala,2024,sll_crime,315039.0,cii_2024,SLL Crimes (StateUT-wise) - 2022-2024.xlsx
Madhya Pradesh,2022,sll_crime,190388.0,cii_2024,SLL Crimes (StateUT-wise) - 2022-2024.xlsx
Madhya Pradesh,2023,sll_crime,198019.0,cii_2024,SLL Crimes (StateUT-wise) - 2022-2024.xlsx
Madhya Pradesh,2024,sll_crime,152005.0,cii_2024,SLL Crimes (StateUT-wise) - 2022-2024.xlsx
Maharashtra,2022,sll_crime,182974.0,cii_2024,SLL Crimes (StateUT-wise) - 2022-2024.xlsx
Maharashtra,2023,sll_crime,210480.0,cii_2024,SLL Crimes (StateUT-wise) - 2022-2024.xlsx
Maharashtra,2024,sll_crime,226779.0,cii_2024,SLL Crimes (StateUT-wise) - 2022-2024.xlsx
Manipur,2022,sll_crime,885.0,cii_2024,SLL Crimes (StateUT-wise) - 2022-2024.xlsx
Manipur,2023,sll_crime,1091.0,cii_2024,SLL Crimes (StateUT-wise) - 2022-2024.xlsx
Manipur,2024,sll_crime,712.0,cii_2024,SLL Crimes (StateUT-wise) - 2022-2024.xlsx
Meghalaya,2022,sll_crime,711.0,cii_2024,SLL Crimes (StateUT-wise) - 2022-2024.xlsx
Meghalaya,2023,sll_crime,802.0,cii_2024,SLL Crimes (StateUT-wise) - 2022-2024.xlsx
Meghalaya,2024,sll_crime,753.0,cii_2024,SLL Crimes (StateUT-wise) - 2022-2024.xlsx
Mizoram,2022,sll_crime,546.0,cii_2024,SLL Crimes (StateUT-wise) - 2022-2024.xlsx
Mizoram,2023,sll_crime,769.0,cii_2024,SLL Crimes (StateUT-wise) - 2022-2024.xlsx
Mizoram,2024,sll_crime,851.0,cii_2024,SLL Crimes (StateUT-wise) - 2022-2024.xlsx
Nagaland,2022,sll_crime,584.0,cii_2024,SLL Crimes (StateUT-wise) - 2022-2024.xlsx
Nagaland,2023,sll_crime,849.0,cii_2024,SLL Crimes (StateUT-wise) - 2022-2024.xlsx
Nagaland,2024,sll_crime,590.0,cii_2024,SLL Crimes (StateUT-wise) - 2022-2024.xlsx
Odisha,2022,sll_crime,34776.0,cii_2024,SLL Crimes (StateUT-wise) - 2022-2024.xlsx
Odisha,2023,sll_crime,29932.0,cii_2024,SLL Crimes (StateUT-wise) - 2022-2024.xlsx
Odisha,2024,sll_crime,42920.0,cii_2024,SLL Crimes (StateUT-wise) - 2022-2024.xlsx
Punjab,2022,sll_crime,29887.0,cii_2024,SLL Crimes (StateUT-wise) - 2022-2024.xlsx
Punjab,2023,sll_crime,25072.0,cii_2024,SLL Crimes (StateUT-wise) - 2022-2024.xlsx
Punjab,2024,sll_crime,21278.0,cii_2024,SLL Crimes (StateUT-wise) - 2022-2024.xlsx
Rajasthan,2022,sll_crime,76714.0,cii_2024,SLL Crimes (StateUT-wise) - 2022-2024.xlsx
Rajasthan,2023,sll_crime,82495.0,cii_2024,SLL Crimes (StateUT-wise) - 2022-2024.xlsx
Rajasthan,2024,sll_crime,84200.0,cii_2024,SLL Crimes (StateUT-wise) - 2022-2024.xlsx
Sikkim,2022,sll_crime,270.0,cii_2024,SLL Crimes (StateUT-wise) - 2022-2024.xlsx
Sikkim,2023,sll_crime,207.0,cii_2024,SLL Crimes (StateUT-wise) - 2022-2024.xlsx
Sikkim,2024,sll_crime,184.0,cii_2024,SLL Crimes (StateUT-wise) - 2022-2024.xlsx
Tamil Nadu,2022,sll_crime,279543.0,cii_2024,SLL Crimes (StateUT-wise) - 2022-2024.xlsx
Tamil Nadu,2023,sll_crime,335847.0,cii_2024,SLL Crimes (StateUT-wise) - 2022-2024.xlsx
Tamil Nadu,2024,sll_crime,308605.0,cii_2024,SLL Crimes (StateUT-wise) - 2022-2024.xlsx
Telangana,2022,sll_crime,13981.0,cii_2024,SLL Crimes (StateUT-wise) - 2022-2024.xlsx
Telangana,2023,sll_crime,26907.0,cii_2024,SLL Crimes (StateUT-wise) - 2022-2024.xlsx
Telangana,2024,sll_crime,27272.0,cii_2024,SLL Crimes (StateUT-wise) - 2022-2024.xlsx
Tripura,2022,sll_crime,879.0,cii_2024,SLL Crimes (StateUT-wise) - 2022-2024.xlsx
Tripura,2023,sll_crime,1188.0,cii_2024,SLL Crimes (StateUT-wise) - 2022-2024.xlsx
Tripura,2024,sll_crime,1039.0,cii_2024,SLL Crimes (StateUT-wise) - 2022-2024.xlsx
Uttar Pradesh,2022,sll_crime,351888.0,cii_2024,SLL Crimes (StateUT-wise) - 2022-2024.xlsx
Uttar Pradesh,2023,sll_crime,364226.0,cii_2024,SLL Crimes (StateUT-wise) - 2022-2024.xlsx
Uttar Pradesh,2024,sll_crime,277847.0,cii_2024,SLL Crimes (StateUT-wise) - 2022-2024.xlsx
Uttarakhand,2022,sll_crime,17640.0,cii_2024,SLL Crimes (StateUT-wise) - 2022-2024.xlsx
Uttarakhand,2023,sll_crime,16923.0,cii_2024,SLL Crimes (StateUT-wise) - 2022-2024.xlsx
Uttarakhand,2024,sll_crime,15171.0,cii_2024,SLL Crimes (StateUT-wise) - 2022-2024.xlsx
West Bengal,2022,sll_crime,24036.0,cii_2024,SLL Crimes (StateUT-wise) - 2022-2024.xlsx
West Bengal,2023,sll_crime,24035.0,cii_2024,SLL Crimes (StateUT-wise) - 2022-2024.xlsx
West Bengal,2024,sll_crime,22862.0,cii_2024,SLL Crimes (StateUT-wise) - 2022-2024.xlsx
Andaman & Nicobar Islands,2022,sll_crime,1129.0,cii_2024,SLL Crimes (StateUT-wise) - 2022-2024.xlsx
Andaman & Nicobar Islands,2023,sll_crime,1286.0,cii_2024,SLL Crimes (StateUT-wise) - 2022-2024.xlsx
Andaman & Nicobar Islands,2024,sll_crime,1175.0,cii_2024,SLL Crimes (StateUT-wise) - 2022-2024.xlsx
Chandigarh,2022,sll_crime,717.0,cii_2024,SLL Crimes (StateUT-wise) - 2022-2024.xlsx
Chandigarh,2023,sll_crime,900.0,cii_2024,SLL Crimes (StateUT-wise) - 2022-2024.xlsx
Chandigarh,2024,sll_crime,448.0,cii_2024,SLL Crimes (StateUT-wise) - 2022-2024.xlsx
DNH & Daman & Diu,2022,sll_crime,89.0,cii_2024,SLL Crimes (StateUT-wise) - 2022-2024.xlsx
DNH & Daman & Diu,2023,sll_crime,104.0,cii_2024,SLL Crimes (StateUT-wise) - 2022-2024.xlsx
DNH & Daman & Diu,2024,sll_crime,52.0,cii_2024,SLL Crimes (StateUT-wise) - 2022-2024.xlsx
Delhi,2022,sll_crime,19845.0,cii_2024,SLL Crimes (StateUT-wise) - 2022-2024.xlsx
Delhi,2023,sll_crime,20006.0,cii_2024,SLL Crimes (StateUT-wise) - 2022-2024.xlsx
Delhi,2024,sll_crime,22264.0,cii_2024,SLL Crimes (StateUT-wise) - 2022-2024.xlsx
Jammu & Kashmir,2022,sll_crime,4282.0,cii_2024,SLL Crimes (StateUT-wise) - 2022-2024.xlsx
Jammu & Kashmir,2023,sll_crime,4468.0,cii_2024,SLL Crimes (StateUT-wise) - 2022-2024.xlsx
Jammu & Kashmir,2024,sll_crime,3785.0,cii_2024,SLL Crimes (StateUT-wise) - 2022-2024.xlsx
Ladakh,2022,sll_crime,39.0,cii_2024,SLL Crimes (StateUT-wise) - 2022-2024.xlsx
Ladakh,2023,sll_crime,63.0,cii_2024,SLL Crimes (StateUT-wise) - 2022-2024.xlsx
Ladakh,2024,sll_crime,81.0,cii_2024,SLL Crimes (StateUT-wise) - 2022-2024.xlsx
Lakshadweep,2022,sll_crime,33.0,cii_2024,SLL Crimes (StateUT-wise) - 2022-2024.xlsx
Lakshadweep,2023,sll_crime,51.0,cii_2024,SLL Crimes (StateUT-wise) - 2022-2024.xlsx
Lakshadweep,2024,sll_crime,37.0,cii_2024,SLL Crimes (StateUT-wise) - 2022-2024.xlsx
Puducherry,2022,sll_crime,1321.0,cii_2024,SLL Crimes (StateUT-wise) - 2022-2024.xlsx
Puducherry,2023,sll_crime,1717.0,cii_2024,SLL Crimes (StateUT-wise) - 2022-2024.xlsx
Puducherry,2024,sll_crime,1983.0,cii_2024,SLL Crimes (StateUT-wise) - 2022-2024.xlsx
Andhra Pradesh,2022,total_cognizable,195284.0,cii_2024,Total IPCBNS & SLL Crimes  (StateUT-wise) - 2022-2024.xlsx
Andhra Pradesh,2023,total_cognizable,184293.0,cii_2024,Total IPCBNS & SLL Crimes  (StateUT-wise) - 2022-2024.xlsx
Andhra Pradesh,2024,total_cognizable,168788.0,cii_2024,Total IPCBNS & SLL Crimes  (StateUT-wise) - 2022-2024.xlsx
Arunachal Pradesh,2022,total_cognizable,2761.0,cii_2024,Total IPCBNS & SLL Crimes  (StateUT-wise) - 2022-2024.xlsx
Arunachal Pradesh,2023,total_cognizable,2941.0,cii_2024,Total IPCBNS & SLL Crimes  (StateUT-wise) - 2022-2024.xlsx
Arunachal Pradesh,2024,total_cognizable,2910.0,cii_2024,Total IPCBNS & SLL Crimes  (StateUT-wise) - 2022-2024.xlsx
Assam,2022,total_cognizable,68937.0,cii_2024,Total IPCBNS & SLL Crimes  (StateUT-wise) - 2022-2024.xlsx
Assam,2023,total_cognizable,64959.0,cii_2024,Total IPCBNS & SLL Crimes  (StateUT-wise) - 2022-2024.xlsx
Assam,2024,total_cognizable,49552.0,cii_2024,Total IPCBNS & SLL Crimes  (StateUT-wise) - 2022-2024.xlsx
Bihar,2022,total_cognizable,347835.0,cii_2024,Total IPCBNS & SLL Crimes  (StateUT-wise) - 2022-2024.xlsx
Bihar,2023,total_cognizable,353502.0,cii_2024,Total IPCBNS & SLL Crimes  (StateUT-wise) - 2022-2024.xlsx
Bihar,2024,total_cognizable,352155.0,cii_2024,Total IPCBNS & SLL Crimes  (StateUT-wise) - 2022-2024.xlsx
Chhattisgarh,2022,total_cognizable,121065.0,cii_2024,Total IPCBNS & SLL Crimes  (StateUT-wise) - 2022-2024.xlsx
Chhattisgarh,2023,total_cognizable,115493.0,cii_2024,Total IPCBNS & SLL Crimes  (StateUT-wise) - 2022-2024.xlsx
Chhattisgarh,2024,total_cognizable,114658.0,cii_2024,Total IPCBNS & SLL Crimes  (StateUT-wise) - 2022-2024.xlsx
Goa,2022,total_cognizable,3679.0,cii_2024,Total IPCBNS & SLL Crimes  (StateUT-wise) - 2022-2024.xlsx
Goa,2023,total_cognizable,3082.0,cii_2024,Total IPCBNS & SLL Crimes  (StateUT-wise) - 2022-2024.xlsx
Goa,2024,total_cognizable,3297.0,cii_2024,Total IPCBNS & SLL Crimes  (StateUT-wise) - 2022-2024.xlsx
Gujarat,2022,total_cognizable,524103.0,cii_2024,Total IPCBNS & SLL Crimes  (StateUT-wise) - 2022-2024.xlsx
Gujarat,2023,total_cognizable,578879.0,cii_2024,Total IPCBNS & SLL Crimes  (StateUT-wise) - 2022-2024.xlsx
Gujarat,2024,total_cognizable,615407.0,cii_2024,Total IPCBNS & SLL Crimes  (StateUT-wise) - 2022-2024.xlsx
Haryana,2022,total_cognizable,242849.0,cii_2024,Total IPCBNS & SLL Crimes  (StateUT-wise) - 2022-2024.xlsx
Haryana,2023,total_cognizable,224216.0,cii_2024,Total IPCBNS & SLL Crimes  (StateUT-wise) - 2022-2024.xlsx
Haryana,2024,total_cognizable,177595.0,cii_2024,Total IPCBNS & SLL Crimes  (StateUT-wise) - 2022-2024.xlsx
Himachal Pradesh,2022,total_cognizable,19053.0,cii_2024,Total IPCBNS & SLL Crimes  (StateUT-wise) - 2022-2024.xlsx
Himachal Pradesh,2023,total_cognizable,19987.0,cii_2024,Total IPCBNS & SLL Crimes  (StateUT-wise) - 2022-2024.xlsx
Himachal Pradesh,2024,total_cognizable,17915.0,cii_2024,Total IPCBNS & SLL Crimes  (StateUT-wise) - 2022-2024.xlsx
Jharkhand,2022,total_cognizable,64359.0,cii_2024,Total IPCBNS & SLL Crimes  (StateUT-wise) - 2022-2024.xlsx
Jharkhand,2023,total_cognizable,63838.0,cii_2024,Total IPCBNS & SLL Crimes  (StateUT-wise) - 2022-2024.xlsx
Jharkhand,2024,total_cognizable,60999.0,cii_2024,Total IPCBNS & SLL Crimes  (StateUT-wise) - 2022-2024.xlsx
Karnataka,2022,total_cognizable,180742.0,cii_2024,Total IPCBNS & SLL Crimes  (StateUT-wise) - 2022-2024.xlsx
Karnataka,2023,total_cognizable,214234.0,cii_2024,Total IPCBNS & SLL Crimes  (StateUT-wise) - 2022-2024.xlsx
Karnataka,2024,total_cognizable,198331.0,cii_2024,Total IPCBNS & SLL Crimes  (StateUT-wise) - 2022-2024.xlsx
Kerala,2022,total_cognizable,454836.0,cii_2024,Total IPCBNS & SLL Crimes  (StateUT-wise) - 2022-2024.xlsx
Kerala,2023,total_cognizable,584373.0,cii_2024,Total IPCBNS & SLL Crimes  (StateUT-wise) - 2022-2024.xlsx
Kerala,2024,total_cognizable,499567.0,cii_2024,Total IPCBNS & SLL Crimes  (StateUT-wise) - 2022-2024.xlsx
Madhya Pradesh,2022,total_cognizable,488966.0,cii_2024,Total IPCBNS & SLL Crimes  (StateUT-wise) - 2022-2024.xlsx
Madhya Pradesh,2023,total_cognizable,495708.0,cii_2024,Total IPCBNS & SLL Crimes  (StateUT-wise) - 2022-2024.xlsx
Madhya Pradesh,2024,total_cognizable,434879.0,cii_2024,Total IPCBNS & SLL Crimes  (StateUT-wise) - 2022-2024.xlsx
Maharashtra,2022,total_cognizable,557012.0,cii_2024,Total IPCBNS & SLL Crimes  (StateUT-wise) - 2022-2024.xlsx
Maharashtra,2023,total_cognizable,596103.0,cii_2024,Total IPCBNS & SLL Crimes  (StateUT-wise) - 2022-2024.xlsx
Maharashtra,2024,total_cognizable,609823.0,cii_2024,Total IPCBNS & SLL Crimes  (StateUT-wise) - 2022-2024.xlsx
Manipur,2022,total_cognizable,3914.0,cii_2024,Total IPCBNS & SLL Crimes  (StateUT-wise) - 2022-2024.xlsx
Manipur,2023,total_cognizable,20283.0,cii_2024,Total IPCBNS & SLL Crimes  (StateUT-wise) - 2022-2024.xlsx
Manipur,2024,total_cognizable,5284.0,cii_2024,Total IPCBNS & SLL Crimes  (StateUT-wise) - 2022-2024.xlsx
Meghalaya,2022,total_cognizable,3625.0,cii_2024,Total IPCBNS & SLL Crimes  (StateUT-wise) - 2022-2024.xlsx
Meghalaya,2023,total_cognizable,3532.0,cii_2024,Total IPCBNS & SLL Crimes  (StateUT-wise) - 2022-2024.xlsx
Meghalaya,2024,total_cognizable,3986.0,cii_2024,Total IPCBNS & SLL Crimes  (StateUT-wise) - 2022-2024.xlsx
Mizoram,2022,total_cognizable,4133.0,cii_2024,Total IPCBNS & SLL Crimes  (StateUT-wise) - 2022-2024.xlsx
Mizoram,2023,total_cognizable,4050.0,cii_2024,Total IPCBNS & SLL Crimes  (StateUT-wise) - 2022-2024.xlsx
Mizoram,2024,total_cognizable,3552.0,cii_2024,Total IPCBNS & SLL Crimes  (StateUT-wise) - 2022-2024.xlsx
Nagaland,2022,total_cognizable,1592.0,cii_2024,Total IPCBNS & SLL Crimes  (StateUT-wise) - 2022-2024.xlsx
Nagaland,2023,total_cognizable,1899.0,cii_2024,Total IPCBNS & SLL Crimes  (StateUT-wise) - 2022-2024.xlsx
Nagaland,2024,total_cognizable,1392.0,cii_2024,Total IPCBNS & SLL Crimes  (StateUT-wise) - 2022-2024.xlsx
Odisha,2022,total_cognizable,178190.0,cii_2024,Total IPCBNS & SLL Crimes  (StateUT-wise) - 2022-2024.xlsx
Odisha,2023,total_cognizable,199954.0,cii_2024,Total IPCBNS & SLL Crimes  (StateUT-wise) - 2022-2024.xlsx
Odisha,2024,total_cognizable,214113.0,cii_2024,Total IPCBNS & SLL Crimes  (StateUT-wise) - 2022-2024.xlsx
Punjab,2022,total_cognizable,73625.0,cii_2024,Total IPCBNS & SLL Crimes  (StateUT-wise) - 2022-2024.xlsx
Punjab,2023,total_cognizable,69944.0,cii_2024,Total IPCBNS & SLL Crimes  (StateUT-wise) - 2022-2024.xlsx
Punjab,2024,total_cognizable,68955.0,cii_2024,Total IPCBNS & SLL Crimes  (StateUT-wise) - 2022-2024.xlsx
Rajasthan,2022,total_cognizable,312804.0,cii_2024,Total IPCBNS & SLL Crimes  (StateUT-wise) - 2022-2024.xlsx
Rajasthan,2023,total_cognizable,317480.0,cii_2024,Total IPCBNS & SLL Crimes  (StateUT-wise) - 2022-2024.xlsx
Rajasthan,2024,total_cognizable,297552.0,cii_2024,Total IPCBNS & SLL Crimes  (StateUT-wise) - 2022-2024.xlsx
Sikkim,2022,total_cognizable,819.0,cii_2024,Total IPCBNS & SLL Crimes  (StateUT-wise) - 2022-2024.xlsx
Sikkim,2023,total_cognizable,718.0,cii_2024,Total IPCBNS & SLL Crimes  (StateUT-wise) - 2022-2024.xlsx
Sikkim,2024,total_cognizable,691.0,cii_2024,Total IPCBNS & SLL Crimes  (StateUT-wise) - 2022-2024.xlsx
Tamil Nadu,2022,total_cognizable,473456.0,cii_2024,Total IPCBNS & SLL Crimes  (StateUT-wise) - 2022-2024.xlsx
Tamil Nadu,2023,total_cognizable,539651.0,cii_2024,Total IPCBNS & SLL Crimes  (StateUT-wise) - 2022-2024.xlsx
Tamil Nadu,2024,total_cognizable,505754.0,cii_2024,Total IPCBNS & SLL Crimes  (StateUT-wise) - 2022-2024.xlsx
Telangana,2022,total_cognizable,165830.0,cii_2024,Total IPCBNS & SLL Crimes  (StateUT-wise) - 2022-2024.xlsx
Telangana,2023,total_cognizable,183644.0,cii_2024,Total IPCBNS & SLL Crimes  (StateUT-wise) - 2022-2024.xlsx
Telangana,2024,total_cognizable,217976.0,cii_2024,Total IPCBNS & SLL Crimes  (StateUT-wise) - 2022-2024.xlsx
Tripura,2022,total_cognizable,4532.0,cii_2024,Total IPCBNS & SLL Crimes  (StateUT-wise) - 2022-2024.xlsx
Tripura,2023,total_cognizable,5002.0,cii_2024,Total IPCBNS & SLL Crimes  (StateUT-wise) - 2022-2024.xlsx
Tripura,2024,total_cognizable,4033.0,cii_2024,Total IPCBNS & SLL Crimes  (StateUT-wise) - 2022-2024.xlsx
Uttar Pradesh,2022,total_cognizable,753675.0,cii_2024,Total IPCBNS & SLL Crimes  (StateUT-wise) - 2022-2024.xlsx
Uttar Pradesh,2023,total_cognizable,793020.0,cii_2024,Total IPCBNS & SLL Crimes  (StateUT-wise) - 2022-2024.xlsx
Uttar Pradesh,2024,total_cognizable,708399.0,cii_2024,Total IPCBNS & SLL Crimes  (StateUT-wise) - 2022-2024.xlsx
Uttarakhand,2022,total_cognizable,34607.0,cii_2024,Total IPCBNS & SLL Crimes  (StateUT-wise) - 2022-2024.xlsx
Uttarakhand,2023,total_cognizable,34017.0,cii_2024,Total IPCBNS & SLL Crimes  (StateUT-wise) - 2022-2024.xlsx
Uttarakhand,2024,total_cognizable,31024.0,cii_2024,Total IPCBNS & SLL Crimes  (StateUT-wise) - 2022-2024.xlsx
West Bengal,2022,total_cognizable,180539.0,cii_2024,Total IPCBNS & SLL Crimes  (StateUT-wise) - 2022-2024.xlsx
West Bengal,2023,total_cognizable,180272.0,cii_2024,Total IPCBNS & SLL Crimes  (StateUT-wise) - 2022-2024.xlsx
West Bengal,2024,total_cognizable,180771.0,cii_2024,Total IPCBNS & SLL Crimes  (StateUT-wise) - 2022-2024.xlsx
Andaman & Nicobar Islands,2022,total_cognizable,1589.0,cii_2024,Total IPCBNS & SLL Crimes  (StateUT-wise) - 2022-2024.xlsx
Andaman & Nicobar Islands,2023,total_cognizable,1873.0,cii_2024,Total IPCBNS & SLL Crimes  (StateUT-wise) - 2022-2024.xlsx
Andaman & Nicobar Islands,2024,total_cognizable,1697.0,cii_2024,Total IPCBNS & SLL Crimes  (StateUT-wise) - 2022-2024.xlsx
Chandigarh,2022,total_cognizable,3658.0,cii_2024,Total IPCBNS & SLL Crimes  (StateUT-wise) - 2022-2024.xlsx
Chandigarh,2023,total_cognizable,4185.0,cii_2024,Total IPCBNS & SLL Crimes  (StateUT-wise) - 2022-2024.xlsx
Chandigarh,2024,total_cognizable,4069.0,cii_2024,Total IPCBNS & SLL Crimes  (StateUT-wise) - 2022-2024.xlsx
DNH & Daman & Diu,2022,total_cognizable,1273.0,cii_2024,Total IPCBNS & SLL Crimes  (StateUT-wise) - 2022-2024.xlsx
DNH & Daman & Diu,2023,total_cognizable,865.0,cii_2024,Total IPCBNS & SLL Crimes  (StateUT-wise) - 2022-2024.xlsx
DNH & Daman & Diu,2024,total_cognizable,592.0,cii_2024,Total IPCBNS & SLL Crimes  (StateUT-wise) - 2022-2024.xlsx
Delhi,2022,total_cognizable,320274.0,cii_2024,Total IPCBNS & SLL Crimes  (StateUT-wise) - 2022-2024.xlsx
Delhi,2023,total_cognizable,344263.0,cii_2024,Total IPCBNS & SLL Crimes  (StateUT-wise) - 2022-2024.xlsx
Delhi,2024,total_cognizable,297666.0,cii_2024,Total IPCBNS & SLL Crimes  (StateUT-wise) - 2022-2024.xlsx
Jammu & Kashmir,2022,total_cognizable,30197.0,cii_2024,Total IPCBNS & SLL Crimes  (StateUT-wise) - 2022-2024.xlsx
Jammu & Kashmir,2023,total_cognizable,29595.0,cii_2024,Total IPCBNS & SLL Crimes  (StateUT-wise) - 2022-2024.xlsx
Jammu & Kashmir,2024,total_cognizable,26362.0,cii_2024,Total IPCBNS & SLL Crimes  (StateUT-wise) - 2022-2024.xlsx
Ladakh,2022,total_cognizable,478.0,cii_2024,Total IPCBNS & SLL Crimes  (StateUT-wise) - 2022-2024.xlsx
Ladakh,2023,total_cognizable,522.0,cii_2024,Total IPCBNS & SLL Crimes  (StateUT-wise) - 2022-2024.xlsx
Ladakh,2024,total_cognizable,541.0,cii_2024,Total IPCBNS & SLL Crimes  (StateUT-wise) - 2022-2024.xlsx
Lakshadweep,2022,total_cognizable,97.0,cii_2024,Total IPCBNS & SLL Crimes  (StateUT-wise) - 2022-2024.xlsx
Lakshadweep,2023,total_cognizable,127.0,cii_2024,Total IPCBNS & SLL Crimes  (StateUT-wise) - 2022-2024.xlsx
Lakshadweep,2024,total_cognizable,84.0,cii_2024,Total IPCBNS & SLL Crimes  (StateUT-wise) - 2022-2024.xlsx
Puducherry,2022,total_cognizable,4558.0,cii_2024,Total IPCBNS & SLL Crimes  (StateUT-wise) - 2022-2024.xlsx
Puducherry,2023,total_cognizable,5065.0,cii_2024,Total IPCBNS & SLL Crimes  (StateUT-wise) - 2022-2024.xlsx
Puducherry,2024,total_cognizable,5498.0,cii_2024,Total IPCBNS & SLL Crimes  (StateUT-wise) - 2022-2024.xlsx
Andhra Pradesh,2022,violent_crime,7104.0,cii_2024,Violent Crimes (Incidence & Crime Rate) - 2022-2024.xlsx
Andhra Pradesh,2023,violent_crime,6432.0,cii_2024,Violent Crimes (Incidence & Crime Rate) - 2022-2024.xlsx
Andhra Pradesh,2024,violent_crime,27443.0,cii_2024,Violent Crimes (Incidence & Crime Rate) - 2022-2024.xlsx
Arunachal Pradesh,2022,violent_crime,440.0,cii_2024,Violent Crimes (Incidence & Crime Rate) - 2022-2024.xlsx
Arunachal Pradesh,2023,violent_crime,454.0,cii_2024,Violent Crimes (Incidence & Crime Rate) - 2022-2024.xlsx
Arunachal Pradesh,2024,violent_crime,508.0,cii_2024,Violent Crimes (Incidence & Crime Rate) - 2022-2024.xlsx
Assam,2022,violent_crime,14314.0,cii_2024,Violent Crimes (Incidence & Crime Rate) - 2022-2024.xlsx
Assam,2023,violent_crime,11552.0,cii_2024,Violent Crimes (Incidence & Crime Rate) - 2022-2024.xlsx
Assam,2024,violent_crime,9556.0,cii_2024,Violent Crimes (Incidence & Crime Rate) - 2022-2024.xlsx
Bihar,2022,violent_crime,49610.0,cii_2024,Violent Crimes (Incidence & Crime Rate) - 2022-2024.xlsx
Bihar,2023,violent_crime,52165.0,cii_2024,Violent Crimes (Incidence & Crime Rate) - 2022-2024.xlsx
Bihar,2024,violent_crime,107303.0,cii_2024,Violent Crimes (Incidence & Crime Rate) - 2022-2024.xlsx
Chhattisgarh,2022,violent_crime,8848.0,cii_2024,Violent Crimes (Incidence & Crime Rate) - 2022-2024.xlsx
Chhattisgarh,2023,violent_crime,8602.0,cii_2024,Violent Crimes (Incidence & Crime Rate) - 2022-2024.xlsx
Chhattisgarh,2024,violent_crime,16715.0,cii_2024,Violent Crimes (Incidence & Crime Rate) - 2022-2024.xlsx
Goa,2022,violent_crime,396.0,cii_2024,Violent Crimes (Incidence & Crime Rate) - 2022-2024.xlsx
Goa,2023,violent_crime,363.0,cii_2024,Violent Crimes (Incidence & Crime Rate) - 2022-2024.xlsx
Goa,2024,violent_crime,607.0,cii_2024,Violent Crimes (Incidence & Crime Rate) - 2022-2024.xlsx
Gujarat,2022,violent_crime,9015.0,cii_2024,Violent Crimes (Incidence & Crime Rate) - 2022-2024.xlsx
Gujarat,2023,violent_crime,8976.0,cii_2024,Violent Crimes (Incidence & Crime Rate) - 2022-2024.xlsx
Gujarat,2024,violent_crime,11967.0,cii_2024,Violent Crimes (Incidence & Crime Rate) - 2022-2024.xlsx
Haryana,2022,violent_crime,13447.0,cii_2024,Violent Crimes (Incidence & Crime Rate) - 2022-2024.xlsx
Haryana,2023,violent_crime,14726.0,cii_2024,Violent Crimes (Incidence & Crime Rate) - 2022-2024.xlsx
Haryana,2024,violent_crime,14797.0,cii_2024,Violent Crimes (Incidence & Crime Rate) - 2022-2024.xlsx
Himachal Pradesh,2022,violent_crime,1858.0,cii_2024,Violent Crimes (Incidence & Crime Rate) - 2022-2024.xlsx
Himachal Pradesh,2023,violent_crime,1869.0,cii_2024,Violent Crimes (Incidence & Crime Rate) - 2022-2024.xlsx
Himachal Pradesh,2024,violent_crime,2091.0,cii_2024,Violent Crimes (Incidence & Crime Rate) - 2022-2024.xlsx
Jharkhand,2022,violent_crime,13323.0,cii_2024,Violent Crimes (Incidence & Crime Rate) - 2022-2024.xlsx
Jharkhand,2023,violent_crime,12374.0,cii_2024,Violent Crimes (Incidence & Crime Rate) - 2022-2024.xlsx
Jharkhand,2024,violent_crime,15016.0,cii_2024,Violent Crimes (Incidence & Crime Rate) - 2022-2024.xlsx
Karnataka,2022,violent_crime,17091.0,cii_2024,Violent Crimes (Incidence & Crime Rate) - 2022-2024.xlsx
Karnataka,2023,violent_crime,17902.0,cii_2024,Violent Crimes (Incidence & Crime Rate) - 2022-2024.xlsx
Karnataka,2024,violent_crime,31223.0,cii_2024,Violent Crimes (Incidence & Crime Rate) - 2022-2024.xlsx
Kerala,2022,violent_crime,9462.0,cii_2024,Violent Crimes (Incidence & Crime Rate) - 2022-2024.xlsx
Kerala,2023,violent_crime,10255.0,cii_2024,Violent Crimes (Incidence & Crime Rate) - 2022-2024.xlsx
Kerala,2024,violent_crime,18865.0,cii_2024,Violent Crimes (Incidence & Crime Rate) - 2022-2024.xlsx
Madhya Pradesh,2022,violent_crime,27118.0,cii_2024,Violent Crimes (Incidence & Crime Rate) - 2022-2024.xlsx
Madhya Pradesh,2023,violent_crime,27927.0,cii_2024,Violent Crimes (Incidence & Crime Rate) - 2022-2024.xlsx
Madhya Pradesh,2024,violent_crime,57298.0,cii_2024,Violent Crimes (Incidence & Crime Rate) - 2022-2024.xlsx
Maharashtra,2022,violent_crime,45358.0,cii_2024,Violent Crimes (Incidence & Crime Rate) - 2022-2024.xlsx
Maharashtra,2023,violent_crime,46249.0,cii_2024,Violent Crimes (Incidence & Crime Rate) - 2022-2024.xlsx
Maharashtra,2024,violent_crime,87791.0,cii_2024,Violent Crimes (Incidence & Crime Rate) - 2022-2024.xlsx
Manipur,2022,violent_crime,631.0,cii_2024,Violent Crimes (Incidence & Crime Rate) - 2022-2024.xlsx
Manipur,2023,violent_crime,14427.0,cii_2024,Violent Crimes (Incidence & Crime Rate) - 2022-2024.xlsx
Manipur,2024,violent_crime,1614.0,cii_2024,Violent Crimes (Incidence & Crime Rate) - 2022-2024.xlsx
Meghalaya,2022,violent_crime,571.0,cii_2024,Violent Crimes (Incidence & Crime Rate) - 2022-2024.xlsx
Meghalaya,2023,violent_crime,483.0,cii_2024,Violent Crimes (Incidence & Crime Rate) - 2022-2024.xlsx
Meghalaya,2024,violent_crime,497.0,cii_2024,Violent Crimes (Incidence & Crime Rate) - 2022-2024.xlsx
Mizoram,2022,violent_crime,187.0,cii_2024,Violent Crimes (Incidence & Crime Rate) - 2022-2024.xlsx
Mizoram,2023,violent_crime,173.0,cii_2024,Violent Crimes (Incidence & Crime Rate) - 2022-2024.xlsx
Mizoram,2024,violent_crime,232.0,cii_2024,Violent Crimes (Incidence & Crime Rate) - 2022-2024.xlsx
Nagaland,2022,violent_crime,121.0,cii_2024,Violent Crimes (Incidence & Crime Rate) - 2022-2024.xlsx
Nagaland,2023,violent_crime,146.0,cii_2024,Violent Crimes (Incidence & Crime Rate) - 2022-2024.xlsx
Nagaland,2024,violent_crime,125.0,cii_2024,Violent Crimes (Incidence & Crime Rate) - 2022-2024.xlsx
Odisha,2022,violent_crime,43566.0,cii_2024,Violent Crimes (Incidence & Crime Rate) - 2022-2024.xlsx
Odisha,2023,violent_crime,31749.0,cii_2024,Violent Crimes (Incidence & Crime Rate) - 2022-2024.xlsx
Odisha,2024,violent_crime,75403.0,cii_2024,Violent Crimes (Incidence & Crime Rate) - 2022-2024.xlsx
Punjab,2022,violent_crime,6230.0,cii_2024,Violent Crimes (Incidence & Crime Rate) - 2022-2024.xlsx
Punjab,2023,violent_crime,6193.0,cii_2024,Violent Crimes (Incidence & Crime Rate) - 2022-2024.xlsx
Punjab,2024,violent_crime,7758.0,cii_2024,Violent Crimes (Incidence & Crime Rate) - 2022-2024.xlsx
Rajasthan,2022,violent_crime,24183.0,cii_2024,Violent Crimes (Incidence & Crime Rate) - 2022-2024.xlsx
Rajasthan,2023,violent_crime,24659.0,cii_2024,Violent Crimes (Incidence & Crime Rate) - 2022-2024.xlsx
Rajasthan,2024,violent_crime,32875.0,cii_2024,Violent Crimes (Incidence & Crime Rate) - 2022-2024.xlsx
Sikkim,2022,violent_crime,149.0,cii_2024,Violent Crimes (Incidence & Crime Rate) - 2022-2024.xlsx
Sikkim,2023,violent_crime,107.0,cii_2024,Violent Crimes (Incidence & Crime Rate) - 2022-2024.xlsx
Sikkim,2024,violent_crime,150.0,cii_2024,Violent Crimes (Incidence & Crime Rate) - 2022-2024.xlsx
Tamil Nadu,2022,violent_crime,12325.0,cii_2024,Violent Crimes (Incidence & Crime Rate) - 2022-2024.xlsx
Tamil Nadu,2023,violent_crime,11302.0,cii_2024,Violent Crimes (Incidence & Crime Rate) - 2022-2024.xlsx
Tamil Nadu,2024,violent_crime,36657.0,cii_2024,Violent Crimes (Incidence & Crime Rate) - 2022-2024.xlsx
Telangana,2022,violent_crime,9673.0,cii_2024,Violent Crimes (Incidence & Crime Rate) - 2022-2024.xlsx
Telangana,2023,violent_crime,10069.0,cii_2024,Violent Crimes (Incidence & Crime Rate) - 2022-2024.xlsx
Telangana,2024,violent_crime,27447.0,cii_2024,Violent Crimes (Incidence & Crime Rate) - 2022-2024.xlsx
Tripura,2022,violent_crime,1327.0,cii_2024,Violent Crimes (Incidence & Crime Rate) - 2022-2024.xlsx
Tripura,2023,violent_crime,1541.0,cii_2024,Violent Crimes (Incidence & Crime Rate) - 2022-2024.xlsx
Tripura,2024,violent_crime,1181.0,cii_2024,Violent Crimes (Incidence & Crime Rate) - 2022-2024.xlsx
Uttar Pradesh,2022,violent_crime,52579.0,cii_2024,Violent Crimes (Incidence & Crime Rate) - 2022-2024.xlsx
Uttar Pradesh,2023,violent_crime,49453.0,cii_2024,Violent Crimes (Incidence & Crime Rate) - 2022-2024.xlsx
Uttar Pradesh,2024,violent_crime,85647.0,cii_2024,Violent Crimes (Incidence & Crime Rate) - 2022-2024.xlsx
Uttarakhand,2022,violent_crime,3923.0,cii_2024,Violent Crimes (Incidence & Crime Rate) - 2022-2024.xlsx
Uttarakhand,2023,violent_crime,3570.0,cii_2024,Violent Crimes (Incidence & Crime Rate) - 2022-2024.xlsx
Uttarakhand,2024,violent_crime,3951.0,cii_2024,Violent Crimes (Incidence & Crime Rate) - 2022-2024.xlsx
West Bengal,2022,violent_crime,46241.0,cii_2024,Violent Crimes (Incidence & Crime Rate) - 2022-2024.xlsx
West Bengal,2023,violent_crime,46838.0,cii_2024,Violent Crimes (Incidence & Crime Rate) - 2022-2024.xlsx
West Bengal,2024,violent_crime,51244.0,cii_2024,Violent Crimes (Incidence & Crime Rate) - 2022-2024.xlsx
Andaman & Nicobar Islands,2022,violent_crime,99.0,cii_2024,Violent Crimes (Incidence & Crime Rate) - 2022-2024.xlsx
Andaman & Nicobar Islands,2023,violent_crime,122.0,cii_2024,Violent Crimes (Incidence & Crime Rate) - 2022-2024.xlsx
Andaman & Nicobar Islands,2024,violent_crime,119.0,cii_2024,Violent Crimes (Incidence & Crime Rate) - 2022-2024.xlsx
Chandigarh,2022,violent_crime,344.0,cii_2024,Violent Crimes (Incidence & Crime Rate) - 2022-2024.xlsx
Chandigarh,2023,violent_crime,385.0,cii_2024,Violent Crimes (Incidence & Crime Rate) - 2022-2024.xlsx
Chandigarh,2024,violent_crime,534.0,cii_2024,Violent Crimes (Incidence & Crime Rate) - 2022-2024.xlsx
DNH & Daman & Diu,2022,violent_crime,146.0,cii_2024,Violent Crimes (Incidence & Crime Rate) - 2022-2024.xlsx
DNH & Daman & Diu,2023,violent_crime,138.0,cii_2024,Violent Crimes (Incidence & Crime Rate) - 2022-2024.xlsx
DNH & Daman & Diu,2024,violent_crime,116.0,cii_2024,Violent Crimes (Incidence & Crime Rate) - 2022-2024.xlsx
Delhi,2022,violent_crime,11477.0,cii_2024,Violent Crimes (Incidence & Crime Rate) - 2022-2024.xlsx
Delhi,2023,violent_crime,11072.0,cii_2024,Violent Crimes (Incidence & Crime Rate) - 2022-2024.xlsx
Delhi,2024,violent_crime,12569.0,cii_2024,Violent Crimes (Incidence & Crime Rate) - 2022-2024.xlsx
Jammu & Kashmir,2022,violent_crime,2715.0,cii_2024,Violent Crimes (Incidence & Crime Rate) - 2022-2024.xlsx
Jammu & Kashmir,2023,violent_crime,2446.0,cii_2024,Violent Crimes (Incidence & Crime Rate) - 2022-2024.xlsx
Jammu & Kashmir,2024,violent_crime,2519.0,cii_2024,Violent Crimes (Incidence & Crime Rate) - 2022-2024.xlsx
Ladakh,2022,violent_crime,33.0,cii_2024,Violent Crimes (Incidence & Crime Rate) - 2022-2024.xlsx
Ladakh,2023,violent_crime,16.0,cii_2024,Violent Crimes (Incidence & Crime Rate) - 2022-2024.xlsx
Ladakh,2024,violent_crime,35.0,cii_2024,Violent Crimes (Incidence & Crime Rate) - 2022-2024.xlsx
Lakshadweep,2022,violent_crime,5.0,cii_2024,Violent Crimes (Incidence & Crime Rate) - 2022-2024.xlsx
Lakshadweep,2023,violent_crime,5.0,cii_2024,Violent Crimes (Incidence & Crime Rate) - 2022-2024.xlsx
Lakshadweep,2024,violent_crime,8.0,cii_2024,Violent Crimes (Incidence & Crime Rate) - 2022-2024.xlsx
Puducherry,2022,violent_crime,199.0,cii_2024,Violent Crimes (Incidence & Crime Rate) - 2022-2024.xlsx
Puducherry,2023,violent_crime,247.0,cii_2024,Violent Crimes (Incidence & Crime Rate) - 2022-2024.xlsx
Puducherry,2024,violent_crime,784.0,cii_2024,Violent Crimes (Incidence & Crime Rate) - 2022-2024.xlsx
